# Blender 3.6.0
# www.blender.org
mtllib mustang_rueda.mtl
o Rueda
v -0.483011 0.085871 -0.611504
v -0.421532 0.052349 -0.611504
v -0.452272 0.043968 -0.611504
v -0.421041 -0.102242 -0.611504
v -0.451780 -0.110623 -0.611504
v -0.482519 -0.068720 -0.611504
v -0.451780 -0.060340 -0.611504
v -0.487622 0.069110 -0.611503
v -0.469947 0.093204 -0.611503
v -0.416921 0.069109 -0.611504
v -0.469947 0.045016 -0.611504
v -0.434596 0.045015 -0.611504
v -0.452272 0.069110 -0.611503
v -0.416430 -0.085481 -0.611504
v -0.434105 -0.109575 -0.611504
v -0.487130 -0.085481 -0.611504
v -0.469455 -0.061387 -0.611504
v -0.451780 -0.085481 -0.611504
v -0.470459 0.069109 -0.611504
v -0.434085 0.069109 -0.611504
v -0.469967 -0.085481 -0.611504
v -0.433592 -0.085481 -0.611504
v -0.403660 0.006850 -0.084876
v -0.403660 -0.023221 -0.084876
v -0.431234 0.014367 -0.084876
v -0.431234 -0.030739 -0.084876
v -0.503194 0.017921 -0.273720
v -0.457149 0.027185 -0.326335
v -0.457078 -0.043556 -0.326335
v -0.503194 -0.034293 -0.273719
v -0.477602 0.042094 -0.372858
v -0.468403 -0.008185 -0.311488
v -0.477477 -0.058465 -0.372859
v -0.517585 -0.008185 -0.311488
v -0.483506 -0.008185 -0.380973
v -0.452272 0.094251 -0.611503
v -0.421532 0.085871 -0.611504
v -0.483011 0.052349 -0.611504
v -0.483011 0.085871 -0.611504
v -0.421532 0.052349 -0.611504
v -0.452272 0.043968 -0.611504
v -0.421041 -0.068720 -0.611504
v -0.421041 -0.102242 -0.611504
v -0.451780 -0.110623 -0.611504
v -0.482519 -0.102242 -0.611504
v -0.482519 -0.068720 -0.611504
v -0.451780 -0.060340 -0.611504
v -0.404499 -0.094621 -0.033001
v -0.404499 -0.103914 -0.004401
v -0.432074 -0.092299 -0.040150
v -0.432074 -0.106237 0.002749
v -0.504033 -0.270801 -0.101886
v -0.457988 -0.317979 -0.126955
v -0.457916 -0.339839 -0.059676
v -0.504033 -0.286936 -0.052228
v -0.478441 -0.357619 -0.155510
v -0.469242 -0.314789 -0.088728
v -0.478316 -0.388693 -0.059874
v -0.518425 -0.314789 -0.088728
v -0.484345 -0.380873 -0.110200
v -0.453110 -0.568466 -0.278861
v -0.422371 -0.571056 -0.270890
v -0.483850 -0.581415 -0.239009
v -0.483850 -0.571056 -0.270890
v -0.422371 -0.581415 -0.239009
v -0.453110 -0.584005 -0.231039
v -0.421879 -0.618827 -0.123866
v -0.421880 -0.629186 -0.091985
v -0.452619 -0.631776 -0.084014
v -0.483358 -0.629186 -0.091985
v -0.483358 -0.618827 -0.123866
v -0.452619 -0.616237 -0.131836
v -0.405338 -0.076641 0.079535
v -0.405338 -0.052314 0.097210
v -0.432912 -0.082724 0.075117
v -0.432912 -0.046232 0.101630
v -0.504872 -0.196599 0.225805
v -0.458827 -0.235019 0.262927
v -0.458755 -0.177788 0.304508
v -0.504872 -0.154357 0.256496
v -0.479280 -0.274426 0.291802
v -0.470081 -0.197677 0.271707
v -0.479155 -0.193073 0.350910
v -0.519263 -0.197677 0.271707
v -0.485183 -0.238519 0.327920
v -0.453949 -0.456895 0.454214
v -0.423210 -0.450115 0.459139
v -0.484688 -0.422995 0.478843
v -0.484688 -0.450115 0.459139
v -0.423210 -0.422995 0.478844
v -0.453949 -0.416215 0.483769
v -0.422719 -0.325049 0.550005
v -0.422719 -0.297929 0.569708
v -0.453457 -0.291149 0.574635
v -0.484197 -0.297929 0.569710
v -0.484197 -0.325049 0.550005
v -0.453457 -0.331828 0.545079
v -0.406177 0.035942 0.097210
v -0.406177 0.060270 0.079535
v -0.433751 0.029860 0.101629
v -0.433751 0.066352 0.075117
v -0.505710 0.137985 0.256496
v -0.459665 0.161417 0.304508
v -0.459594 0.218648 0.262927
v -0.505710 0.180227 0.225806
v -0.480118 0.176702 0.350909
v -0.470919 0.181306 0.271707
v -0.479993 0.258055 0.291801
v -0.520102 0.181306 0.271707
v -0.486022 0.222148 0.327921
v -0.454788 0.274778 0.574635
v -0.424049 0.281557 0.569709
v -0.485527 0.308677 0.550004
v -0.485527 0.281557 0.569708
v -0.424049 0.308678 0.550005
v -0.454788 0.315457 0.545079
v -0.423557 0.406624 0.478843
v -0.423557 0.433743 0.459138
v -0.454296 0.440524 0.454214
v -0.485036 0.433744 0.459139
v -0.485036 0.406623 0.478842
v -0.454296 0.399844 0.483769
v -0.407015 0.087543 -0.004401
v -0.407015 0.078250 -0.033001
v -0.434590 0.089866 0.002749
v -0.434590 0.075927 -0.040150
v -0.506549 0.270565 -0.052228
v -0.460504 0.323468 -0.059676
v -0.460433 0.301607 -0.126956
v -0.506549 0.254430 -0.101886
v -0.480957 0.372322 -0.059874
v -0.471758 0.298418 -0.088727
v -0.480832 0.341247 -0.155511
v -0.520941 0.298418 -0.088727
v -0.486861 0.364501 -0.110200
v -0.455627 0.615404 -0.084014
v -0.424887 0.612815 -0.091985
v -0.486366 0.602456 -0.123867
v -0.486366 0.612814 -0.091986
v -0.424887 0.602456 -0.123867
v -0.455627 0.599866 -0.131836
v -0.424396 0.565044 -0.239009
v -0.424396 0.554684 -0.270891
v -0.455135 0.552095 -0.278861
v -0.485874 0.554685 -0.270891
v -0.485874 0.565043 -0.239009
v -0.455135 0.567633 -0.231039
v -0.403660 -0.052314 -0.075423
v -0.403660 -0.076642 -0.057748
v -0.431234 -0.046232 -0.079842
v -0.431234 -0.082724 -0.053329
v -0.503194 -0.154356 -0.234709
v -0.457149 -0.177788 -0.282720
v -0.457078 -0.235019 -0.241139
v -0.503194 -0.196598 -0.204018
v -0.477602 -0.193072 -0.329121
v -0.468403 -0.197677 -0.249918
v -0.477477 -0.274426 -0.270015
v -0.517585 -0.197677 -0.249918
v -0.483506 -0.238519 -0.306133
v -0.452272 -0.291149 -0.552847
v -0.421532 -0.297928 -0.547921
v -0.483011 -0.325049 -0.528218
v -0.483011 -0.297929 -0.547922
v -0.421532 -0.325049 -0.528217
v -0.452272 -0.331829 -0.523291
v -0.421041 -0.422995 -0.457055
v -0.421041 -0.450115 -0.437352
v -0.451780 -0.456895 -0.432426
v -0.482519 -0.450115 -0.437351
v -0.482519 -0.422995 -0.457056
v -0.451780 -0.416215 -0.461981
v -0.404499 -0.103914 0.026188
v -0.404499 -0.094622 0.054787
v -0.432074 -0.106237 0.019039
v -0.432074 -0.092299 0.061937
v -0.504033 -0.286937 0.074015
v -0.457988 -0.339840 0.081463
v -0.457916 -0.317979 0.148742
v -0.504033 -0.270802 0.123673
v -0.478441 -0.388693 0.081661
v -0.469242 -0.314789 0.110515
v -0.478316 -0.357619 0.177298
v -0.518425 -0.314789 0.110515
v -0.484345 -0.380873 0.131988
v -0.453110 -0.631776 0.105802
v -0.422371 -0.629187 0.113773
v -0.483850 -0.618827 0.145654
v -0.483850 -0.629186 0.113772
v -0.422371 -0.618827 0.145654
v -0.453110 -0.616237 0.153624
v -0.421880 -0.581415 0.260796
v -0.421880 -0.571056 0.292677
v -0.452619 -0.568466 0.300648
v -0.483358 -0.571056 0.292678
v -0.483358 -0.581415 0.260796
v -0.452619 -0.584005 0.252827
v -0.405338 -0.023221 0.106663
v -0.405338 0.006850 0.106663
v -0.432912 -0.030739 0.106663
v -0.432912 0.014367 0.106663
v -0.504872 -0.034292 0.295507
v -0.458827 -0.043557 0.348122
v -0.458755 0.027185 0.348122
v -0.504872 0.017921 0.295507
v -0.479280 -0.058465 0.394646
v -0.470081 -0.008186 0.333276
v -0.479155 0.042093 0.394646
v -0.519263 -0.008186 0.333276
v -0.485183 -0.008186 0.402760
v -0.453949 -0.110623 0.633291
v -0.423210 -0.102241 0.633292
v -0.484688 -0.068719 0.633291
v -0.484688 -0.102242 0.633291
v -0.423210 -0.068720 0.633291
v -0.453949 -0.060339 0.633291
v -0.422719 0.052349 0.633292
v -0.422719 0.085870 0.633292
v -0.453457 0.094251 0.633291
v -0.484197 0.085870 0.633292
v -0.484197 0.052349 0.633292
v -0.453457 0.043967 0.633292
v -0.406177 0.078250 0.054788
v -0.406177 0.087543 0.026188
v -0.433751 0.075927 0.061938
v -0.433751 0.089866 0.019039
v -0.505710 0.254430 0.123673
v -0.459665 0.301608 0.148743
v -0.459594 0.323468 0.081463
v -0.505710 0.270565 0.074015
v -0.480118 0.341248 0.177298
v -0.470919 0.298418 0.110515
v -0.479993 0.372321 0.081662
v -0.520102 0.298418 0.110516
v -0.486022 0.364502 0.131987
v -0.454788 0.552095 0.300648
v -0.424049 0.554685 0.292678
v -0.485527 0.565044 0.260796
v -0.485527 0.554685 0.292678
v -0.424049 0.565044 0.260797
v -0.454788 0.567633 0.252826
v -0.423557 0.602456 0.145654
v -0.423557 0.612814 0.113772
v -0.454296 0.615404 0.105802
v -0.485036 0.612815 0.113773
v -0.485036 0.602456 0.145653
v -0.454296 0.599866 0.153624
v -0.407015 0.060269 -0.057748
v -0.407015 0.035942 -0.075423
v -0.434590 0.066352 -0.053329
v -0.434590 0.029860 -0.079841
v -0.506549 0.180226 -0.204019
v -0.460504 0.218648 -0.241139
v -0.460433 0.161417 -0.282721
v -0.506549 0.137985 -0.234709
v -0.480957 0.258055 -0.270014
v -0.471758 0.181306 -0.249919
v -0.480832 0.176701 -0.329121
v -0.520940 0.181306 -0.249919
v -0.486861 0.222148 -0.306132
v -0.455627 0.440523 -0.432426
v -0.424887 0.433744 -0.437351
v -0.486366 0.406623 -0.457056
v -0.486366 0.433744 -0.437352
v -0.424887 0.406623 -0.457056
v -0.455627 0.399844 -0.461981
v -0.424396 0.308678 -0.528218
v -0.424396 0.281558 -0.547921
v -0.455135 0.274778 -0.552847
v -0.485874 0.281558 -0.547921
v -0.485874 0.308677 -0.528217
v -0.455135 0.315457 -0.523291
v -0.415379 0.013427 -0.084876
v -0.399524 -0.008185 -0.084876
v -0.415379 -0.029799 -0.084876
v -0.431234 -0.008185 -0.084876
v -0.466675 0.035544 -0.338217
v -0.466610 -0.025306 -0.313489
v -0.486179 -0.051245 -0.333420
v -0.515787 0.007649 -0.306767
v -0.472612 -0.035297 -0.193461
v -0.440915 -0.028966 -0.210000
v -0.440923 0.012595 -0.210000
v -0.472612 0.018925 -0.193461
v -0.486261 0.034873 -0.333420
v -0.466620 0.008935 -0.313490
v -0.466587 -0.051915 -0.338216
v -0.515787 -0.024020 -0.306767
v -0.497322 -0.008186 -0.377726
v -0.470576 -0.008185 -0.377726
v -0.471968 0.017891 -0.466366
v -0.446302 -0.040781 -0.462308
v -0.434596 0.093204 -0.611503
v -0.487622 0.069110 -0.611503
v -0.469947 0.093204 -0.611503
v -0.416921 0.069109 -0.611504
v -0.469947 0.045016 -0.611504
v -0.434596 0.045015 -0.611504
v -0.446548 0.024410 -0.462308
v -0.445192 0.053723 -0.463243
v -0.470544 0.062265 -0.470929
v -0.496968 0.052867 -0.458761
v -0.498497 0.024409 -0.462308
v -0.416430 -0.085481 -0.611504
v -0.469455 -0.109575 -0.611504
v -0.434105 -0.109575 -0.611504
v -0.487130 -0.085481 -0.611504
v -0.469455 -0.061387 -0.611504
v -0.434105 -0.061387 -0.611504
v -0.471722 -0.034262 -0.466366
v -0.496721 -0.069238 -0.458761
v -0.470280 -0.078636 -0.470929
v -0.498250 -0.040781 -0.462308
v -0.444937 -0.070095 -0.463242
v -0.416218 -0.092589 -0.039256
v -0.400363 -0.099268 -0.018700
v -0.416218 -0.105946 0.001855
v -0.432073 -0.099268 -0.018700
v -0.467514 -0.326696 -0.138576
v -0.467449 -0.321983 -0.073063
v -0.487018 -0.348954 -0.054554
v -0.516626 -0.305406 -0.102327
v -0.473450 -0.210916 -0.026471
v -0.441754 -0.224690 -0.037603
v -0.441762 -0.211847 -0.077130
v -0.473450 -0.194161 -0.078040
v -0.487100 -0.322341 -0.136456
v -0.467459 -0.311403 -0.105629
v -0.467425 -0.353722 -0.055399
v -0.516626 -0.315192 -0.072210
v -0.498161 -0.377785 -0.109196
v -0.471415 -0.377785 -0.109196
v -0.472807 -0.454029 -0.161388
v -0.447141 -0.468300 -0.104334
v -0.435435 -0.568790 -0.277864
v -0.488461 -0.576235 -0.254949
v -0.470785 -0.568790 -0.277864
v -0.417761 -0.576235 -0.254949
v -0.470785 -0.583681 -0.232035
v -0.435435 -0.583681 -0.232035
v -0.453110 -0.576235 -0.254949
v -0.447387 -0.448155 -0.166334
v -0.446030 -0.439985 -0.194501
v -0.471383 -0.444656 -0.205000
v -0.497807 -0.435988 -0.192301
v -0.499335 -0.448155 -0.166334
v -0.417268 -0.624006 -0.107925
v -0.470294 -0.631452 -0.085011
v -0.434944 -0.631452 -0.085011
v -0.487969 -0.624006 -0.107925
v -0.470294 -0.616561 -0.130840
v -0.434944 -0.616561 -0.130840
v -0.452619 -0.624006 -0.107925
v -0.472561 -0.470145 -0.111787
v -0.497560 -0.473720 -0.076173
v -0.471120 -0.488197 -0.070995
v -0.499089 -0.468300 -0.104334
v -0.445776 -0.478247 -0.076743
v -0.417057 -0.081963 0.075669
v -0.401201 -0.064478 0.088373
v -0.417057 -0.046992 0.101077
v -0.432912 -0.064478 0.088373
v -0.468353 -0.248766 0.267626
v -0.468288 -0.185002 0.283388
v -0.487857 -0.175733 0.314759
v -0.517464 -0.207712 0.258580
v -0.474289 -0.106370 0.192155
v -0.442592 -0.121212 0.201815
v -0.442601 -0.154836 0.177386
v -0.474289 -0.150236 0.160285
v -0.487939 -0.245404 0.264140
v -0.468298 -0.212704 0.263262
v -0.468264 -0.178010 0.319033
v -0.517464 -0.182092 0.277194
v -0.499000 -0.236611 0.325293
v -0.472254 -0.236611 0.325293
v -0.473645 -0.309809 0.381678
v -0.447980 -0.259957 0.412881
v -0.436274 -0.456047 0.454829
v -0.489299 -0.436555 0.468991
v -0.471625 -0.456047 0.454829
v -0.418599 -0.436555 0.468991
v -0.471625 -0.417063 0.483153
v -0.436274 -0.417062 0.483154
v -0.453949 -0.436555 0.468991
v -0.448226 -0.312697 0.374563
v -0.446870 -0.336962 0.358089
v -0.472222 -0.348390 0.359287
v -0.498646 -0.333634 0.354967
v -0.500174 -0.312697 0.374563
v -0.418107 -0.311489 0.559858
v -0.471132 -0.291996 0.574019
v -0.435783 -0.291996 0.574019
v -0.488808 -0.311489 0.559858
v -0.471132 -0.330981 0.545695
v -0.435783 -0.330981 0.545695
v -0.453457 -0.311489 0.559857
v -0.473400 -0.267615 0.412333
v -0.498398 -0.234850 0.426738
v -0.471958 -0.234399 0.442107
v -0.499928 -0.259957 0.412880
v -0.446615 -0.236791 0.430868
v -0.417895 0.030621 0.101077
v -0.402040 0.048107 0.088374
v -0.417895 0.065592 0.075670
v -0.433751 0.048107 0.088374
v -0.469192 0.161638 0.319033
v -0.469126 0.196332 0.263262
v -0.488696 0.229033 0.264140
v -0.518303 0.165721 0.277194
v -0.475128 0.133864 0.160285
v -0.443431 0.138465 0.177387
v -0.443440 0.104841 0.201816
v -0.475128 0.089998 0.192156
v -0.488778 0.159361 0.314759
v -0.469136 0.168631 0.283388
v -0.469103 0.232394 0.267626
v -0.518303 0.191341 0.258580
v -0.499839 0.220239 0.325294
v -0.473093 0.220240 0.325294
v -0.474484 0.251244 0.412333
v -0.448818 0.296326 0.374563
v -0.437113 0.275625 0.574019
v -0.490138 0.295118 0.559857
v -0.472463 0.275625 0.574019
v -0.419438 0.295118 0.559857
v -0.472463 0.314610 0.545695
v -0.437113 0.314610 0.545695
v -0.449064 0.243586 0.412881
v -0.447708 0.220419 0.430868
v -0.473061 0.218027 0.442107
v -0.499485 0.218478 0.426738
v -0.501013 0.243586 0.412881
v -0.418946 0.420184 0.468991
v -0.471971 0.439676 0.454829
v -0.436621 0.439676 0.454829
v -0.489647 0.420184 0.468991
v -0.471971 0.400691 0.483153
v -0.436621 0.400691 0.483153
v -0.474239 0.293438 0.381678
v -0.499237 0.317263 0.354967
v -0.472797 0.332018 0.359287
v -0.500767 0.296326 0.374564
v -0.447454 0.320591 0.358088
v -0.418734 0.089575 0.001855
v -0.402879 0.082897 -0.018700
v -0.418734 0.076217 -0.039257
v -0.434590 0.082896 -0.018701
v -0.470030 0.337351 -0.055398
v -0.469965 0.295031 -0.105629
v -0.489535 0.305970 -0.136456
v -0.519142 0.298821 -0.072209
v -0.475967 0.177789 -0.078039
v -0.444270 0.195475 -0.077130
v -0.444278 0.208318 -0.037603
v -0.475967 0.194545 -0.026472
v -0.489616 0.332582 -0.054553
v -0.469975 0.305612 -0.073064
v -0.469942 0.310325 -0.138577
v -0.519142 0.289035 -0.102328
v -0.500678 0.361414 -0.109196
v -0.473931 0.361413 -0.109196
v -0.475323 0.453774 -0.111787
v -0.449658 0.431784 -0.166333
v -0.437952 0.615080 -0.085011
v -0.490977 0.607635 -0.107925
v -0.473302 0.615080 -0.085011
v -0.420277 0.607635 -0.107925
v -0.473302 0.600190 -0.130841
v -0.437952 0.600190 -0.130841
v -0.455627 0.607635 -0.107925
v -0.449903 0.451928 -0.104334
v -0.448547 0.461876 -0.076744
v -0.473899 0.471825 -0.070995
v -0.500323 0.457349 -0.076173
v -0.501852 0.451928 -0.104334
v -0.419785 0.559864 -0.254949
v -0.472810 0.552419 -0.277864
v -0.437460 0.552419 -0.277864
v -0.490485 0.559864 -0.254949
v -0.472810 0.567310 -0.232035
v -0.437460 0.567310 -0.232035
v -0.455135 0.559864 -0.254950
v -0.475077 0.437658 -0.161388
v -0.500076 0.419616 -0.192302
v -0.473635 0.428285 -0.205000
v -0.501606 0.431784 -0.166333
v -0.448292 0.423613 -0.194502
v -0.415379 -0.046992 -0.079290
v -0.399524 -0.064478 -0.066585
v -0.415379 -0.081964 -0.053881
v -0.431234 -0.064478 -0.066586
v -0.466675 -0.178010 -0.297246
v -0.466610 -0.212705 -0.241476
v -0.486179 -0.245404 -0.242353
v -0.515787 -0.182092 -0.255406
v -0.472612 -0.150235 -0.138497
v -0.440915 -0.154835 -0.155598
v -0.440923 -0.121212 -0.180027
v -0.472612 -0.106370 -0.170368
v -0.486261 -0.175733 -0.292972
v -0.466620 -0.185003 -0.261601
v -0.466587 -0.248765 -0.245840
v -0.515787 -0.207712 -0.236792
v -0.497322 -0.236610 -0.303506
v -0.470576 -0.236610 -0.303506
v -0.471968 -0.267615 -0.390545
v -0.446302 -0.312697 -0.352776
v -0.434596 -0.291996 -0.552231
v -0.487622 -0.311489 -0.538069
v -0.469947 -0.291996 -0.552231
v -0.416921 -0.311489 -0.538069
v -0.469947 -0.330981 -0.523907
v -0.434596 -0.330981 -0.523907
v -0.446548 -0.259957 -0.391093
v -0.445192 -0.236790 -0.409080
v -0.470544 -0.234399 -0.420319
v -0.496968 -0.234849 -0.404950
v -0.498497 -0.259956 -0.391093
v -0.416430 -0.436555 -0.447203
v -0.469455 -0.456047 -0.433041
v -0.434105 -0.456047 -0.433041
v -0.487130 -0.436555 -0.447203
v -0.469455 -0.417062 -0.461365
v -0.434105 -0.417062 -0.461365
v -0.451780 -0.436555 -0.447203
v -0.471722 -0.309809 -0.359890
v -0.496721 -0.333634 -0.333179
v -0.470280 -0.348390 -0.337499
v -0.498250 -0.312696 -0.352775
v -0.444937 -0.336961 -0.336301
v -0.416218 -0.105947 0.019932
v -0.400363 -0.099268 0.040488
v -0.416218 -0.092589 0.061044
v -0.432073 -0.099268 0.040488
v -0.467514 -0.353722 0.077186
v -0.467449 -0.311402 0.127416
v -0.487018 -0.322342 0.158244
v -0.516626 -0.315192 0.093997
v -0.473450 -0.194161 0.099826
v -0.441754 -0.211847 0.098916
v -0.441762 -0.224690 0.059390
v -0.473450 -0.210916 0.048260
v -0.487100 -0.348954 0.076341
v -0.467459 -0.321983 0.094852
v -0.467425 -0.326696 0.160364
v -0.516626 -0.305406 0.124116
v -0.498161 -0.377785 0.130984
v -0.471415 -0.377784 0.130985
v -0.472807 -0.470145 0.133575
v -0.447141 -0.448155 0.188121
v -0.435435 -0.631452 0.106799
v -0.488461 -0.624007 0.129713
v -0.470785 -0.631452 0.106799
v -0.417761 -0.624007 0.129713
v -0.470785 -0.616561 0.152627
v -0.435435 -0.616561 0.152627
v -0.453110 -0.624007 0.129713
v -0.447387 -0.468299 0.126122
v -0.446030 -0.478247 0.098531
v -0.471383 -0.488197 0.092783
v -0.497807 -0.473720 0.097961
v -0.499335 -0.468300 0.126121
v -0.417268 -0.576235 0.276737
v -0.470294 -0.568790 0.299653
v -0.434944 -0.568790 0.299653
v -0.487969 -0.576235 0.276737
v -0.470294 -0.583681 0.253823
v -0.434944 -0.583681 0.253823
v -0.472561 -0.454029 0.183176
v -0.497560 -0.435988 0.214089
v -0.471120 -0.444656 0.226788
v -0.499089 -0.448155 0.188120
v -0.445776 -0.439985 0.216289
v -0.417057 -0.029799 0.106664
v -0.401201 -0.008186 0.106664
v -0.417057 0.013428 0.106663
v -0.432912 -0.008186 0.106664
v -0.468353 -0.051915 0.360004
v -0.468288 0.008934 0.335277
v -0.487857 0.034873 0.355208
v -0.517464 -0.024020 0.328555
v -0.474289 0.018925 0.215249
v -0.442592 0.012594 0.231787
v -0.442601 -0.028966 0.231788
v -0.474289 -0.035297 0.215249
v -0.487939 -0.051245 0.355207
v -0.468298 -0.025306 0.335277
v -0.468264 0.035543 0.360003
v -0.517464 0.007649 0.328556
v -0.499000 -0.008185 0.399514
v -0.472254 -0.008186 0.399513
v -0.473645 -0.034262 0.488154
v -0.447980 0.024409 0.484095
v -0.436274 -0.109575 0.633291
v -0.489299 -0.085481 0.633292
v -0.471625 -0.109575 0.633291
v -0.418599 -0.085481 0.633292
v -0.471625 -0.061387 0.633292
v -0.436274 -0.061387 0.633292
v -0.453949 -0.085481 0.633292
v -0.448226 -0.040781 0.484095
v -0.446870 -0.070095 0.485030
v -0.472222 -0.078636 0.492717
v -0.498646 -0.069238 0.480548
v -0.500174 -0.040781 0.484095
v -0.418107 0.069109 0.633292
v -0.471132 0.093203 0.633292
v -0.435783 0.093203 0.633291
v -0.488808 0.069109 0.633292
v -0.471132 0.045016 0.633292
v -0.435783 0.045016 0.633292
v -0.473400 0.017891 0.488154
v -0.498398 0.052866 0.480548
v -0.471958 0.062265 0.492717
v -0.499928 0.024409 0.484095
v -0.446615 0.053723 0.485030
v -0.417895 0.076217 0.061044
v -0.402040 0.082896 0.040489
v -0.417895 0.089576 0.019933
v -0.433751 0.082897 0.040489
v -0.469192 0.310325 0.160364
v -0.469126 0.305611 0.094850
v -0.488696 0.332582 0.076341
v -0.518303 0.289035 0.124116
v -0.475128 0.194545 0.048259
v -0.443431 0.208319 0.059390
v -0.443440 0.195475 0.098917
v -0.475128 0.177789 0.099827
v -0.488778 0.305970 0.158244
v -0.469136 0.295031 0.127416
v -0.469103 0.337351 0.077185
v -0.518303 0.298821 0.093997
v -0.499839 0.361413 0.130983
v -0.473093 0.361414 0.130984
v -0.474484 0.437658 0.183176
v -0.448818 0.451928 0.126121
v -0.437113 0.552419 0.299653
v -0.490138 0.559864 0.276737
v -0.472463 0.552419 0.299653
v -0.419438 0.559864 0.276737
v -0.472463 0.567310 0.253823
v -0.437113 0.567310 0.253823
v -0.449064 0.431783 0.188121
v -0.447708 0.423614 0.216289
v -0.473061 0.428285 0.226788
v -0.499485 0.419617 0.214089
v -0.501013 0.431783 0.188121
v -0.418946 0.607635 0.129713
v -0.471971 0.615080 0.106799
v -0.436621 0.615080 0.106799
v -0.489647 0.607635 0.129713
v -0.471971 0.600190 0.152628
v -0.436621 0.600190 0.152628
v -0.474239 0.453774 0.133575
v -0.499237 0.457348 0.097961
v -0.472797 0.471825 0.092783
v -0.500767 0.451928 0.126121
v -0.447454 0.461876 0.098530
v -0.418734 0.065592 -0.053881
v -0.402879 0.048106 -0.066585
v -0.418734 0.030620 -0.079290
v -0.434590 0.048106 -0.066585
v -0.470030 0.232394 -0.245839
v -0.469965 0.168632 -0.261601
v -0.489535 0.159361 -0.292972
v -0.519142 0.191341 -0.236792
v -0.475967 0.089999 -0.170367
v -0.444270 0.104841 -0.180028
v -0.444278 0.138464 -0.155599
v -0.475967 0.133864 -0.138497
v -0.489616 0.229032 -0.242353
v -0.469975 0.196333 -0.241475
v -0.469942 0.161639 -0.297245
v -0.519142 0.165721 -0.255406
v -0.500678 0.220239 -0.303506
v -0.473931 0.220240 -0.303505
v -0.475323 0.293438 -0.359890
v -0.449657 0.243586 -0.391092
v -0.437952 0.439676 -0.433041
v -0.490977 0.420184 -0.447203
v -0.473302 0.439676 -0.433041
v -0.420276 0.420184 -0.447203
v -0.473302 0.400691 -0.461365
v -0.437952 0.400691 -0.461365
v -0.455627 0.420184 -0.447203
v -0.449903 0.296325 -0.352776
v -0.448547 0.320591 -0.336301
v -0.473899 0.332019 -0.337499
v -0.500323 0.317263 -0.333179
v -0.501852 0.296325 -0.352776
v -0.419785 0.295118 -0.538069
v -0.472810 0.275625 -0.552231
v -0.437460 0.275625 -0.552231
v -0.490485 0.295118 -0.538069
v -0.472810 0.314610 -0.523907
v -0.437460 0.314610 -0.523907
v -0.475077 0.251244 -0.390545
v -0.500076 0.218479 -0.404950
v -0.473635 0.218027 -0.420318
v -0.501605 0.243586 -0.391092
v -0.448292 0.220419 -0.409080
v -0.414920 -0.008185 -0.084876
v -0.484852 -0.076501 -0.463930
v -0.459703 -0.038100 -0.224930
v -0.459716 0.021728 -0.224931
v -0.482614 -0.008186 -0.219711
v -0.441453 -0.008185 -0.223136
v -0.455994 0.060344 -0.465051
v -0.457198 0.018648 -0.465555
v -0.456952 -0.035020 -0.465555
v -0.442707 0.038901 -0.461830
v -0.501962 0.038688 -0.460710
v -0.486960 0.018648 -0.465555
v -0.485108 0.060130 -0.463931
v -0.501717 -0.055060 -0.460710
v -0.486714 -0.035020 -0.465555
v -0.442459 -0.055274 -0.461830
v -0.455736 -0.076715 -0.465051
v -0.415759 -0.099268 -0.018701
v -0.485691 -0.480881 -0.070863
v -0.460541 -0.241712 -0.033531
v -0.460555 -0.223223 -0.090430
v -0.483452 -0.227503 -0.060367
v -0.442292 -0.230760 -0.061426
v -0.456833 -0.439659 -0.201356
v -0.458037 -0.453023 -0.161857
v -0.457791 -0.469607 -0.110817
v -0.471298 -0.576235 -0.254949
v -0.434923 -0.576235 -0.254949
v -0.443545 -0.443222 -0.179970
v -0.502801 -0.442223 -0.179420
v -0.487798 -0.453023 -0.161857
v -0.485947 -0.438660 -0.200807
v -0.470806 -0.624006 -0.107925
v -0.434431 -0.624007 -0.107926
v -0.502556 -0.471192 -0.090261
v -0.487553 -0.469607 -0.110817
v -0.443298 -0.472323 -0.090403
v -0.456575 -0.482013 -0.071005
v -0.416597 -0.064478 0.088373
v -0.486530 -0.232012 0.435189
v -0.461380 -0.122599 0.219262
v -0.461393 -0.171000 0.184096
v -0.484291 -0.143731 0.197455
v -0.457671 -0.343380 0.355660
v -0.458875 -0.309945 0.380577
v -0.458629 -0.266526 0.412121
v -0.472137 -0.436555 0.468991
v -0.435762 -0.436555 0.468991
v -0.444384 -0.324141 0.365657
v -0.503640 -0.323308 0.364877
v -0.488637 -0.309944 0.380576
v -0.486786 -0.342548 0.354880
v -0.471645 -0.311489 0.559857
v -0.435270 -0.311488 0.559857
v -0.503394 -0.247466 0.419980
v -0.488392 -0.266526 0.412121
v -0.444137 -0.247951 0.421012
v -0.457414 -0.232497 0.436222
v -0.417436 0.048107 0.088374
v -0.487369 0.326177 0.354880
v -0.462219 0.154629 0.184095
v -0.462232 0.106227 0.219261
v -0.485130 0.127360 0.197456
v -0.458510 0.216126 0.436222
v -0.459714 0.250155 0.412121
v -0.459468 0.293573 0.380576
v -0.445223 0.231580 0.421012
v -0.504479 0.231094 0.419980
v -0.489476 0.250155 0.412121
v -0.487624 0.215641 0.435189
v -0.504233 0.306937 0.364876
v -0.489230 0.293573 0.380576
v -0.444976 0.307769 0.365657
v -0.458253 0.327010 0.355661
v -0.418275 0.082897 -0.018700
v -0.488207 0.422288 -0.200807
v -0.463058 0.206852 -0.090430
v -0.463071 0.225340 -0.033530
v -0.485969 0.211131 -0.060367
v -0.444808 0.214390 -0.061427
v -0.459349 0.465641 -0.071006
v -0.460553 0.453236 -0.110817
v -0.460307 0.436652 -0.161858
v -0.473814 0.607635 -0.107925
v -0.437440 0.607635 -0.107925
v -0.446062 0.455952 -0.090403
v -0.505317 0.454820 -0.090260
v -0.490315 0.453236 -0.110817
v -0.488463 0.464509 -0.070863
v -0.473323 0.559864 -0.254950
v -0.436947 0.559864 -0.254950
v -0.505072 0.425850 -0.179420
v -0.490069 0.436652 -0.161858
v -0.445814 0.426850 -0.179969
v -0.459091 0.423288 -0.201356
v -0.414920 -0.064478 -0.066586
v -0.484852 -0.342548 -0.333092
v -0.459703 -0.171000 -0.162309
v -0.459716 -0.122598 -0.197475
v -0.482614 -0.143731 -0.175670
v -0.441453 -0.145745 -0.178442
v -0.455994 -0.232497 -0.414434
v -0.457198 -0.266526 -0.390333
v -0.456952 -0.309944 -0.358789
v -0.442707 -0.247951 -0.399225
v -0.501962 -0.247465 -0.398193
v -0.486960 -0.266526 -0.390334
v -0.485108 -0.232012 -0.413401
v -0.469967 -0.436554 -0.447203
v -0.433592 -0.436555 -0.447203
v -0.501717 -0.323308 -0.343090
v -0.486714 -0.309944 -0.358789
v -0.442459 -0.324140 -0.343870
v -0.455736 -0.343381 -0.333873
v -0.415759 -0.099268 0.040488
v -0.485691 -0.438660 0.222595
v -0.460541 -0.223224 0.112216
v -0.460555 -0.241712 0.055316
v -0.483452 -0.227503 0.082153
v -0.442292 -0.230761 0.083212
v -0.456833 -0.482013 0.092793
v -0.458037 -0.469607 0.132604
v -0.457791 -0.453023 0.183645
v -0.471298 -0.624007 0.129713
v -0.434923 -0.624007 0.129713
v -0.443545 -0.472324 0.112190
v -0.502801 -0.471192 0.112047
v -0.487798 -0.469607 0.132605
v -0.485947 -0.480881 0.092651
v -0.502556 -0.442223 0.201207
v -0.487553 -0.453024 0.183645
v -0.443298 -0.443222 0.201756
v -0.456575 -0.439659 0.223144
v -0.416597 -0.008185 0.106663
v -0.486530 0.060130 0.485719
v -0.461380 0.021728 0.246716
v -0.461393 -0.038100 0.246717
v -0.484291 -0.008186 0.241496
v -0.457671 -0.076716 0.486838
v -0.458875 -0.035020 0.487342
v -0.458629 0.018648 0.487342
v -0.472137 -0.085481 0.633291
v -0.435762 -0.085481 0.633292
v -0.444384 -0.055273 0.483616
v -0.503640 -0.055060 0.482496
v -0.488637 -0.035019 0.487341
v -0.486786 -0.076501 0.485718
v -0.503394 0.038688 0.482496
v -0.488392 0.018648 0.487342
v -0.444137 0.038902 0.483617
v -0.457414 0.060344 0.486838
v -0.417436 0.082897 0.040489
v -0.487369 0.464509 0.092651
v -0.462219 0.225340 0.055317
v -0.462232 0.206852 0.112216
v -0.485130 0.211132 0.082154
v -0.458510 0.423288 0.223144
v -0.459714 0.436652 0.183644
v -0.459468 0.453236 0.132604
v -0.445223 0.426850 0.201756
v -0.504479 0.425850 0.201206
v -0.489476 0.436652 0.183645
v -0.487624 0.422288 0.222593
v -0.504233 0.454820 0.112047
v -0.489230 0.453236 0.132604
v -0.444976 0.455952 0.112190
v -0.458253 0.465641 0.092793
v -0.418275 0.048106 -0.066586
v -0.488207 0.215640 -0.413402
v -0.463058 0.106227 -0.197476
v -0.463071 0.154628 -0.162310
v -0.485969 0.127360 -0.175670
v -0.444808 0.129373 -0.178442
v -0.459349 0.327009 -0.333872
v -0.460553 0.293573 -0.358790
v -0.460307 0.250155 -0.390333
v -0.473814 0.420184 -0.447203
v -0.437440 0.420183 -0.447204
v -0.446062 0.307769 -0.343870
v -0.505317 0.306938 -0.343090
v -0.490315 0.293573 -0.358789
v -0.488463 0.326177 -0.333092
v -0.505072 0.231094 -0.398192
v -0.490069 0.250155 -0.390334
v -0.445814 0.231579 -0.399225
v -0.459091 0.216126 -0.414434
v -0.507813 0.598064 0.011362
v -0.507813 0.595146 0.070759
v -0.507813 0.586420 0.129584
v -0.507813 0.571970 0.187271
v -0.507813 0.551936 0.243264
v -0.507813 0.526509 0.297024
v -0.507813 0.495936 0.348032
v -0.507813 0.460510 0.395798
v -0.507813 0.420573 0.439862
v -0.507813 0.376510 0.479798
v -0.507813 0.328744 0.515224
v -0.507813 0.277736 0.545798
v -0.507813 0.223976 0.571223
v -0.507813 0.167983 0.591258
v -0.507813 0.110297 0.605708
v -0.507813 0.051471 0.614434
v -0.507813 -0.007926 0.617352
v -0.507813 -0.067324 0.614434
v -0.507813 -0.126149 0.605708
v -0.507813 -0.183836 0.591258
v -0.507813 -0.239829 0.571223
v -0.507813 -0.293588 0.545797
v -0.507813 -0.344596 0.515224
v -0.507813 -0.392362 0.479798
v -0.507813 -0.436426 0.439861
v -0.507813 -0.476363 0.395798
v -0.507813 -0.511789 0.348032
v -0.507813 -0.542362 0.297024
v -0.507813 -0.567788 0.243264
v -0.507813 -0.587822 0.187271
v -0.507813 -0.602272 0.129584
v -0.507813 -0.610998 0.070758
v -0.507813 -0.613916 0.011361
v -0.507813 -0.610998 -0.048036
v -0.507813 -0.602272 -0.106862
v -0.507813 -0.587822 -0.164548
v -0.507813 -0.567787 -0.220541
v -0.507813 -0.542361 -0.274300
v -0.507813 -0.511788 -0.325308
v -0.507813 -0.476362 -0.373074
v -0.507813 -0.436425 -0.417138
v -0.507813 -0.392362 -0.457075
v -0.507813 -0.344596 -0.492500
v -0.507813 -0.293587 -0.523073
v -0.507813 -0.239828 -0.548500
v -0.507813 -0.183836 -0.568534
v -0.507813 -0.126149 -0.582984
v -0.507813 -0.067324 -0.591710
v -0.507813 -0.007926 -0.594628
v -0.507813 0.051471 -0.591710
v -0.507813 0.110296 -0.582984
v -0.507813 0.167983 -0.568534
v -0.507813 0.223975 -0.548500
v -0.507813 0.277735 -0.523073
v -0.507813 0.328743 -0.492500
v -0.507813 0.376509 -0.457075
v -0.507813 0.420573 -0.417138
v -0.507813 0.460509 -0.373075
v -0.507813 0.495935 -0.325309
v -0.507813 0.526508 -0.274301
v -0.507813 0.551935 -0.220542
v -0.507813 0.571970 -0.164549
v -0.507813 0.586419 -0.106863
v -0.507813 0.595145 -0.048038
v -0.516277 0.634896 0.011362
v -0.516277 0.631801 0.074369
v -0.516277 0.622544 0.136770
v -0.516277 0.607216 0.197963
v -0.516277 0.585964 0.257359
v -0.516277 0.558992 0.314386
v -0.516277 0.526561 0.368495
v -0.516277 0.488982 0.419164
v -0.516277 0.446618 0.465906
v -0.516277 0.399876 0.508270
v -0.516277 0.349207 0.545849
v -0.516277 0.295098 0.578280
v -0.516277 0.238071 0.605252
v -0.516277 0.178675 0.626504
v -0.516277 0.117482 0.641833
v -0.516277 0.055081 0.651089
v -0.516277 -0.007926 0.654184
v -0.516277 -0.070934 0.651089
v -0.516277 -0.133335 0.641833
v -0.516277 -0.194528 0.626504
v -0.516277 -0.253924 0.605252
v -0.516277 -0.310951 0.578280
v -0.516277 -0.365059 0.545849
v -0.516277 -0.415728 0.508270
v -0.516277 -0.462470 0.465906
v -0.516277 -0.504834 0.419164
v -0.516277 -0.542413 0.368494
v -0.516277 -0.574845 0.314386
v -0.516277 -0.601816 0.257359
v -0.516277 -0.623068 0.197963
v -0.516277 -0.638397 0.136770
v -0.516277 -0.647653 0.074369
v -0.516277 -0.650748 0.011361
v -0.516277 -0.647653 -0.051646
v -0.516277 -0.638396 -0.114047
v -0.516277 -0.623068 -0.175240
v -0.516277 -0.601816 -0.234636
v -0.516277 -0.574844 -0.291663
v -0.516277 -0.542413 -0.345771
v -0.516277 -0.504834 -0.396440
v -0.516277 -0.462470 -0.443182
v -0.516277 -0.415728 -0.485547
v -0.516277 -0.365059 -0.523126
v -0.516277 -0.310950 -0.555557
v -0.516277 -0.253923 -0.582529
v -0.516277 -0.194527 -0.603780
v -0.516277 -0.133335 -0.619108
v -0.516277 -0.070934 -0.628364
v -0.516277 -0.007926 -0.631460
v -0.516277 0.055081 -0.628365
v -0.516277 0.117482 -0.619108
v -0.516277 0.178675 -0.603780
v -0.516277 0.238071 -0.582529
v -0.516277 0.295097 -0.555557
v -0.516277 0.349206 -0.523126
v -0.516277 0.399875 -0.485547
v -0.516277 0.446617 -0.443183
v -0.516277 0.488981 -0.396441
v -0.516277 0.526560 -0.345772
v -0.516277 0.558992 -0.291664
v -0.516277 0.585963 -0.234637
v -0.516277 0.607216 -0.175242
v -0.516277 0.622544 -0.114048
v -0.516277 0.631800 -0.051648
v -0.496940 0.693333 0.011362
v -0.496940 0.689956 0.080098
v -0.496940 0.679858 0.148170
v -0.496940 0.663137 0.214927
v -0.496940 0.639953 0.279722
v -0.496940 0.610529 0.341933
v -0.496940 0.575149 0.400960
v -0.496940 0.534154 0.456236
v -0.496940 0.487939 0.507227
v -0.496940 0.436948 0.553442
v -0.496940 0.381673 0.594438
v -0.496940 0.322645 0.629817
v -0.496940 0.260434 0.659241
v -0.496940 0.195639 0.682425
v -0.496940 0.128883 0.699146
v -0.496940 0.060809 0.709244
v -0.496940 -0.007926 0.712621
v -0.496940 -0.076662 0.709244
v -0.496940 -0.144735 0.699146
v -0.496940 -0.211491 0.682425
v -0.496940 -0.276287 0.659241
v -0.496940 -0.338497 0.629817
v -0.496940 -0.397525 0.594438
v -0.496940 -0.452800 0.553442
v -0.496940 -0.503791 0.507227
v -0.496940 -0.550007 0.456236
v -0.496940 -0.591002 0.400960
v -0.496941 -0.626381 0.341933
v -0.496941 -0.655805 0.279722
v -0.496941 -0.678989 0.214927
v -0.496941 -0.695711 0.148170
v -0.496941 -0.705808 0.080097
v -0.496941 -0.709185 0.011361
v -0.496941 -0.705808 -0.057375
v -0.496941 -0.695710 -0.125447
v -0.496941 -0.678989 -0.192203
v -0.496941 -0.655804 -0.256999
v -0.496941 -0.626381 -0.319210
v -0.496941 -0.591001 -0.378237
v -0.496941 -0.550006 -0.433512
v -0.496941 -0.503791 -0.484503
v -0.496941 -0.452800 -0.530719
v -0.496941 -0.397524 -0.571714
v -0.496941 -0.338497 -0.607093
v -0.496941 -0.276286 -0.636517
v -0.496941 -0.211491 -0.659700
v -0.496941 -0.144735 -0.676422
v -0.496941 -0.076662 -0.686520
v -0.496941 -0.007926 -0.689897
v -0.496941 0.060809 -0.686520
v -0.496941 0.128882 -0.676422
v -0.496941 0.195638 -0.659701
v -0.496941 0.260433 -0.636518
v -0.496941 0.322644 -0.607094
v -0.496940 0.381672 -0.571714
v -0.496940 0.436947 -0.530719
v -0.496940 0.487938 -0.484504
v -0.496940 0.534153 -0.433513
v -0.496940 0.575148 -0.378238
v -0.496940 0.610528 -0.319211
v -0.496940 0.639952 -0.257000
v -0.496940 0.663136 -0.192205
v -0.496940 0.679858 -0.125449
v -0.496940 0.689956 -0.057376
v 0.061934 0.693849 0.011362
v 0.061934 0.690470 0.080148
v 0.061934 0.680365 0.148271
v 0.061934 0.663631 0.215077
v 0.061934 0.640430 0.279920
v 0.061934 0.610984 0.342177
v 0.061934 0.575579 0.401247
v 0.061934 0.534553 0.456564
v 0.061934 0.488304 0.507592
v 0.061934 0.437275 0.553841
v 0.061934 0.381959 0.594867
v 0.061934 0.322889 0.630272
v 0.061934 0.260632 0.659717
v 0.061934 0.195788 0.682918
v 0.061934 0.128983 0.699653
v 0.061934 0.060860 0.709758
v 0.061934 -0.007926 0.713137
v 0.061934 -0.076712 0.709758
v 0.061934 -0.144836 0.699653
v 0.061934 -0.211641 0.682918
v 0.061934 -0.276484 0.659717
v 0.061934 -0.338741 0.630272
v 0.061934 -0.397812 0.594867
v 0.061934 -0.453128 0.553841
v 0.061934 -0.504156 0.507592
v 0.061934 -0.550406 0.456563
v 0.061934 -0.591431 0.401247
v 0.061934 -0.626837 0.342176
v 0.061934 -0.656282 0.279919
v 0.061934 -0.679483 0.215076
v 0.061934 -0.696217 0.148271
v 0.061934 -0.706322 0.080148
v 0.061934 -0.709701 0.011361
v 0.061934 -0.706322 -0.057425
v 0.061934 -0.696217 -0.125548
v 0.061934 -0.679483 -0.192353
v 0.061934 -0.656281 -0.257196
v 0.061934 -0.626836 -0.319453
v 0.061934 -0.591430 -0.378524
v 0.061934 -0.550405 -0.433840
v 0.061934 -0.504156 -0.484868
v 0.061934 -0.453127 -0.531118
v 0.061934 -0.397811 -0.572143
v 0.061934 -0.338740 -0.607549
v 0.061934 -0.276484 -0.636994
v 0.061934 -0.211641 -0.660195
v 0.061934 -0.144836 -0.676929
v 0.061934 -0.076712 -0.687034
v 0.061934 -0.007926 -0.690413
v 0.061934 0.060859 -0.687034
v 0.061934 0.128983 -0.676929
v 0.061934 0.195788 -0.660195
v 0.061934 0.260631 -0.636994
v 0.061934 0.322888 -0.607549
v 0.061934 0.381958 -0.572144
v 0.061934 0.437274 -0.531119
v 0.061934 0.488303 -0.484869
v 0.061934 0.534552 -0.433840
v 0.061934 0.575578 -0.378525
v 0.061934 0.610984 -0.319454
v 0.061934 0.640429 -0.257197
v 0.061934 0.663630 -0.192355
v 0.061934 0.680364 -0.125550
v 0.061934 0.690470 -0.057427
v 0.061934 0.594046 0.011362
v 0.061934 0.591148 0.070366
v 0.061934 0.582480 0.128800
v 0.061934 0.568126 0.186106
v 0.061934 0.548224 0.241727
v 0.061934 0.522966 0.295130
v 0.061934 0.492596 0.345800
v 0.061934 0.457405 0.393249
v 0.061934 0.417733 0.437021
v 0.061934 0.373961 0.476693
v 0.061934 0.326512 0.511884
v 0.061934 0.275842 0.542254
v 0.061934 0.222439 0.567512
v 0.061934 0.166817 0.587414
v 0.061934 0.109513 0.601767
v 0.061934 0.051077 0.610436
v 0.061934 -0.007926 0.613335
v 0.061934 -0.066930 0.610436
v 0.061934 -0.125365 0.601767
v 0.061934 -0.182670 0.587414
v 0.061934 -0.238291 0.567512
v 0.061934 -0.291694 0.542254
v 0.061934 -0.342364 0.511883
v 0.061934 -0.389814 0.476693
v 0.061934 -0.433585 0.437021
v 0.061934 -0.473257 0.393249
v 0.061934 -0.508448 0.345800
v 0.061934 -0.538819 0.295130
v 0.061934 -0.564076 0.241726
v 0.061934 -0.583978 0.186105
v 0.061934 -0.598332 0.128800
v 0.061934 -0.607000 0.070365
v 0.061934 -0.609899 0.011361
v 0.061934 -0.607000 -0.047642
v 0.061934 -0.598332 -0.106078
v 0.061934 -0.583978 -0.163382
v 0.061934 -0.564076 -0.219004
v 0.061934 -0.538818 -0.272406
v 0.061934 -0.508448 -0.323077
v 0.061934 -0.473257 -0.370526
v 0.061934 -0.433584 -0.414298
v 0.061934 -0.389813 -0.453970
v 0.061934 -0.342364 -0.489160
v 0.061934 -0.291694 -0.519530
v 0.061934 -0.238291 -0.544788
v 0.061934 -0.182669 -0.564690
v 0.061934 -0.125365 -0.579043
v 0.061934 -0.066930 -0.587712
v 0.061934 -0.007926 -0.590611
v 0.061934 0.051077 -0.587712
v 0.061934 0.109512 -0.579043
v 0.061934 0.166817 -0.564690
v 0.061934 0.222438 -0.544789
v 0.061934 0.275841 -0.519531
v 0.061934 0.326511 -0.489161
v 0.061934 0.373960 -0.453970
v 0.061934 0.417732 -0.414298
v 0.061934 0.457404 -0.370526
v 0.061934 0.492595 -0.323077
v 0.061934 0.522966 -0.272407
v 0.061934 0.548223 -0.219004
v 0.061934 0.568125 -0.163383
v 0.061934 0.582479 -0.106079
v 0.061934 0.591147 -0.047644
v -0.348095 0.384550 0.041473
v -0.342265 0.371117 0.117237
v -0.336748 0.343118 0.188932
v -0.331756 0.301628 0.253804
v -0.327481 0.248242 0.309359
v -0.324087 0.185012 0.353462
v -0.321705 0.114367 0.384417
v -0.320426 0.039023 0.401037
v -0.320298 -0.038126 0.402682
v -0.321328 -0.114114 0.389288
v -0.323476 -0.186021 0.361371
v -0.326658 -0.251084 0.320004
v -0.330754 -0.306803 0.266776
v -0.335604 -0.351036 0.203731
v -0.341025 -0.382084 0.133295
v -0.346804 -0.398753 0.058173
v -0.352724 -0.400402 -0.018749
v -0.358553 -0.386969 -0.094513
v -0.364070 -0.358970 -0.166208
v -0.369062 -0.317480 -0.231080
v -0.373337 -0.264094 -0.286635
v -0.376732 -0.200864 -0.330737
v -0.379114 -0.130219 -0.361693
v -0.380393 -0.054875 -0.378313
v -0.380520 0.022274 -0.379958
v -0.379490 0.098262 -0.366564
v -0.377342 0.170169 -0.338647
v -0.374159 0.235233 -0.297279
v -0.370064 0.290951 -0.244051
v -0.365214 0.335185 -0.181006
v -0.359794 0.366232 -0.110570
v -0.354014 0.382901 -0.035448
v -0.346583 0.170174 0.061109
v -0.349321 0.176486 0.025511
v -0.343990 0.157018 0.094797
v -0.341644 0.137523 0.125278
v -0.339636 0.112439 0.151381
v -0.338041 0.082729 0.172103
v -0.336922 0.049536 0.186648
v -0.336321 0.014134 0.194457
v -0.336261 -0.022116 0.195231
v -0.336745 -0.057820 0.188938
v -0.337754 -0.091607 0.175820
v -0.339249 -0.122178 0.156383
v -0.341174 -0.148359 0.131372
v -0.343453 -0.169142 0.101750
v -0.345999 -0.183731 0.068654
v -0.348715 -0.191563 0.033357
v -0.351496 -0.192338 -0.002786
v -0.354236 -0.186026 -0.038385
v -0.356828 -0.172870 -0.072072
v -0.359174 -0.153375 -0.102554
v -0.361182 -0.128291 -0.128657
v -0.362777 -0.098581 -0.149379
v -0.363897 -0.065388 -0.163924
v -0.364497 -0.029986 -0.171733
v -0.364557 0.006264 -0.172507
v -0.364073 0.041968 -0.166213
v -0.363064 0.075755 -0.153096
v -0.361569 0.106326 -0.133658
v -0.359644 0.132507 -0.108648
v -0.357365 0.153290 -0.079026
v -0.354818 0.167879 -0.045930
v -0.352103 0.175711 -0.010633
v -0.290611 0.072738 0.029425
v -0.291852 0.075597 0.013302
v -0.289437 0.066780 0.044683
v -0.288375 0.057950 0.058488
v -0.287465 0.046589 0.070311
v -0.286743 0.033133 0.079696
v -0.286236 0.018100 0.086284
v -0.285964 0.002065 0.089821
v -0.285936 -0.014352 0.090171
v -0.286156 -0.030523 0.087320
v -0.286613 -0.045826 0.081379
v -0.287290 -0.059672 0.072576
v -0.288161 -0.071529 0.061249
v -0.289194 -0.080943 0.047832
v -0.290347 -0.087550 0.032842
v -0.291577 -0.091097 0.016856
v -0.292837 -0.091448 0.000486
v -0.294078 -0.088590 -0.015637
v -0.295252 -0.082631 -0.030895
v -0.296314 -0.073802 -0.044699
v -0.297224 -0.062441 -0.056522
v -0.297946 -0.048985 -0.065908
v -0.298453 -0.033951 -0.072495
v -0.298725 -0.017917 -0.076032
v -0.298752 -0.001499 -0.076383
v -0.298533 0.014672 -0.073532
v -0.298076 0.029975 -0.067591
v -0.297399 0.043821 -0.058787
v -0.296527 0.055678 -0.047460
v -0.295495 0.065092 -0.034043
v -0.294342 0.071699 -0.019054
v -0.293111 0.075246 -0.003067
v -0.280913 0.384550 0.041473
v -0.275083 0.371117 0.117237
v -0.269566 0.343118 0.188932
v -0.264574 0.301628 0.253804
v -0.260299 0.248242 0.309359
v -0.256905 0.185012 0.353462
v -0.254522 0.114367 0.384417
v -0.253243 0.039023 0.401037
v -0.253116 -0.038126 0.402682
v -0.254146 -0.114114 0.389288
v -0.256293 -0.186021 0.361371
v -0.259476 -0.251084 0.320003
v -0.263571 -0.306803 0.266776
v -0.268422 -0.351036 0.203731
v -0.273842 -0.382084 0.133295
v -0.279622 -0.398753 0.058173
v -0.285541 -0.400402 -0.018749
v -0.291371 -0.386969 -0.094513
v -0.296888 -0.358970 -0.166208
v -0.301880 -0.317480 -0.231080
v -0.306155 -0.264094 -0.286635
v -0.311931 -0.130219 -0.361693
v -0.313338 0.022274 -0.379958
v -0.302882 0.290951 -0.244051
v -0.298031 0.335185 -0.181006
v -0.292612 0.366232 -0.110570
v -0.286831 0.382901 -0.035448
v -0.288518 0.170175 0.056641
v -0.291257 0.176486 0.021043
v -0.285926 0.157019 0.090329
v -0.283580 0.137524 0.120810
v -0.281572 0.112440 0.146913
v -0.279977 0.082730 0.167636
v -0.278857 0.049536 0.182181
v -0.278256 0.014134 0.189990
v -0.278196 -0.022115 0.190763
v -0.278680 -0.057820 0.184470
v -0.279689 -0.091607 0.171352
v -0.281185 -0.122178 0.151915
v -0.283109 -0.148358 0.126905
v -0.285388 -0.169142 0.097282
v -0.287934 -0.183730 0.064187
v -0.290651 -0.191562 0.028889
v -0.293431 -0.192338 -0.007254
v -0.296171 -0.186026 -0.042853
v -0.298764 -0.172870 -0.076540
v -0.301109 -0.153375 -0.107022
v -0.303118 -0.128291 -0.133125
v -0.304712 -0.098581 -0.153847
v -0.305832 -0.065387 -0.168392
v -0.306433 -0.029985 -0.176201
v -0.306492 0.006264 -0.176975
v -0.306008 0.041969 -0.170681
v -0.304999 0.075756 -0.157564
v -0.303504 0.106327 -0.138126
v -0.301580 0.132507 -0.113116
v -0.299301 0.153291 -0.083493
v -0.296754 0.167879 -0.050398
v -0.294038 0.175711 -0.015101
v -0.344989 0.072738 0.033610
v -0.346230 0.075597 0.017487
v -0.343815 0.066779 0.048867
v -0.342753 0.057950 0.062673
v -0.341843 0.046589 0.074495
v -0.341121 0.033133 0.083880
v -0.340614 0.018099 0.090468
v -0.340342 0.002065 0.094005
v -0.340315 -0.014353 0.094355
v -0.340534 -0.030524 0.091505
v -0.340991 -0.045826 0.085563
v -0.341668 -0.059672 0.076760
v -0.342540 -0.071530 0.065432
v -0.343572 -0.080943 0.052016
v -0.344725 -0.087550 0.037027
v -0.345956 -0.091098 0.021040
v -0.347215 -0.091449 0.004671
v -0.348456 -0.088590 -0.011453
v -0.349630 -0.082631 -0.026710
v -0.350692 -0.073802 -0.040515
v -0.351602 -0.062441 -0.052338
v -0.352324 -0.048985 -0.061723
v -0.352831 -0.033951 -0.068311
v -0.353103 -0.017917 -0.071848
v -0.353130 -0.001499 -0.072198
v -0.352911 0.014672 -0.069348
v -0.352454 0.029974 -0.063407
v -0.351777 0.043820 -0.054604
v -0.350906 0.055678 -0.043276
v -0.349873 0.065091 -0.029860
v -0.348720 0.071698 -0.014870
v -0.347490 0.075246 0.001117
v -0.377710 -0.128291 -0.136094
v -0.384217 -0.334142 -0.279700
v -0.376127 -0.153376 -0.109991
v -0.292057 -0.334141 -0.281901
v -0.295592 -0.278094 -0.340225
v -0.298399 -0.211712 -0.386526
v -0.300369 -0.137546 -0.419025
v -0.301427 -0.058446 -0.436473
v -0.301532 0.022548 -0.438200
v -0.300681 0.102324 -0.424139
v -0.298904 0.177816 -0.394830
v -0.296272 0.246122 -0.351400
v -0.292885 0.304618 -0.295518
v -0.288874 0.351056 -0.229333
v -0.380321 -0.029986 -0.179171
v -0.379848 -0.065388 -0.171362
v -0.385046 0.304618 -0.293317
v -0.388433 0.246122 -0.349199
v -0.391065 0.177815 -0.392629
v -0.392841 0.102324 -0.421938
v -0.393693 0.022548 -0.435999
v -0.393588 -0.058446 -0.434272
v -0.392530 -0.137546 -0.416824
v -0.390560 -0.211713 -0.384325
v -0.387753 -0.278095 -0.338024
v -0.376498 0.132507 -0.116086
v -0.378014 0.106326 -0.141096
v -0.379192 0.075755 -0.160533
v -0.379987 0.041968 -0.173650
v -0.381035 0.351056 -0.227131
v -0.374703 0.153290 -0.086463
v -0.285037 -0.153375 -0.112087
v -0.286619 -0.128291 -0.138191
v -0.287875 -0.098581 -0.158913
v -0.288757 -0.065388 -0.173459
v -0.289230 -0.029986 -0.181267
v -0.289277 0.006264 -0.182040
v -0.288896 0.041968 -0.175747
v -0.288101 0.075755 -0.162629
v -0.286923 0.106326 -0.143192
v -0.285407 0.132507 -0.118182
v -0.283612 0.153290 -0.088560
v -0.378966 -0.098581 -0.156817
v -0.380368 0.006264 -0.179944
vn -0.0000 -0.0000 1.0000
vn -0.0000 -0.0000 -1.0000
vn 0.0057 0.9808 -0.1947
vn 0.3928 0.9051 -0.1630
vn 0.4776 0.8668 -0.1436
vn 0.0498 0.9755 -0.2144
vn -0.4961 0.8616 0.1070
vn 0.0059 0.9985 -0.0537
vn 0.2328 0.9635 -0.1324
vn 0.0005 0.9906 -0.1364
vn -0.4835 0.8733 -0.0595
vn 0.0059 -0.9985 -0.0537
vn -0.4960 -0.8617 0.1070
vn -0.4834 -0.8734 -0.0592
vn 0.0005 -0.9906 -0.1365
vn 0.2330 -0.9634 -0.1325
vn 0.9345 -0.0000 -0.3561
vn 0.9345 -0.0000 -0.3559
vn -0.9402 0.1966 0.2784
vn -0.9437 -0.2418 0.2258
vn -0.9437 -0.2418 0.2257
vn -0.9441 0.2402 0.2259
vn -0.0126 -0.9803 -0.1970
vn -0.4866 -0.8488 -0.2070
vn -0.4731 -0.8423 -0.2581
vn -0.0483 -0.9728 -0.2265
vn -0.7050 0.7055 0.0716
vn -0.0675 0.9569 0.2825
vn -0.0675 0.9569 0.2826
vn -0.0589 0.9839 0.1687
vn -0.4903 0.8678 0.0806
vn -0.0676 -0.9569 0.2824
vn -0.7029 -0.7078 0.0710
vn -0.4902 -0.8679 0.0798
vn -0.0588 -0.9839 0.1686
vn -0.9816 0.1685 -0.0901
vn -0.9816 0.1685 -0.0900
vn -0.9790 0.1687 -0.1145
vn -0.9588 0.2610 -0.1122
vn -0.9530 -0.2233 -0.2049
vn 0.9930 0.0311 0.1137
vn 0.8453 -0.5315 -0.0535
vn 0.9542 -0.2979 0.0267
vn 0.9597 0.2424 0.1426
vn 0.0672 0.9518 0.2992
vn 0.6814 0.6861 0.2549
vn 0.4808 0.8514 0.2096
vn 0.0587 0.9811 0.1842
vn 0.3928 -0.9050 -0.1635
vn 0.0058 -0.9808 -0.1947
vn 0.0497 -0.9755 -0.2145
vn 0.4776 -0.8667 -0.1444
vn 0.8448 0.5326 -0.0525
vn 0.9929 -0.0309 0.1153
vn 0.9595 -0.2423 0.1441
vn 0.9541 0.2980 0.0282
vn 0.9541 0.2981 0.0285
vn 0.6833 -0.6838 0.2560
vn 0.0673 -0.9518 0.2994
vn 0.0672 -0.9518 0.2994
vn 0.0589 -0.9811 0.1843
vn 0.0587 -0.9811 0.1843
vn 0.4808 -0.8512 0.2104
vn -0.9788 -0.1689 -0.1160
vn -0.9812 -0.1700 -0.0912
vn -0.9527 0.2231 -0.2063
vn -0.9586 -0.2611 -0.1137
vn -0.4865 0.8486 -0.2077
vn -0.0126 0.9803 -0.1970
vn -0.0483 0.9728 -0.2265
vn -0.4729 0.8422 -0.2588
vn -0.0000 -0.9511 -0.3090
vn 0.0058 0.1179 -0.9930
vn 0.3928 0.1247 -0.9111
vn 0.4776 0.1312 -0.8687
vn 0.0498 0.0975 -0.9940
vn -0.4961 0.3680 -0.7864
vn 0.0059 0.2575 -0.9663
vn 0.2328 0.1719 -0.9572
vn 0.0005 0.1763 -0.9843
vn -0.4835 0.2133 -0.8490
vn 0.0059 -0.3596 0.9331
vn 0.0060 -0.3596 0.9331
vn -0.4960 -0.1645 0.8526
vn -0.4834 -0.3262 0.8123
vn 0.0005 -0.4359 0.9000
vn 0.2331 -0.4237 0.8753
vn 0.2330 -0.4237 0.8753
vn 0.9345 -0.3387 -0.1100
vn 0.9345 -0.3386 -0.1101
vn 0.9345 -0.3386 -0.1100
vn -0.9401 0.2040 0.2731
vn -0.9402 0.3255 -0.1009
vn -0.9437 0.1400 0.2998
vn -0.9565 0.2774 0.0904
vn -0.9441 0.2891 -0.1587
vn -0.0126 -0.4903 0.8715
vn -0.4860 -0.4592 0.7436
vn -0.4861 -0.4592 0.7436
vn -0.4730 -0.5058 0.7214
vn -0.0483 -0.5160 0.8552
vn -0.7051 0.2861 -0.6489
vn -0.0676 0.5644 -0.8227
vn -0.0597 0.4644 -0.8836
vn -0.4903 0.3448 -0.8004
vn -0.0675 -0.0271 0.9974
vn -0.0675 -0.0271 0.9973
vn -0.7029 -0.1512 0.6951
vn -0.4902 -0.1923 0.8501
vn -0.0592 -0.1437 0.9879
vn -0.0000 0.9510 0.3091
vn -0.0000 0.9511 0.3090
vn -0.0000 0.9510 0.3090
vn -0.9816 -0.0336 -0.1881
vn -0.9790 -0.0568 -0.1958
vn -0.9588 -0.0260 -0.2829
vn -0.9588 -0.0261 -0.2829
vn -0.9530 -0.2638 0.1490
vn 0.9930 0.1178 0.0055
vn 0.9930 0.1178 0.0056
vn 0.8454 -0.2151 0.4890
vn 0.8453 -0.2151 0.4890
vn 0.9542 -0.0667 0.2916
vn 0.9597 0.2105 -0.1865
vn 0.0671 0.5787 -0.8128
vn 0.0672 0.5787 -0.8128
vn 0.6814 0.4545 -0.5737
vn 0.4808 0.4624 -0.7450
vn 0.4809 0.4624 -0.7449
vn 0.0590 0.4783 -0.8762
vn 0.0589 0.4784 -0.8762
vn 0.3928 -0.4351 0.8102
vn 0.0057 -0.4883 0.8727
vn 0.0497 -0.5054 0.8614
vn 0.4776 -0.4051 0.7796
vn -0.0001 0.9511 0.3090
vn -0.0001 0.9510 0.3090
vn 0.0001 0.9511 0.3090
vn 0.0001 0.9510 0.3090
vn 0.8448 0.1147 -0.5227
vn 0.9929 0.1001 0.0649
vn 0.9594 0.0622 0.2749
vn 0.9541 0.1189 -0.2747
vn 0.9541 0.1193 -0.2747
vn 0.6833 0.0322 0.7295
vn 0.0673 -0.0094 0.9977
vn 0.0590 -0.1279 0.9900
vn 0.4809 -0.0630 0.8745
vn -0.9788 -0.1625 0.1248
vn -0.9812 -0.1392 0.1335
vn -0.9527 -0.1273 -0.2760
vn -0.9586 -0.1888 0.2132
vn -0.4865 0.0648 -0.8713
vn -0.0126 0.1155 -0.9932
vn -0.0483 0.0852 -0.9952
vn -0.4730 0.0141 -0.8809
vn 0.0001 -0.5878 0.8090
vn -0.0000 -0.5878 0.8090
vn 0.0057 -0.9080 -0.4190
vn 0.3928 -0.8280 -0.4001
vn 0.4776 -0.7856 -0.3933
vn 0.0497 -0.9152 -0.3999
vn -0.4961 -0.6342 -0.5930
vn 0.0060 -0.8394 -0.5435
vn 0.2328 -0.8573 -0.4592
vn 0.0005 -0.8817 -0.4719
vn -0.4834 -0.7415 -0.4652
vn 0.0059 0.7763 0.6304
vn -0.4961 0.7600 0.4199
vn -0.4834 0.6718 0.5613
vn 0.0005 0.7213 0.6927
vn 0.2330 0.7015 0.6735
vn 0.9345 -0.2093 0.2881
vn 0.9345 -0.2093 0.2880
vn -0.0126 0.6773 0.7356
vn -0.4861 0.5652 0.6665
vn -0.4860 0.5653 0.6665
vn -0.4731 0.5297 0.7040
vn -0.0483 0.6539 0.7550
vn -0.7050 -0.5287 -0.4726
vn -0.0676 -0.6080 -0.7910
vn -0.0589 -0.6968 -0.7148
vn -0.4903 -0.6547 -0.5753
vn -0.0675 0.9402 0.3340
vn -0.7029 0.6143 0.3585
vn -0.4902 0.7491 0.4456
vn -0.0588 0.8951 0.4419
vn -0.0589 0.8951 0.4419
vn 0.0001 0.5878 -0.8090
vn -0.0000 0.5878 -0.8090
vn -0.9816 -0.1892 -0.0262
vn -0.9816 -0.1893 -0.0262
vn -0.9790 -0.2038 -0.0065
vn -0.9588 -0.2771 -0.0626
vn -0.9530 0.0602 0.2970
vn 0.9930 0.0417 -0.1103
vn 0.8454 0.3986 0.3557
vn 0.9542 0.2567 0.1535
vn 0.9597 -0.1123 -0.2578
vn 0.0672 -0.5942 -0.8015
vn 0.6813 -0.4052 -0.6095
vn 0.6813 -0.4052 -0.6096
vn 0.4809 -0.5656 -0.6700
vn 0.0590 -0.6855 -0.7257
vn 0.3928 0.6361 0.6642
vn 0.0058 0.6791 0.7341
vn 0.0498 0.6631 0.7469
vn 0.4776 0.6163 0.6262
vn -0.0001 0.5878 -0.8090
vn 0.0001 0.5877 -0.8091
vn 0.8448 -0.4617 -0.2706
vn 0.9929 0.0927 -0.0751
vn 0.9595 0.2807 0.0258
vn 0.9541 -0.2246 -0.1980
vn 0.9541 -0.2244 -0.1983
vn 0.6833 0.7037 0.1948
vn 0.0672 0.9460 0.3172
vn 0.0590 0.9020 0.4276
vn 0.4808 0.8123 0.3301
vn -0.9788 0.0685 0.1931
vn -0.9812 0.0840 0.1737
vn -0.9527 -0.3018 0.0358
vn -0.9586 0.1444 0.2455
vn -0.4865 -0.8086 -0.3308
vn -0.0126 -0.9089 -0.4168
vn -0.0483 -0.9202 -0.3885
vn -0.4730 -0.8335 -0.2856
vn 0.0001 0.5877 0.8090
vn -0.0000 0.5877 0.8091
vn -0.0000 0.5878 0.8090
vn -0.0000 0.5879 0.8089
vn 0.0058 -0.6791 0.7340
vn 0.3928 -0.6364 0.6638
vn 0.4776 -0.6168 0.6257
vn 0.0497 -0.6632 0.7468
vn -0.4961 -0.7600 0.4199
vn 0.0060 -0.7763 0.6304
vn 0.2329 -0.7017 0.6734
vn 0.2329 -0.7016 0.6734
vn 0.0005 -0.7213 0.6927
vn -0.4835 -0.6716 0.5615
vn 0.0059 0.8394 -0.5435
vn -0.4960 0.6342 -0.5930
vn -0.4960 0.6342 -0.5931
vn -0.4834 0.7414 -0.4654
vn 0.0005 0.8817 -0.4719
vn 0.2331 0.8573 -0.4591
vn 0.9345 0.2093 0.2881
vn 0.9345 0.2093 0.2880
vn -0.0126 0.9089 -0.4168
vn -0.4865 0.8084 -0.3314
vn -0.4863 0.8085 -0.3315
vn -0.4728 0.8333 -0.2864
vn -0.0483 0.9201 -0.3886
vn -0.7050 -0.6129 0.3568
vn -0.0675 -0.9402 0.3338
vn -0.0587 -0.8952 0.4418
vn -0.0588 -0.8952 0.4418
vn -0.4902 -0.7495 0.4449
vn -0.0675 0.6082 -0.7909
vn -0.7029 0.5308 -0.4735
vn -0.7029 0.5309 -0.4735
vn -0.4902 0.6553 -0.5747
vn -0.0591 0.6969 -0.7147
vn -0.0590 0.6969 -0.7147
vn -0.9816 -0.0834 0.1719
vn -0.9790 -0.0692 0.1918
vn -0.9790 -0.0691 0.1918
vn -0.9588 -0.1452 0.2442
vn -0.9530 0.3011 0.0345
vn 0.9930 -0.0920 -0.0737
vn 0.8454 0.4614 -0.2692
vn 0.9542 0.2253 -0.1967
vn 0.9597 -0.2799 0.0271
vn 0.0671 -0.9459 0.3174
vn 0.6814 -0.7049 0.1970
vn 0.4808 -0.8120 0.3309
vn 0.0595 -0.9020 0.4277
vn 0.3928 0.8282 -0.3997
vn 0.0057 0.9080 -0.4190
vn 0.0498 0.9152 -0.3998
vn 0.4775 0.7860 -0.3926
vn 0.8448 -0.4000 0.3555
vn 0.9929 -0.0429 -0.1113
vn 0.9595 0.1113 -0.2589
vn 0.9541 -0.2577 0.1524
vn 0.9541 -0.2579 0.1521
vn 0.6833 0.4027 -0.6091
vn 0.0673 0.5940 -0.8016
vn 0.0589 0.6854 -0.7258
vn 0.4809 0.5650 -0.6705
vn 0.4808 0.5650 -0.6705
vn -0.9788 0.2048 -0.0054
vn -0.9812 0.1911 -0.0262
vn -0.9527 -0.0592 0.2981
vn -0.9586 0.2780 -0.0614
vn -0.4861 -0.5647 0.6669
vn -0.0126 -0.6773 0.7356
vn -0.0483 -0.6539 0.7551
vn -0.4729 -0.5292 0.7045
vn -0.0000 0.9511 -0.3090
vn -0.0000 0.9510 -0.3090
vn 0.0058 0.4883 0.8727
vn 0.3928 0.4347 0.8104
vn 0.4776 0.4045 0.7800
vn 0.0497 0.5053 0.8615
vn -0.4961 0.1645 0.8525
vn 0.0060 0.3596 0.9331
vn 0.2328 0.4236 0.8754
vn 0.0005 0.4359 0.9000
vn -0.4835 0.3265 0.8122
vn 0.0059 -0.2575 -0.9663
vn -0.4961 -0.3680 -0.7864
vn -0.4834 -0.2136 -0.8489
vn 0.0005 -0.1764 -0.9843
vn 0.2331 -0.1717 -0.9572
vn 0.9345 0.3387 -0.1100
vn 0.9345 0.3386 -0.1100
vn 0.9345 0.3386 -0.1101
vn -0.9401 -0.3256 -0.1011
vn -0.9401 -0.3255 -0.1011
vn -0.9441 -0.1406 0.2983
vn -0.0126 -0.1156 -0.9932
vn -0.4866 -0.0654 -0.8712
vn -0.4731 -0.0148 -0.8809
vn -0.0483 -0.0852 -0.9952
vn -0.7050 0.1499 0.6931
vn -0.0676 0.0270 0.9973
vn -0.0588 0.1436 0.9879
vn -0.4902 0.1915 0.8503
vn -0.0676 -0.5643 -0.8228
vn -0.7029 -0.2863 -0.6512
vn -0.7029 -0.2862 -0.6512
vn -0.4902 -0.3441 -0.8008
vn -0.0589 -0.4644 -0.8837
vn -0.0588 -0.4644 -0.8837
vn -0.0000 -0.9511 0.3090
vn -0.0000 -0.9510 0.3091
vn -0.9816 0.1377 0.1324
vn -0.9790 0.1610 0.1250
vn -0.9588 0.1874 0.2135
vn -0.9530 0.1259 -0.2756
vn 0.9930 -0.0986 0.0647
vn 0.8454 -0.1134 -0.5220
vn 0.9542 -0.1175 -0.2751
vn 0.9597 -0.0607 0.2745
vn 0.0672 0.0096 0.9977
vn 0.6814 -0.0304 0.7313
vn 0.4809 0.0638 0.8745
vn 0.4809 0.0637 0.8745
vn 0.0587 0.1280 0.9900
vn 0.3928 -0.1242 -0.9112
vn 0.0058 -0.1179 -0.9930
vn 0.0498 -0.0975 -0.9940
vn 0.4776 -0.1305 -0.8688
vn 0.0001 -0.9511 0.3090
vn 0.8448 0.2145 0.4903
vn 0.9929 -0.1191 0.0064
vn 0.9595 -0.2119 -0.1859
vn 0.9541 0.0653 0.2922
vn 0.9541 0.0650 0.2923
vn 0.6833 -0.4548 -0.5712
vn 0.0672 -0.5789 -0.8127
vn 0.0591 -0.4784 -0.8761
vn 0.0590 -0.4784 -0.8761
vn 0.4809 -0.4631 -0.7445
vn -0.9788 0.0581 -0.1965
vn -0.9812 0.0342 -0.1898
vn -0.9527 0.2652 0.1484
vn -0.9586 0.0275 -0.2834
vn -0.4861 0.4598 0.7432
vn -0.0126 0.4903 0.8715
vn -0.0483 0.5161 0.8552
vn -0.4729 0.5064 0.7210
vn -0.0000 -0.5878 -0.8090
vn 0.0001 -0.5878 -0.8090
vn 0.0058 0.6791 -0.7341
vn 0.3928 0.6364 -0.6638
vn 0.4776 0.6168 -0.6257
vn 0.0498 0.6632 -0.7468
vn -0.4961 0.7600 -0.4199
vn 0.0059 0.7763 -0.6304
vn 0.2328 0.7017 -0.6734
vn 0.0004 0.7212 -0.6927
vn 0.0005 0.7212 -0.6927
vn -0.4834 0.6716 -0.5615
vn 0.0060 -0.8394 0.5435
vn -0.4961 -0.6342 0.5930
vn -0.4834 -0.7414 0.4654
vn 0.0005 -0.8817 0.4719
vn 0.2330 -0.8573 0.4591
vn 0.9345 -0.2093 -0.2881
vn 0.9345 -0.2092 -0.2879
vn -0.9401 0.0044 0.3409
vn -0.9402 0.3226 0.1097
vn -0.9437 -0.0629 0.3248
vn -0.9437 -0.0629 0.3247
vn -0.9565 0.1713 0.2362
vn -0.9441 0.3271 0.0416
vn -0.9441 0.3272 0.0416
vn -0.0126 -0.9089 0.4168
vn -0.4865 -0.8084 0.3314
vn -0.4730 -0.8332 0.2863
vn -0.0483 -0.9201 0.3886
vn -0.7050 0.6129 -0.3568
vn -0.0676 0.9402 -0.3338
vn -0.0590 0.8952 -0.4418
vn -0.0589 0.8952 -0.4418
vn -0.0588 0.8952 -0.4418
vn -0.4902 0.7495 -0.4449
vn -0.0675 -0.6082 0.7909
vn -0.7029 -0.5308 0.4734
vn -0.4902 -0.6553 0.5747
vn -0.0590 -0.6969 0.7147
vn -0.0592 -0.6969 0.7147
vn -0.9816 0.0834 -0.1719
vn -0.9790 0.0691 -0.1918
vn -0.9588 0.1452 -0.2442
vn -0.9530 -0.3011 -0.0345
vn 0.9930 0.0920 0.0737
vn 0.8454 -0.4614 0.2692
vn 0.9542 -0.2253 0.1967
vn 0.9597 0.2799 -0.0271
vn 0.0672 0.9459 -0.3174
vn 0.6814 0.7049 -0.1970
vn 0.4808 0.8120 -0.3309
vn 0.0588 0.9020 -0.4277
vn 0.3928 -0.8282 0.3997
vn 0.0058 -0.9080 0.4190
vn 0.0497 -0.9152 0.3998
vn 0.4775 -0.7860 0.3926
vn 0.0001 0.5878 0.8090
vn -0.0001 0.5878 0.8090
vn -0.0000 0.5877 0.8090
vn 0.8448 0.4000 -0.3555
vn 0.9929 0.0428 0.1114
vn 0.9594 -0.1113 0.2590
vn 0.9541 0.2577 -0.1524
vn 0.9541 0.2579 -0.1521
vn 0.6833 -0.4027 0.6090
vn 0.0673 -0.5940 0.8016
vn 0.0588 -0.6854 0.7258
vn 0.0589 -0.6854 0.7258
vn 0.4809 -0.5650 0.6705
vn -0.9788 -0.2048 0.0054
vn -0.9812 -0.1911 0.0262
vn -0.9527 0.0592 -0.2980
vn -0.9586 -0.2780 0.0614
vn -0.4864 0.5645 -0.6668
vn -0.0126 0.6773 -0.7356
vn -0.0483 0.6539 -0.7551
vn -0.4730 0.5292 -0.7044
vn 0.0057 -0.4883 -0.8727
vn 0.3928 -0.4347 -0.8104
vn 0.4776 -0.4044 -0.7799
vn 0.0497 -0.5053 -0.8615
vn -0.4962 -0.1645 -0.8525
vn 0.0060 -0.3596 -0.9331
vn 0.2328 -0.4236 -0.8754
vn 0.0005 -0.4359 -0.9000
vn -0.4835 -0.3265 -0.8122
vn 0.0060 0.2575 0.9663
vn -0.4961 0.3680 0.7864
vn -0.4834 0.2136 0.8489
vn -0.4834 0.2136 0.8490
vn 0.0005 0.1763 0.9843
vn 0.0005 0.1764 0.9843
vn 0.2331 0.1717 0.9572
vn 0.9345 -0.3386 0.1101
vn 0.9345 -0.3387 0.1100
vn 0.9345 -0.3386 0.1100
vn -0.9401 0.3255 0.1011
vn -0.9437 0.2895 0.1602
vn -0.9437 0.2894 0.1602
vn -0.9441 0.1406 -0.2983
vn -0.9441 0.1407 -0.2983
vn -0.0126 0.1156 0.9932
vn -0.4865 0.0654 0.8712
vn -0.4731 0.0148 0.8809
vn -0.0483 0.0853 0.9952
vn -0.7051 -0.1499 -0.6931
vn -0.0676 -0.0270 -0.9974
vn -0.0594 -0.1436 -0.9879
vn -0.0597 -0.1436 -0.9878
vn -0.4902 -0.1915 -0.8503
vn -0.0676 0.5643 0.8228
vn -0.7029 0.2863 0.6512
vn -0.4902 0.3441 0.8008
vn -0.0591 0.4644 0.8837
vn -0.0592 0.4644 0.8837
vn -0.0000 0.9510 -0.3091
vn -0.9816 -0.1377 -0.1325
vn -0.9816 -0.1377 -0.1324
vn -0.9790 -0.1610 -0.1250
vn -0.9588 -0.1873 -0.2135
vn -0.9530 -0.1259 0.2756
vn 0.9930 0.0986 -0.0647
vn 0.8454 0.1134 0.5220
vn 0.8453 0.1134 0.5220
vn 0.9542 0.1175 0.2751
vn 0.9597 0.0607 -0.2746
vn 0.0672 -0.0096 -0.9977
vn 0.6814 0.0305 -0.7313
vn 0.6814 0.0304 -0.7313
vn 0.4809 -0.0637 -0.8745
vn 0.0589 -0.1280 -0.9900
vn 0.3928 0.1242 0.9112
vn 0.0058 0.1179 0.9930
vn 0.0498 0.0975 0.9940
vn 0.4775 0.1305 0.8689
vn 0.8447 -0.2145 -0.4903
vn 0.9929 0.1191 -0.0063
vn 0.9595 0.2119 0.1859
vn 0.9541 -0.0653 -0.2922
vn 0.9541 -0.0650 -0.2923
vn 0.6833 0.4548 0.5712
vn 0.0671 0.5789 0.8127
vn 0.0672 0.5788 0.8127
vn 0.0588 0.4784 0.8761
vn 0.4808 0.4631 0.7445
vn -0.9788 -0.0581 0.1965
vn -0.9812 -0.0341 0.1899
vn -0.9812 -0.0342 0.1899
vn -0.9527 -0.2652 -0.1484
vn -0.9586 -0.0275 0.2834
vn -0.4863 -0.4597 -0.7431
vn -0.0126 -0.4903 -0.8714
vn -0.0483 -0.5161 -0.8552
vn -0.4730 -0.5064 -0.7210
vn 0.0001 0.0001 1.0000
vn -0.0001 -0.0001 1.0000
vn 0.0001 -0.0000 1.0000
vn -0.0001 0.0001 1.0000
vn 0.0058 -0.9808 0.1947
vn 0.3928 -0.9051 0.1630
vn 0.4777 -0.8667 0.1436
vn 0.0498 -0.9755 0.2144
vn -0.4961 -0.8616 -0.1070
vn 0.0060 -0.9985 0.0537
vn 0.2328 -0.9635 0.1324
vn 0.0005 -0.9906 0.1364
vn -0.4835 -0.8733 0.0595
vn 0.0059 0.9985 0.0537
vn -0.4961 0.8617 -0.1070
vn -0.4834 0.8734 0.0592
vn 0.0005 0.9906 0.1364
vn 0.2331 0.9634 0.1325
vn 0.9345 -0.0000 0.3561
vn 0.9344 -0.0000 0.3561
vn -0.0126 0.9803 0.1970
vn -0.4865 0.8488 0.2070
vn -0.4731 0.8423 0.2581
vn -0.0483 0.9728 0.2265
vn -0.7050 -0.7055 -0.0716
vn -0.7050 -0.7056 -0.0716
vn -0.0676 -0.9569 -0.2825
vn -0.0591 -0.9839 -0.1687
vn -0.4903 -0.8678 -0.0806
vn -0.0675 0.9569 -0.2824
vn -0.7029 0.7077 -0.0710
vn -0.4902 0.8679 -0.0798
vn -0.0589 0.9839 -0.1686
vn -0.0588 0.9839 -0.1686
vn -0.0001 -0.0000 -1.0000
vn -0.0000 -0.0001 -1.0000
vn -0.9816 -0.1685 0.0901
vn -0.9790 -0.1687 0.1145
vn -0.9588 -0.2610 0.1122
vn -0.9530 0.2233 0.2049
vn 0.9930 -0.0311 -0.1137
vn 0.8454 0.5315 0.0535
vn 0.8454 0.5315 0.0534
vn 0.9542 0.2979 -0.0267
vn 0.9597 -0.2424 -0.1426
vn 0.0671 -0.9518 -0.2992
vn 0.6814 -0.6861 -0.2549
vn 0.4809 -0.8514 -0.2096
vn 0.0590 -0.9811 -0.1842
vn 0.3928 0.9050 0.1635
vn 0.0057 0.9808 0.1947
vn 0.0497 0.9755 0.2145
vn 0.4776 0.8666 0.1444
vn 0.8448 -0.5326 0.0525
vn 0.9929 0.0308 -0.1152
vn 0.9929 0.0308 -0.1153
vn 0.9595 0.2422 -0.1441
vn 0.9541 -0.2980 -0.0282
vn 0.9541 -0.2981 -0.0285
vn 0.6833 0.6838 -0.2560
vn 0.0672 0.9518 -0.2994
vn 0.0673 0.9518 -0.2994
vn 0.0590 0.9811 -0.1843
vn 0.0592 0.9811 -0.1843
vn 0.4809 0.8512 -0.2104
vn 0.4808 0.8512 -0.2104
vn -0.9788 0.1689 0.1160
vn -0.9812 0.1700 0.0911
vn -0.9812 0.1700 0.0912
vn -0.9527 -0.2231 0.2063
vn -0.9586 0.2611 0.1137
vn -0.4865 -0.8487 0.2076
vn -0.0126 -0.9803 0.1970
vn -0.0483 -0.9728 0.2265
vn -0.4730 -0.8422 0.2588
vn 0.0057 -0.1179 0.9930
vn 0.3928 -0.1247 0.9111
vn 0.4776 -0.1312 0.8687
vn 0.0498 -0.0975 0.9940
vn -0.4961 -0.3680 0.7864
vn 0.0060 -0.2575 0.9663
vn 0.2328 -0.1718 0.9572
vn 0.0005 -0.1764 0.9843
vn -0.4835 -0.2133 0.8490
vn 0.0059 0.3596 -0.9331
vn -0.4961 0.1645 -0.8526
vn -0.4834 0.3262 -0.8124
vn -0.4834 0.3263 -0.8124
vn 0.0005 0.4359 -0.9000
vn 0.2330 0.4237 -0.8753
vn 0.9345 0.3387 0.1100
vn 0.9345 0.3386 0.1100
vn -0.0126 0.4903 -0.8715
vn -0.4861 0.4592 -0.7435
vn -0.4731 0.5058 -0.7214
vn -0.0483 0.5160 -0.8552
vn -0.7050 -0.2861 0.6489
vn -0.0675 -0.5644 0.8227
vn -0.0591 -0.4645 0.8836
vn -0.0593 -0.4645 0.8836
vn -0.4903 -0.3448 0.8005
vn -0.0675 0.0271 -0.9974
vn -0.7029 0.1512 -0.6951
vn -0.4902 0.1923 -0.8501
vn -0.0590 0.1437 -0.9879
vn -0.9816 0.0336 0.1881
vn -0.9790 0.0568 0.1958
vn -0.9588 0.0260 0.2829
vn -0.9588 0.0261 0.2829
vn -0.9530 0.2639 -0.1491
vn 0.9930 -0.1178 -0.0056
vn 0.8453 0.2151 -0.4890
vn 0.9542 0.0667 -0.2916
vn 0.9597 -0.2105 0.1865
vn 0.0671 -0.5787 0.8128
vn 0.6814 -0.4545 0.5737
vn 0.4809 -0.4624 0.7449
vn 0.0595 -0.4783 0.8762
vn 0.0592 -0.4783 0.8762
vn 0.3928 0.4351 -0.8102
vn 0.0058 0.4883 -0.8727
vn 0.0497 0.5054 -0.8614
vn 0.4776 0.4051 -0.7796
vn 0.8447 -0.1147 0.5227
vn 0.8448 -0.1147 0.5227
vn 0.9929 -0.1001 -0.0649
vn 0.9595 -0.0622 -0.2749
vn 0.9541 -0.1189 0.2747
vn 0.9541 -0.1192 0.2747
vn 0.6833 -0.0322 -0.7295
vn 0.0673 0.0094 -0.9977
vn 0.0590 0.1279 -0.9900
vn 0.0589 0.1279 -0.9900
vn 0.4809 0.0630 -0.8745
vn -0.9788 0.1625 -0.1248
vn -0.9812 0.1392 -0.1335
vn -0.9527 0.1273 0.2759
vn -0.9586 0.1888 -0.2131
vn -0.4865 -0.0648 0.8713
vn -0.0125 -0.1155 0.9932
vn -0.0483 -0.0852 0.9952
vn -0.4725 -0.0142 0.8812
vn 0.0057 0.9080 0.4190
vn 0.3929 0.8280 0.4001
vn 0.4777 0.7856 0.3932
vn 0.0497 0.9152 0.3999
vn -0.4961 0.6342 0.5930
vn 0.0060 0.8394 0.5435
vn 0.2328 0.8573 0.4592
vn 0.0004 0.8816 0.4719
vn -0.4835 0.7415 0.4652
vn 0.0059 -0.7763 -0.6303
vn -0.4961 -0.7600 -0.4199
vn -0.4833 -0.6718 -0.5613
vn 0.0005 -0.7212 -0.6927
vn 0.2330 -0.7015 -0.6735
vn 0.9345 0.2093 -0.2881
vn 0.9344 0.2094 -0.2881
vn -0.9401 -0.3228 0.1095
vn -0.0126 -0.6773 -0.7356
vn -0.4861 -0.5652 -0.6665
vn -0.4731 -0.5298 -0.7040
vn -0.0483 -0.6539 -0.7550
vn -0.7050 0.5287 0.4727
vn -0.0675 0.6080 0.7910
vn -0.0589 0.6968 0.7148
vn -0.4902 0.6547 0.5753
vn -0.0675 -0.9402 -0.3340
vn -0.7029 -0.6143 -0.3585
vn -0.7029 -0.6143 -0.3586
vn -0.4902 -0.7491 -0.4456
vn -0.0592 -0.8951 -0.4419
vn -0.0001 -0.5878 0.8090
vn -0.9816 0.1892 0.0262
vn -0.9816 0.1893 0.0262
vn -0.9790 0.2037 0.0065
vn -0.9790 0.2038 0.0065
vn -0.9588 0.2771 0.0626
vn -0.9530 -0.0602 -0.2970
vn 0.9930 -0.0417 0.1103
vn 0.8453 -0.3986 -0.3557
vn 0.9542 -0.2567 -0.1535
vn 0.9597 0.1123 0.2578
vn 0.0671 0.5942 0.8015
vn 0.6814 0.4052 0.6095
vn 0.4808 0.5656 0.6700
vn 0.0589 0.6855 0.7257
vn 0.0590 0.6855 0.7257
vn 0.3928 -0.6360 -0.6642
vn 0.3928 -0.6361 -0.6642
vn 0.0058 -0.6791 -0.7341
vn 0.0497 -0.6631 -0.7469
vn 0.4775 -0.6163 -0.6262
vn 0.8448 0.4617 0.2706
vn 0.9929 -0.0927 0.0751
vn 0.9594 -0.2807 -0.0258
vn 0.9541 0.2245 0.1980
vn 0.9541 0.2244 0.1983
vn 0.6833 -0.7037 -0.1948
vn 0.0672 -0.9460 -0.3172
vn 0.0586 -0.9021 -0.4276
vn 0.4809 -0.8123 -0.3301
vn 0.4808 -0.8123 -0.3301
vn -0.9788 -0.0685 -0.1931
vn -0.9812 -0.0839 -0.1737
vn -0.9527 0.3018 -0.0358
vn -0.9586 -0.1443 -0.2454
vn -0.4865 0.8086 0.3308
vn -0.0126 0.9089 0.4168
vn -0.0483 0.9202 0.3885
vn -0.4730 0.8335 0.2856
vn 0.4776 0.8667 -0.1436
vn 0.0006 -0.9906 -0.1365
vn -0.7029 -0.7077 0.0710
vn 0.8454 -0.5315 -0.0534
vn 0.8454 -0.5315 -0.0535
vn 0.9597 0.2423 0.1426
vn 0.0671 0.9518 0.2992
vn 0.4807 0.8514 0.2096
vn 0.0588 0.9811 0.1842
vn 0.4776 -0.8666 -0.1444
vn 0.9541 0.2981 0.0282
vn 0.0586 -0.9811 0.1843
vn -0.4857 0.8491 -0.2076
vn -0.4860 0.8489 -0.2076
vn 0.0005 0.1764 -0.9843
vn -0.4834 -0.3262 0.8124
vn 0.0006 -0.4359 0.9000
vn -0.9401 0.2039 0.2731
vn -0.4863 -0.4592 0.7434
vn -0.4862 -0.4592 0.7435
vn -0.0484 -0.5160 0.8552
vn -0.7050 0.2861 -0.6489
vn -0.0675 0.5644 -0.8227
vn -0.0583 0.4645 -0.8836
vn -0.4901 -0.1923 0.8502
vn -0.4902 -0.1923 0.8502
vn -0.0590 -0.1437 0.9879
vn -0.0588 -0.1437 0.9879
vn 0.9596 0.2105 -0.1865
vn 0.0586 0.4784 -0.8762
vn 0.9594 0.0622 0.2750
vn 0.0672 -0.0094 0.9977
vn 0.0585 -0.1279 0.9901
vn 0.0581 -0.1279 0.9901
vn 0.4808 -0.0630 0.8746
vn -0.9812 -0.1392 0.1336
vn -0.9812 -0.1393 0.1335
vn -0.9527 -0.1273 -0.2759
vn 0.2328 -0.8573 -0.4593
vn 0.0005 0.7212 0.6927
vn 0.0006 0.7212 0.6927
vn -0.4858 0.5654 0.6666
vn -0.4729 0.5299 0.7040
vn -0.7050 -0.5287 -0.4727
vn -0.7029 0.6143 0.3586
vn -0.0583 0.8952 0.4419
vn -0.0586 0.8951 0.4419
vn -0.9588 -0.2772 -0.0627
vn -0.9530 0.0603 0.2970
vn 0.8454 0.3986 0.3556
vn 0.9596 -0.1123 -0.2578
vn 0.0671 -0.5942 -0.8015
vn 0.6814 -0.4052 -0.6095
vn 0.0582 -0.6855 -0.7257
vn 0.0497 0.6631 0.7469
vn 0.8447 -0.4617 -0.2706
vn 0.9929 0.0927 -0.0752
vn 0.9541 -0.2245 -0.1980
vn 0.0581 0.9021 0.4276
vn 0.0585 0.9021 0.4276
vn -0.9586 0.1445 0.2455
vn -0.4858 -0.8089 -0.3311
vn -0.4728 -0.8336 -0.2857
vn 0.2328 -0.7017 0.6734
vn 0.0005 0.8816 -0.4719
vn 0.0006 0.8816 -0.4719
vn -0.0125 0.9089 -0.4168
vn -0.4858 0.8087 -0.3317
vn -0.4729 0.8333 -0.2864
vn -0.0674 -0.9402 0.3338
vn -0.0586 -0.8952 0.4418
vn -0.0583 0.6969 -0.7148
vn -0.0586 0.6969 -0.7148
vn 0.0672 -0.9459 0.3174
vn 0.6813 -0.7050 0.1970
vn 0.6813 -0.7049 0.1971
vn 0.6813 -0.7049 0.1970
vn 0.0581 -0.9020 0.4277
vn 0.0497 0.9152 -0.3999
vn 0.4776 0.7860 -0.3926
vn 0.8447 -0.4000 0.3555
vn 0.9595 0.1113 -0.2590
vn 0.9541 -0.2577 0.1523
vn 0.6833 0.4027 -0.6090
vn 0.0672 0.5940 -0.8017
vn 0.0671 0.5940 -0.8017
vn 0.0581 0.6855 -0.7258
vn 0.3927 0.4347 0.8104
vn 0.0060 -0.2575 -0.9663
vn 0.0005 -0.1763 -0.9843
vn -0.0484 -0.0852 -0.9952
vn -0.0675 0.0270 0.9974
vn -0.0587 0.1436 0.9879
vn -0.0591 -0.4644 -0.8837
vn 0.0671 0.0096 0.9977
vn 0.6814 -0.0305 0.7313
vn 0.4808 0.0638 0.8745
vn 0.0581 0.1280 0.9901
vn 0.9595 -0.2119 -0.1858
vn 0.0588 -0.4784 -0.8762
vn 0.4808 -0.4631 -0.7446
vn 0.4807 -0.4631 -0.7446
vn -0.0484 0.5161 0.8552
vn 0.0497 0.6632 -0.7468
vn 0.0060 0.7763 -0.6304
vn 0.0005 -0.8816 0.4719
vn -0.9401 0.0045 0.3408
vn -0.9401 0.0045 0.3409
vn -0.0675 0.9402 -0.3338
vn -0.0583 0.8952 -0.4418
vn -0.0587 0.8952 -0.4418
vn 0.8454 -0.4614 0.2691
vn 0.0671 0.9459 -0.3174
vn 0.0582 0.9020 -0.4277
vn 0.4776 -0.7860 0.3926
vn 0.9541 0.2577 -0.1523
vn 0.0671 -0.5940 0.8017
vn 0.0586 -0.6854 0.7258
vn 0.4777 -0.4044 -0.7799
vn -0.4858 0.0656 0.8716
vn -0.4729 0.0149 0.8810
vn -0.0483 0.0852 0.9952
vn -0.0589 -0.1436 -0.9879
vn -0.0588 -0.1436 -0.9879
vn -0.0675 0.5643 0.8228
vn -0.7028 0.2863 0.6512
vn -0.4901 0.3441 0.8008
vn -0.0583 0.4644 0.8837
vn -0.9790 -0.1610 -0.1251
vn -0.9588 -0.1874 -0.2135
vn 0.8453 0.1134 0.5221
vn 0.9597 0.0607 -0.2745
vn 0.0671 -0.0096 -0.9977
vn 0.4808 -0.0638 -0.8745
vn 0.0582 -0.1280 -0.9901
vn 0.0586 0.4784 0.8762
vn 0.0581 0.4785 0.8762
vn 0.0585 0.4784 0.8762
vn 0.4808 0.4631 0.7446
vn 0.4807 0.4631 0.7446
vn -0.9812 -0.0342 0.1898
vn -0.9812 -0.0341 0.1898
vn -0.0126 -0.4903 -0.8715
vn -0.4729 -0.5064 -0.7211
vn -0.0000 0.0001 1.0000
vn 0.0060 0.9985 0.0537
vn 0.0005 0.9906 0.1365
vn -0.0674 0.9569 -0.2824
vn -0.0587 0.9839 -0.1686
vn 0.4808 -0.8514 -0.2096
vn 0.0498 0.9755 0.2145
vn 0.9595 0.2423 -0.1441
vn 0.9594 0.2423 -0.1441
vn 0.0587 0.9811 -0.1843
vn 0.0058 -0.1179 0.9930
vn 0.2328 -0.1719 0.9572
vn 0.0006 0.4359 -0.9000
vn 0.9345 0.3386 0.1101
vn -0.0587 -0.4645 0.8836
vn -0.0588 -0.4645 0.8836
vn -0.0675 0.0271 -0.9973
vn -0.0588 0.1437 -0.9879
vn 0.8454 0.2151 -0.4890
vn 0.9542 0.0666 -0.2916
vn 0.9596 -0.2105 0.1865
vn 0.0672 -0.5787 0.8128
vn 0.4808 -0.4625 0.7450
vn 0.4807 -0.4625 0.7450
vn 0.0582 -0.4784 0.8762
vn 0.0586 -0.4784 0.8762
vn 0.8447 -0.1147 0.5228
vn 0.9541 -0.1189 0.2748
vn 0.6833 -0.0322 -0.7294
vn 0.0586 0.1279 -0.9901
vn 0.0585 0.1279 -0.9901
vn 0.4808 0.0630 -0.8745
vn 0.4808 0.0630 -0.8746
vn -0.4857 -0.0650 0.8717
vn -0.4862 -0.0649 0.8715
vn -0.0125 -0.1156 0.9932
vn 0.2329 0.8573 0.4592
vn 0.0059 -0.7763 -0.6304
vn 0.0006 -0.7212 -0.6927
vn -0.0674 0.6081 0.7910
vn -0.0675 0.6081 0.7910
vn 0.0672 0.5942 0.8015
vn 0.0585 0.6855 0.7257
vn 0.4776 -0.6163 -0.6262
vn 0.9595 -0.2807 -0.0258
vn 0.9541 0.2246 0.1980
vn -0.4860 0.8088 0.3310
vn -0.4858 0.8089 0.3311
vn -0.4728 0.8336 0.2857
vn 0.9745 0.1153 0.1923
vn 0.9745 0.2239 -0.0110
vn 0.9745 -0.1923 -0.1153
vn 0.9745 0.0959 0.2027
vn 0.9745 -0.1801 -0.1336
vn 0.9745 0.0755 0.2111
vn 0.9745 -0.1661 -0.1506
vn 0.9745 0.0545 0.2175
vn 0.9745 -0.1506 -0.1661
vn 0.9745 0.0329 0.2218
vn 0.9745 -0.1336 -0.1801
vn 0.9745 0.0110 0.2239
vn 0.9745 -0.1153 -0.1923
vn 0.9745 -0.0110 0.2239
vn 0.9745 -0.0959 -0.2027
vn 0.9745 -0.0329 0.2218
vn 0.9745 -0.0755 -0.2111
vn 0.9745 -0.0545 0.2175
vn 0.9745 -0.0545 -0.2175
vn 0.9745 -0.0755 0.2111
vn 0.9745 -0.0329 -0.2218
vn 0.9745 -0.0959 0.2027
vn 0.9745 -0.0110 -0.2239
vn 0.9745 -0.1153 0.1923
vn 0.9745 0.0110 -0.2239
vn 0.9745 -0.1336 0.1801
vn 0.9745 0.0329 -0.2218
vn 0.9745 -0.1506 0.1661
vn 0.9745 0.0545 -0.2175
vn 0.9745 -0.1661 0.1506
vn 0.9745 0.0755 -0.2111
vn 0.9745 -0.1801 0.1336
vn 0.9745 0.0959 -0.2027
vn 0.9745 -0.1923 0.1153
vn 0.9745 0.2239 0.0110
vn 0.9745 0.1153 -0.1923
vn 0.9745 -0.2027 0.0959
vn 0.9745 0.2218 0.0329
vn 0.9745 0.1336 -0.1801
vn 0.9745 -0.2111 0.0755
vn 0.9745 0.2175 0.0545
vn 0.9745 0.1506 -0.1661
vn 0.9745 -0.2175 0.0545
vn 0.9745 0.2111 0.0755
vn 0.9745 0.1661 -0.1506
vn 0.9745 -0.2218 0.0329
vn 0.9745 0.2027 0.0959
vn 0.9745 0.1801 -0.1336
vn 0.9745 -0.2239 0.0110
vn 0.9745 0.1923 0.1153
vn 0.9745 0.1923 -0.1153
vn 0.9745 -0.2239 -0.0110
vn 0.9745 0.1801 0.1336
vn 0.9745 0.2027 -0.0959
vn 0.9745 -0.2218 -0.0329
vn 0.9745 0.1661 0.1506
vn 0.9745 0.2111 -0.0755
vn 0.9745 -0.2175 -0.0545
vn 0.9745 0.1506 0.1661
vn 0.9745 0.2175 -0.0545
vn 0.9745 -0.2111 -0.0755
vn 0.9745 0.1336 0.1801
vn 0.9745 0.2218 -0.0329
vn 0.9745 -0.2027 -0.0959
vn 0.9493 -0.1059 0.2961
vn 0.9493 0.2526 -0.1873
vn 0.9493 -0.1345 0.2843
vn 0.9493 0.2697 -0.1617
vn 0.9493 -0.3141 -0.0154
vn 0.9493 -0.1617 0.2697
vn 0.9493 0.2843 -0.1345
vn 0.9493 -0.3111 -0.0461
vn 0.9493 -0.1873 0.2526
vn 0.9493 0.2961 -0.1059
vn 0.9493 -0.3051 -0.0764
vn 0.9493 -0.2112 0.2330
vn 0.9493 0.3050 -0.0764
vn 0.9493 -0.2961 -0.1059
vn 0.9493 -0.2330 0.2112
vn 0.9493 0.3111 -0.0461
vn 0.9493 -0.2843 -0.1345
vn 0.9493 -0.2526 0.1873
vn 0.9493 0.3141 -0.0154
vn 0.9493 -0.2698 -0.1617
vn 0.9493 -0.2697 0.1617
vn 0.9493 0.3141 0.0154
vn 0.9493 -0.2526 -0.1873
vn 0.9493 -0.2843 0.1345
vn 0.9493 0.3111 0.0461
vn 0.9493 -0.2330 -0.2112
vn 0.9493 -0.2961 0.1060
vn 0.9493 0.3051 0.0764
vn 0.9493 -0.2112 -0.2330
vn 0.9493 -0.3051 0.0764
vn 0.9493 0.2961 0.1059
vn 0.9493 -0.1873 -0.2526
vn 0.9493 -0.3111 0.0461
vn 0.9493 0.2843 0.1345
vn 0.9493 -0.1617 -0.2697
vn 0.9493 -0.3141 0.0154
vn 0.9493 0.2697 0.1617
vn 0.9493 -0.1345 -0.2843
vn 0.9493 0.2526 0.1873
vn 0.9493 -0.1059 -0.2961
vn 0.9493 0.2330 0.2112
vn 0.9493 -0.0764 -0.3051
vn 0.9493 0.2112 0.2330
vn 0.9493 -0.0461 -0.3111
vn 0.9493 0.1873 0.2526
vn 0.9493 -0.0154 -0.3141
vn 0.9493 0.1617 0.2697
vn 0.9493 0.0154 -0.3141
vn 0.9493 0.1345 0.2843
vn 0.9493 0.0461 -0.3111
vn 0.9493 0.1059 0.2961
vn 0.9493 0.0764 -0.3051
vn 0.9493 0.0764 0.3051
vn 0.9493 0.1059 -0.2961
vn 0.9493 0.0461 0.3111
vn 0.9493 0.1345 -0.2843
vn 0.9493 0.0154 0.3141
vn 0.9493 0.1617 -0.2697
vn 0.9493 -0.0154 0.3141
vn 0.9493 0.1873 -0.2526
vn 0.9493 -0.0461 0.3111
vn 0.9493 0.2112 -0.2330
vn 0.9493 -0.0764 0.3051
vn 0.9493 0.2330 -0.2112
vn 0.0009 -0.5957 0.8032
vn 0.0009 0.9415 -0.3369
vn 0.0009 -0.9700 -0.2430
vn 0.0009 -0.6716 0.7410
vn 0.0009 0.9700 -0.2430
vn 0.0009 -0.9415 -0.3369
vn 0.0009 -0.7410 0.6716
vn 0.0009 0.9892 -0.1467
vn 0.0009 -0.9040 -0.4276
vn 0.0009 -0.8032 0.5957
vn 0.0009 0.9988 -0.0491
vn 0.0009 -0.8577 -0.5141
vn 0.0009 -0.8577 0.5141
vn 0.0009 0.9988 0.0491
vn 0.0009 -0.8032 -0.5957
vn 0.0009 -0.9040 0.4276
vn 0.0009 0.9892 0.1467
vn 0.0009 -0.7410 -0.6716
vn 0.0009 -0.9415 0.3369
vn 0.0009 0.9700 0.2430
vn 0.0009 -0.6716 -0.7410
vn 0.0009 -0.9700 0.2430
vn 0.0009 0.9415 0.3369
vn 0.0009 -0.5957 -0.8032
vn 0.0009 -0.9892 0.1467
vn 0.0009 0.9040 0.4275
vn 0.0009 -0.5141 -0.8577
vn 0.0009 -0.9988 0.0491
vn 0.0009 0.8577 0.5141
vn 0.0009 -0.4276 -0.9040
vn 0.0009 0.8032 0.5957
vn 0.0009 -0.3369 -0.9415
vn 0.0009 0.7410 0.6716
vn 0.0009 -0.2430 -0.9700
vn 0.0009 0.6716 0.7409
vn 0.0009 -0.1467 -0.9892
vn 0.0009 0.5957 0.8032
vn 0.0009 -0.0491 -0.9988
vn 0.0009 0.5141 0.8577
vn 0.0009 0.0491 -0.9988
vn 0.0009 0.4276 0.9040
vn 0.0009 0.1467 -0.9892
vn 0.0009 0.3369 0.9415
vn 0.0009 0.2430 -0.9700
vn 0.0009 0.2430 0.9700
vn 0.0009 0.3369 -0.9415
vn 0.0009 0.1467 0.9892
vn 0.0009 0.4276 -0.9040
vn 0.0009 0.0491 0.9988
vn 0.0009 0.5141 -0.8577
vn 0.0009 -0.0491 0.9988
vn 0.0009 0.5957 -0.8032
vn 0.0009 -0.1467 0.9892
vn 0.0009 0.6716 -0.7410
vn 0.0009 -0.2430 0.9700
vn 0.0009 0.7409 -0.6716
vn 0.0009 -0.3369 0.9415
vn 0.0009 0.8032 -0.5957
vn 0.0009 -0.4276 0.9040
vn 0.0009 0.8577 -0.5141
vn 0.0009 -0.9988 -0.0491
vn 0.0009 -0.5141 0.8577
vn 0.0009 0.9040 -0.4276
vn 0.0009 -0.9892 -0.1467
vn -1.0000 -0.0000 -0.0000
vn -0.0767 -0.0214 -0.9968
vn -0.9971 -0.0000 0.0767
vn 0.0309 -0.9155 0.4011
vn 0.0702 0.4023 0.9128
vn -0.0756 0.1741 -0.9818
vn 0.0749 0.2160 0.9735
vn -0.0715 0.3629 -0.9291
vn 0.0767 0.0214 0.9968
vn -0.0647 0.5377 -0.8407
vn 0.0756 -0.1741 0.9818
vn -0.0554 0.6918 -0.7199
vn 0.0715 -0.3628 0.9291
vn -0.0440 0.8194 -0.5715
vn 0.0647 -0.5377 0.8407
vn -0.0309 0.9155 -0.4012
vn -0.0133 -0.9847 -0.1736
vn 0.0554 -0.6918 0.7199
vn -0.0166 0.9764 -0.2154
vn -0.0278 -0.9319 -0.3618
vn 0.0440 -0.8194 0.5715
vn -0.0017 0.9998 -0.0213
vn -0.0412 -0.8432 -0.5361
vn 0.0309 -0.9155 0.4012
vn 0.0134 0.9847 0.1736
vn -0.0531 -0.7221 -0.6898
vn 0.0166 -0.9764 0.2154
vn 0.0278 0.9318 0.3618
vn -0.0629 -0.5732 -0.8170
vn 0.0016 -0.9998 0.0213
vn 0.0413 0.8432 0.5361
vn -0.0702 -0.4023 -0.9128
vn 0.0531 0.7221 0.6898
vn -0.0749 -0.2160 -0.9735
vn 0.0629 0.5732 0.8170
vn -0.0000 0.8424 0.5388
vn -0.0000 0.9151 -0.4033
vn -0.0000 -0.9846 -0.1746
vn -0.0000 0.7210 0.6929
vn -0.0000 0.9763 -0.2166
vn -0.0000 -0.9315 -0.3638
vn -0.0000 0.5721 0.8202
vn -0.0000 0.9998 -0.0214
vn -0.0000 -0.8424 -0.5388
vn -0.0000 0.4013 0.9159
vn -0.0000 -0.7210 -0.6929
vn -0.0000 0.2154 0.9765
vn -0.0000 0.0213 0.9998
vn -0.0000 -0.1736 0.9848
vn -0.0000 -0.3619 0.9322
vn -0.0000 -0.5365 0.8439
vn -0.0000 -0.6908 0.7231
vn -0.0000 -0.8186 0.5743
vn -0.0000 -0.9150 0.4034
vn -0.0000 0.9846 0.1746
vn -0.0000 -0.9763 0.2166
vn -0.0000 0.9315 0.3638
vn -0.0000 0.8186 -0.5744
vn -0.0000 -0.9998 0.0214
vn 0.9971 -0.0000 -0.0767
vn -0.9971 -0.0001 0.0767
vn -0.9970 -0.0000 0.0768
vn 0.0278 0.9319 0.3617
vn 0.0017 -0.9998 0.0213
vn 0.0412 0.8431 0.5361
vn -0.0133 -0.9847 -0.1735
vn -0.0278 -0.9318 -0.3618
vn -0.0016 0.9998 -0.0213
vn -0.0412 -0.8431 -0.5361
vn 0.0702 0.4024 0.9128
vn 0.0755 -0.1741 0.9818
vn -0.0715 0.3628 -0.9291
vn -0.9988 0.0009 0.0495
vn -0.9988 0.0008 0.0495
vn -0.9986 0.0006 0.0531
vn -0.9986 0.0005 0.0532
vn -0.0223 0.3623 -0.9318
vn -0.0189 -0.5725 -0.8197
vn -0.0132 0.8189 -0.5738
vn -0.0201 0.5370 -0.8433
vn -0.0211 -0.4018 -0.9155
vn -0.0165 -0.7214 -0.6923
vn -0.0173 0.6912 -0.7225
vn -0.0225 -0.2156 -0.9762
vn -0.0196 -0.5725 -0.8197
vn -0.0137 0.8189 -0.5738
vn -0.0230 -0.0213 -0.9995
vn -0.0219 -0.4017 -0.9155
vn -0.0227 0.1738 -0.9845
vn -0.0233 -0.2156 -0.9762
vn 0.0187 0.5801 0.8143
vn -0.0214 0.3623 -0.9318
vn -0.0239 -0.0213 -0.9995
vn 0.0170 -0.6849 0.7285
vn -0.0194 0.5370 -0.8434
vn -0.0235 0.1738 -0.9845
vn -0.0159 -0.7214 -0.6923
vn -0.0166 0.6912 -0.7225
vn 0.9493 0.3051 -0.0764
vn 0.9493 -0.2697 -0.1617
vn 0.9493 0.1617 -0.2698
vn 0.0009 -0.9040 0.4275
vn 0.0009 0.9040 0.4276
vn 0.0009 -0.4275 -0.9040
vn 0.0009 0.6716 0.7410
vn 0.0009 0.7410 -0.6716
vn 0.0009 -0.4275 0.9040
vn -0.0755 0.1741 -0.9818
vn -0.0628 -0.5732 -0.8170
vn 0.9971 -0.0001 -0.0767
vn -0.9971 -0.0002 0.0767
vn -0.9971 0.0003 0.0765
vn -0.9970 -0.0001 0.0768
vn -0.9971 -0.0001 0.0766
vn -0.9971 0.0001 0.0768
vn -0.9971 0.0004 0.0767
vn -0.9970 -0.0001 0.0769
vn -0.9971 -0.0000 0.0766
vn -0.9971 -0.0002 0.0766
vn -0.0309 0.9155 -0.4011
vn -0.9988 0.0008 0.0494
vn -0.9986 0.0005 0.0531
vn -0.9986 0.0006 0.0530
vn -0.0132 0.8189 -0.5737
vn -0.0201 0.5370 -0.8434
vn -0.0137 0.8189 -0.5737
vn 0.0195 0.5799 0.8144
vn 0.0172 -0.6848 0.7285
vn -0.9402 0.1965 0.2784
vn -0.4859 -0.8492 -0.2070
vn -0.4729 -0.8425 -0.2581
vn -0.7051 0.7055 0.0716
vn -0.0590 0.9839 0.1687
vn -0.0675 -0.9569 0.2824
vn -0.4901 -0.8680 0.0798
vn -0.0591 -0.9839 0.1686
vn -0.9790 0.1686 -0.1145
vn -0.9588 0.2611 -0.1122
vn -0.9812 -0.1700 -0.0911
vn -0.9586 -0.2610 -0.1137
vn -0.4728 0.8423 -0.2588
vn -0.0000 -0.9510 -0.3090
vn -0.4834 0.2133 -0.8490
vn -0.9437 0.1400 0.2997
vn -0.4729 -0.5058 0.7215
vn -0.4902 0.3448 -0.8005
vn -0.4858 0.0649 -0.8717
vn -0.4728 0.0141 -0.8811
vn 0.0058 -0.9080 -0.4190
vn -0.0586 -0.6968 -0.7148
vn -0.0674 0.9402 0.3340
vn -0.4835 -0.6715 0.5615
vn -0.4961 0.6342 -0.5930
vn -0.9527 -0.0592 0.2980
vn -0.4728 -0.5293 0.7045
vn -0.9441 -0.1407 0.2983
vn -0.4861 -0.0655 -0.8714
vn -0.4729 -0.0149 -0.8810
vn -0.7051 0.1499 0.6931
vn -0.4903 0.1915 0.8503
vn -0.0675 -0.5643 -0.8228
vn -0.4901 -0.3441 -0.8008
vn -0.9588 0.1874 0.2136
vn -0.9586 0.0275 -0.2835
vn -0.4860 0.4598 0.7433
vn -0.4727 0.5064 0.7211
vn 0.0005 0.7213 -0.6927
vn -0.4835 0.6716 -0.5615
vn -0.4834 -0.7414 0.4655
vn -0.4863 -0.8085 0.3315
vn -0.4729 -0.8333 0.2864
vn -0.7029 -0.5308 0.4735
vn -0.9527 0.0592 -0.2981
vn -0.4858 0.5649 -0.6670
vn -0.4728 0.5293 -0.7045
vn -0.9437 0.2895 0.1603
vn -0.9437 0.2894 0.1603
vn -0.0675 -0.0269 -0.9974
vn 0.0001 0.9511 -0.3090
vn -0.4861 -0.4598 -0.7432
vn 0.0057 -0.9808 0.1947
vn -0.4859 0.8492 0.2070
vn -0.4730 0.8424 0.2581
vn -0.0676 -0.9569 -0.2826
vn -0.0589 -0.9839 -0.1687
vn -0.4902 -0.8679 -0.0806
vn -0.7029 0.7078 -0.0710
vn -0.4901 0.8680 -0.0798
vn 0.0001 -0.0000 -1.0000
vn -0.4858 -0.8491 0.2076
vn -0.4728 -0.8423 0.2588
vn -0.4834 0.3262 -0.8123
vn -0.4729 0.5058 -0.7215
vn -0.4903 -0.3448 0.8004
vn -0.7029 0.1511 -0.6951
vn -0.9588 0.0260 0.2830
vn 0.0672 0.0094 -0.9977
vn -0.9812 0.1393 -0.1335
vn -0.4727 -0.0141 0.8811
vn -0.9401 -0.3228 0.1096
vn -0.4862 -0.5652 -0.6665
vn -0.4728 -0.5299 -0.7040
vn -0.0590 0.6968 0.7148
vn -0.4902 0.6548 0.5753
vn -0.4901 -0.7491 -0.4456
vn -0.0586 -0.8951 -0.4419
vn -0.0000 -0.5877 0.8090
vn -0.9588 0.2771 0.0627
vn 0.0587 -0.9021 -0.4276
vn -0.9788 -0.0684 -0.1931
vn -0.9812 -0.0840 -0.1737
vn -0.9527 0.3017 -0.0358
vn -0.0134 -0.9847 -0.1736
vn 0.0413 0.8432 0.5360
vn 0.0531 0.7220 0.6898
vn -0.0413 -0.8432 -0.5361
vn -0.0702 -0.4024 -0.9128
vn 0.0715 -0.3629 0.9291
vn -0.0211 -0.4017 -0.9155
vn -0.0215 0.3623 -0.9318
vt 0.250000 0.500000
vt 0.250000 0.746528
vt 0.489583 0.739583
vt 0.500000 0.500000
vt 0.010417 0.739583
vt 0.083333 0.916667
vt 0.250000 0.979167
vt 0.250000 0.020833
vt 0.250000 0.253472
vt 0.489583 0.260417
vt 0.416667 0.083333
vt 0.510417 0.739583
vt 0.750000 0.746528
vt 0.750000 0.500000
vt 0.583333 0.916667
vt 0.750000 0.979167
vt 0.750000 0.020833
vt 0.750000 0.253472
vt 0.989583 0.260417
vt 0.916667 0.083333
vt 1.000000 0.500000
vt 0.000000 0.000000
vt 0.000000 0.500000
vt 0.500000 1.000000
vt 0.000000 1.000000
vt 1.000000 0.000000
vt 0.500000 0.000000
vt 0.989583 0.734375
vt 0.991320 0.687500
vt 0.916667 0.921875
vt 0.916667 1.000000
vt 0.916667 0.916667
vt 0.989583 0.739583
vt 0.845486 0.156250
vt 0.979167 0.520833
vt 0.833333 0.166667
vt 0.989583 1.000000
vt 1.000000 1.000000
vt 0.984688 0.514063
vt 0.986111 0.324653
vt 0.898370 0.110772
vt 0.010417 1.000000
vt 0.020833 0.520833
vt 0.154514 0.156250
vt 0.166667 0.166667
vt 0.101630 0.110772
vt 0.015312 0.514063
vt 0.013889 0.324653
vt 0.008681 0.687500
vt 0.083333 1.000000
vt 0.260417 1.000000
vt 0.739583 1.000000
vt 0.500000 0.041667
vt 0.736979 0.013021
vt 0.263021 0.013021
vt 0.010851 0.267795
vt 0.085069 0.086806
vt 0.083333 0.083333
vt 0.010417 0.260417
vt 0.423611 0.076389
vt 0.500000 0.253472
vt 0.491319 0.258681
vt 0.576389 0.076389
vt 0.510417 0.260417
vt 0.508681 0.258681
vt 0.252170 0.019531
vt 0.251736 0.982639
vt 0.083333 0.921875
vt 0.416667 0.916667
vt 0.423611 0.923611
vt 0.491319 0.741319
vt 0.500000 0.746528
vt 0.010417 0.734375
vt 0.748264 0.982639
vt 0.576389 0.923611
vt 0.508681 0.741320
vt 0.747830 0.019531
vt 0.914931 0.086806
vt 0.583333 0.083333
vt 0.989149 0.267795
vt 0.500000 0.028125
s 0
usemtl Gloss_Black.001
f 13/1/1 19/2/1 11/3/1 3/4/1
f 9/5/1 1/6/1 8/7/1 19/2/1
f 10/8/1 20/9/1 12/10/1 2/11/1
f 20/9/1 13/1/1 3/4/1 12/10/1
f 7/4/1 17/12/1 21/13/1 18/14/1
f 17/12/1 6/15/1 16/16/1 21/13/1
f 14/17/1 22/18/1 15/19/1 4/20/1
f 22/18/1 18/14/1 5/21/1 15/19/1
f 23/22/2 703/4/2 273/23/2
f 273/23/2 276/24/2 25/25/2
f 275/21/2 276/24/2 703/4/2
f 24/26/2 703/4/2 274/27/2
f 33/21/3 704/28/3 279/29/3
f 279/29/4 311/30/4 30/31/4
f 704/28/5 45/32/5 311/30/5
f 312/21/6 305/33/6 704/28/6
f 282/34/7 275/35/7 24/36/7
f 275/35/8 281/37/8 26/38/8
f 30/31/9 705/39/9 279/29/9
f 279/29/10 287/40/10 33/21/10
f 29/41/11 705/39/11 282/34/11
f 284/42/12 273/43/12 25/25/12
f 273/43/13 283/44/13 23/45/13
f 28/46/14 706/47/14 277/48/14
f 277/48/15 285/49/15 31/23/15
f 27/50/16 706/47/16 284/42/16
f 281/37/17 276/24/17 26/38/17
f 276/24/17 284/42/17 25/25/17
f 27/50/17 707/24/17 280/51/17
f 280/51/18 288/52/18 34/24/18
f 30/31/17 707/24/17 281/37/17
f 274/53/19 282/34/19 24/36/19
f 282/34/20 278/54/20 29/41/21
f 286/55/22 283/44/22 28/46/22
f 31/23/23 709/56/23 277/48/23
f 277/48/24 300/57/24 28/46/24
f 709/56/25 37/58/25 300/57/25
f 301/23/26 293/59/26 709/56/26
f 299/60/27 290/61/27 32/27/27
f 710/62/28 35/4/28 290/61/29
f 710/62/30 41/4/30 291/4/30
f 299/60/31 298/10/31 710/62/31
f 310/4/32 290/61/32 35/4/32
f 290/61/33 292/63/33 32/27/33
f 309/64/34 292/63/34 711/65/34
f 47/4/35 711/65/35 310/4/35
f 28/46/36 712/66/36 286/55/37
f 286/55/38 299/60/38 32/27/38
f 712/66/39 40/11/39 299/60/39
f 300/57/40 296/8/40 712/66/40
f 34/24/41 713/67/41 280/51/41
f 280/51/42 302/68/42 27/50/42
f 294/7/43 302/68/43 713/67/43
f 38/69/44 713/67/44 303/70/44
f 35/4/45 714/71/45 289/72/45
f 289/72/46 303/70/46 34/24/46
f 714/71/47 38/69/47 303/70/47
f 291/4/48 297/3/48 714/71/48
f 302/68/49 285/49/49 27/50/49
f 715/73/50 31/23/50 285/49/50
f 295/5/51 301/23/51 715/73/51
f 39/6/52 715/73/52 302/68/52
f 311/30/53 288/52/53 30/31/53
f 716/74/54 34/24/54 288/52/54
f 716/74/55 46/15/55 313/75/55
f 311/30/56 307/16/56 716/74/57
f 313/75/58 289/72/58 34/24/58
f 717/76/59 35/4/60 289/72/59
f 308/12/61 310/4/62 717/76/62
f 46/15/63 717/76/63 313/75/63
f 292/63/64 278/54/64 32/27/64
f 718/77/65 29/41/65 278/54/65
f 304/17/66 314/78/66 718/77/66
f 42/79/67 718/77/67 292/63/67
f 314/78/68 287/40/68 29/41/68
f 719/80/69 33/21/69 287/40/69
f 306/19/70 312/21/70 719/80/70
f 43/20/71 719/80/71 314/78/71
f 48/22/72 720/4/72 315/23/72
f 315/23/72 318/24/72 50/25/72
f 317/21/72 318/24/72 720/4/72
f 49/26/72 720/4/72 316/27/72
f 58/21/73 721/28/73 321/29/73
f 321/29/74 355/30/74 55/31/74
f 721/28/75 70/32/75 355/30/75
f 356/21/76 348/33/76 721/28/76
f 324/34/77 317/35/77 49/36/77
f 317/35/78 323/37/78 51/38/78
f 55/31/79 722/39/79 321/29/79
f 321/29/80 329/40/80 58/21/80
f 54/41/81 722/39/81 324/34/81
f 326/42/82 315/43/83 50/25/83
f 315/43/84 325/44/84 48/45/84
f 53/46/85 723/47/85 319/48/85
f 319/48/86 327/49/86 56/23/86
f 52/50/87 723/47/87 326/42/88
f 323/37/89 318/24/89 51/38/89
f 318/24/90 326/42/90 50/25/90
f 52/50/89 724/24/89 322/51/89
f 322/51/91 330/52/91 59/24/91
f 55/31/89 724/24/89 323/37/89
f 325/44/92 316/53/92 48/45/92
f 316/53/93 324/34/93 49/36/93
f 324/34/94 320/54/94 54/41/94
f 57/27/95 725/81/95 328/55/95
f 328/55/96 325/44/96 53/46/96
f 56/23/97 726/56/97 319/48/97
f 319/48/98 343/57/99 53/46/99
f 726/56/100 62/58/100 343/57/100
f 344/23/101 335/59/101 726/56/101
f 342/60/102 332/61/102 57/27/102
f 727/62/103 60/4/103 332/61/103
f 727/62/104 66/4/104 333/4/104
f 342/60/105 340/10/105 727/62/105
f 354/4/106 332/61/106 60/4/107
f 332/61/108 334/63/108 57/27/108
f 352/64/109 334/63/109 728/65/109
f 72/4/110 728/65/110 354/4/110
f 341/1/111 339/3/111 66/4/111
f 62/58/112 730/9/112 338/8/112
f 730/9/111 65/11/111 338/8/111
f 341/1/113 340/10/113 730/9/113
f 335/59/112 341/1/112 730/9/112
f 53/46/114 731/66/114 328/55/114
f 328/55/115 342/60/115 57/27/115
f 731/66/116 65/11/116 342/60/117
f 343/57/118 338/8/118 731/66/118
f 59/24/119 732/67/119 322/51/120
f 322/51/121 345/68/122 52/50/122
f 336/7/123 345/68/123 732/67/123
f 63/69/124 732/67/124 346/70/124
f 60/4/125 733/71/125 331/72/126
f 331/72/127 346/70/127 59/24/127
f 733/71/128 63/69/129 346/70/129
f 333/4/130 339/3/131 733/71/130
f 345/68/132 327/49/132 52/50/132
f 734/73/133 56/23/133 327/49/133
f 337/5/134 344/23/134 734/73/134
f 64/6/135 734/73/135 345/68/135
f 351/12/112 353/14/112 72/4/112
f 353/14/113 348/33/113 69/21/113
f 735/13/113 70/32/113 348/33/113
f 71/15/112 735/13/112 351/12/112
f 67/79/136 736/18/136 347/17/136
f 736/18/137 68/20/137 347/17/137
f 353/14/138 349/19/138 736/18/138
f 352/64/139 353/14/139 736/18/139
f 355/30/140 330/52/140 55/31/140
f 737/74/141 59/24/141 330/52/141
f 737/74/142 71/15/142 357/75/142
f 355/30/143 350/16/143 737/74/144
f 357/75/145 331/72/145 59/24/145
f 738/76/146 60/4/146 331/72/146
f 351/12/147 354/4/147 738/76/147
f 71/15/148 738/76/148 357/75/148
f 334/63/149 320/54/149 57/27/149
f 739/77/150 54/41/150 320/54/150
f 347/17/151 358/78/151 739/77/151
f 67/79/152 739/77/152 334/63/152
f 358/78/153 329/40/153 54/41/153
f 740/80/154 58/21/154 329/40/154
f 349/19/155 356/21/155 740/80/155
f 68/20/156 740/80/156 358/78/156
f 73/22/157 741/4/157 359/23/157
f 359/23/158 362/24/158 75/25/158
f 361/21/158 362/24/158 741/4/158
f 74/26/158 741/4/158 360/27/158
f 83/21/159 742/28/159 365/29/159
f 365/29/160 399/30/160 80/31/160
f 742/28/161 95/32/161 399/30/161
f 400/21/162 392/33/162 742/28/162
f 368/34/163 361/35/163 74/36/163
f 361/35/164 367/37/164 76/38/164
f 80/31/165 743/39/165 365/29/165
f 365/29/166 373/40/166 83/21/166
f 79/41/167 743/39/167 368/34/167
f 370/42/168 359/43/168 75/25/168
f 359/43/169 369/44/169 73/45/169
f 78/46/170 744/47/170 363/48/170
f 363/48/171 371/49/171 81/23/171
f 77/50/172 744/47/172 370/42/172
f 367/37/173 362/24/173 76/38/173
f 362/24/173 370/42/173 75/25/173
f 77/50/174 745/24/174 366/51/174
f 366/51/174 374/52/174 84/24/174
f 80/31/173 745/24/173 367/37/173
f 81/23/175 746/56/175 363/48/175
f 363/48/176 387/57/177 78/46/177
f 746/56/178 87/58/178 387/57/178
f 388/23/179 379/59/179 746/56/179
f 386/60/180 376/61/180 82/27/180
f 376/61/181 377/4/181 85/4/181
f 747/62/182 91/4/182 377/4/182
f 386/60/183 384/10/183 747/62/183
f 398/4/184 376/61/184 85/4/184
f 376/61/185 378/63/185 82/27/185
f 396/64/186 378/63/186 748/65/186
f 97/4/187 748/65/188 398/4/188
f 381/5/189 385/1/189 86/23/189
f 385/1/190 383/3/190 91/4/190
f 749/2/190 88/69/190 383/3/190
f 89/6/190 749/2/190 381/5/190
f 87/58/190 750/9/190 382/8/190
f 750/9/190 90/11/190 382/8/190
f 385/1/190 384/10/190 750/9/190
f 379/59/190 385/1/190 750/9/190
f 78/46/191 751/66/192 372/55/191
f 372/55/193 386/60/193 82/27/193
f 751/66/194 90/11/194 386/60/194
f 387/57/195 382/8/195 751/66/195
f 84/24/196 752/67/196 366/51/196
f 366/51/197 389/68/197 77/50/197
f 380/7/198 389/68/198 752/67/198
f 88/69/199 752/67/199 390/70/199
f 85/4/200 753/71/200 375/72/200
f 375/72/201 390/70/202 84/24/201
f 753/71/203 88/69/203 390/70/203
f 377/4/204 383/3/204 753/71/204
f 389/68/205 371/49/205 77/50/205
f 754/73/206 81/23/206 371/49/206
f 381/5/207 388/23/207 754/73/207
f 89/6/208 754/73/208 389/68/208
f 395/12/190 397/14/190 97/4/190
f 397/14/190 392/33/190 94/21/190
f 755/13/209 95/32/209 392/33/209
f 96/15/190 755/13/190 395/12/190
f 92/79/189 756/18/189 391/17/189
f 756/18/210 93/20/210 391/17/210
f 397/14/190 393/19/190 756/18/190
f 396/64/190 397/14/190 756/18/190
f 399/30/211 374/52/211 80/31/211
f 757/74/212 84/24/212 374/52/212
f 757/74/213 96/15/213 401/75/213
f 399/30/214 394/16/214 757/74/215
f 401/75/216 375/72/216 84/24/216
f 758/76/217 85/4/217 375/72/217
f 395/12/218 398/4/218 758/76/218
f 96/15/219 758/76/219 401/75/219
f 378/63/220 364/54/220 82/27/220
f 759/77/221 79/41/221 364/54/221
f 391/17/222 402/78/222 759/77/222
f 92/79/223 759/77/223 378/63/223
f 402/78/224 373/40/224 79/41/224
f 760/80/225 83/21/225 373/40/225
f 393/19/226 400/21/226 760/80/226
f 93/20/227 760/80/227 402/78/227
f 98/22/228 761/4/228 403/23/228
f 403/23/229 406/24/229 100/25/229
f 405/21/230 406/24/230 761/4/230
f 99/26/231 761/4/231 404/27/231
f 108/21/232 762/28/232 409/29/232
f 409/29/233 441/30/233 105/31/233
f 762/28/234 120/32/234 441/30/234
f 442/21/235 435/33/235 762/28/235
f 412/34/236 405/35/236 99/36/236
f 405/35/237 411/37/237 101/38/237
f 105/31/238 763/39/239 409/29/238
f 409/29/240 417/40/240 108/21/240
f 104/41/241 763/39/241 412/34/241
f 414/42/242 403/43/242 100/25/242
f 403/43/243 413/44/244 98/45/243
f 103/46/245 764/47/245 407/48/245
f 407/48/246 415/49/246 106/23/246
f 102/50/247 764/47/247 414/42/247
f 411/37/248 406/24/248 101/38/248
f 406/24/248 414/42/248 100/25/248
f 102/50/248 765/24/248 410/51/248
f 410/51/249 418/52/249 109/24/249
f 105/31/248 765/24/248 411/37/248
f 106/23/250 766/56/250 407/48/250
f 407/48/251 430/57/251 103/46/252
f 766/56/253 112/58/253 430/57/253
f 431/23/254 423/59/254 766/56/254
f 429/60/255 420/61/255 107/27/255
f 767/62/256 110/4/256 420/61/256
f 767/62/257 116/4/258 421/4/258
f 429/60/259 428/10/259 767/62/259
f 440/4/260 420/61/260 110/4/260
f 420/61/261 422/63/262 107/27/261
f 439/64/263 422/63/263 768/65/263
f 122/4/264 768/65/265 440/4/265
f 103/46/266 769/66/266 416/55/266
f 416/55/267 429/60/268 107/27/268
f 769/66/269 115/11/269 429/60/269
f 430/57/270 426/8/270 769/66/270
f 109/24/271 770/67/271 410/51/271
f 410/51/272 432/68/272 102/50/272
f 424/7/273 432/68/273 770/67/273
f 113/69/274 770/67/274 433/70/274
f 110/4/275 771/71/275 419/72/275
f 419/72/276 433/70/276 109/24/276
f 771/71/277 113/69/277 433/70/277
f 421/4/278 427/3/278 771/71/278
f 432/68/279 415/49/279 102/50/279
f 772/73/280 106/23/280 415/49/280
f 425/5/281 431/23/281 772/73/281
f 114/6/282 772/73/282 432/68/282
f 441/30/283 418/52/283 105/31/283
f 773/74/284 109/24/284 418/52/284
f 773/74/285 121/15/285 443/75/285
f 441/30/286 437/16/286 773/74/287
f 443/75/288 419/72/288 109/24/288
f 774/76/289 110/4/289 419/72/289
f 438/12/290 440/4/290 774/76/290
f 121/15/291 774/76/292 443/75/292
f 422/63/293 408/54/293 107/27/293
f 775/77/294 104/41/294 408/54/294
f 434/17/295 444/78/295 775/77/295
f 117/79/296 775/77/296 422/63/296
f 444/78/297 417/40/297 104/41/297
f 776/80/298 108/21/298 417/40/298
f 436/19/299 442/21/299 776/80/299
f 118/20/300 776/80/300 444/78/300
f 123/22/301 777/4/301 445/23/301
f 445/23/302 448/24/302 125/25/302
f 447/21/302 448/24/302 777/4/302
f 124/26/301 777/4/301 446/27/301
f 133/21/303 778/28/303 451/29/303
f 451/29/304 485/30/304 130/31/304
f 778/28/305 145/32/305 485/30/305
f 486/21/306 478/33/306 778/28/306
f 454/34/307 447/35/307 124/36/307
f 447/35/308 453/37/308 126/38/308
f 130/31/309 779/39/309 451/29/309
f 451/29/310 459/40/310 133/21/310
f 129/41/311 779/39/311 454/34/311
f 456/42/312 445/43/312 125/25/312
f 445/43/313 455/44/313 123/45/313
f 128/46/314 780/47/314 449/48/314
f 449/48/315 457/49/315 131/23/315
f 127/50/316 780/47/316 456/42/316
f 453/37/317 448/24/317 126/38/317
f 448/24/318 456/42/318 125/25/318
f 127/50/319 781/24/319 452/51/319
f 452/51/318 460/52/318 134/24/318
f 130/31/318 781/24/318 453/37/318
f 455/44/320 446/53/321 123/45/321
f 458/55/322 455/44/322 128/46/322
f 131/23/323 783/56/323 449/48/323
f 449/48/324 473/57/324 128/46/324
f 783/56/325 137/58/325 473/57/325
f 474/23/326 465/59/326 783/56/326
f 472/60/327 462/61/327 132/27/327
f 784/62/328 135/4/328 462/61/328
f 784/62/329 141/4/329 463/4/329
f 472/60/330 470/10/330 784/62/330
f 484/4/331 462/61/331 135/4/331
f 462/61/332 464/63/333 132/27/332
f 482/64/334 464/63/334 785/65/334
f 147/4/335 785/65/336 484/4/336
f 467/5/337 471/1/337 136/23/337
f 471/1/337 469/3/337 141/4/337
f 786/2/337 138/69/337 469/3/337
f 139/6/337 786/2/337 467/5/337
f 137/58/338 787/9/338 468/8/338
f 787/9/337 140/11/337 468/8/337
f 471/1/337 470/10/337 787/9/337
f 465/59/337 471/1/337 787/9/337
f 128/46/339 788/66/339 458/55/339
f 458/55/340 472/60/340 132/27/340
f 788/66/341 140/11/341 472/60/341
f 473/57/342 468/8/342 788/66/342
f 134/24/343 789/67/343 452/51/343
f 452/51/344 475/68/344 127/50/344
f 466/7/345 475/68/345 789/67/345
f 138/69/346 789/67/346 476/70/346
f 135/4/347 790/71/347 461/72/347
f 461/72/348 476/70/348 134/24/348
f 790/71/349 138/69/349 476/70/350
f 463/4/351 469/3/351 790/71/351
f 475/68/352 457/49/352 127/50/352
f 791/73/353 131/23/353 457/49/353
f 467/5/354 474/23/354 791/73/354
f 139/6/355 791/73/355 475/68/355
f 481/12/337 483/14/337 147/4/337
f 483/14/337 478/33/337 144/21/337
f 792/13/337 145/32/337 478/33/337
f 146/15/356 792/13/356 481/12/356
f 142/79/338 793/18/338 477/17/338
f 793/18/337 143/20/337 477/17/337
f 483/14/337 479/19/337 793/18/337
f 482/64/337 483/14/337 793/18/337
f 485/30/357 460/52/357 130/31/357
f 794/74/358 134/24/358 460/52/358
f 794/74/359 146/15/359 487/75/359
f 485/30/360 480/16/360 794/74/361
f 487/75/362 461/72/362 134/24/362
f 795/76/363 135/4/363 461/72/363
f 481/12/364 484/4/364 795/76/365
f 146/15/366 795/76/366 487/75/366
f 464/63/367 450/54/367 132/27/367
f 796/77/368 129/41/368 450/54/368
f 477/17/369 488/78/369 796/77/369
f 142/79/370 796/77/370 464/63/370
f 488/78/371 459/40/371 129/41/371
f 797/80/372 133/21/372 459/40/372
f 479/19/373 486/21/373 797/80/373
f 143/20/374 797/80/374 488/78/374
f 148/22/375 798/4/375 489/23/375
f 489/23/375 492/24/375 150/25/375
f 491/21/375 492/24/375 798/4/375
f 149/26/376 798/4/376 490/27/376
f 158/21/377 799/28/377 495/29/377
f 495/29/378 528/30/378 155/31/378
f 799/28/379 170/32/379 528/30/379
f 529/21/380 521/33/380 799/28/380
f 498/34/381 491/35/381 149/36/381
f 491/35/382 497/37/382 151/38/382
f 155/31/383 800/39/383 495/29/383
f 495/29/384 503/40/385 158/21/384
f 154/41/386 800/39/386 498/34/386
f 500/42/387 489/43/387 150/25/387
f 489/43/388 499/44/388 148/45/388
f 153/46/389 801/47/389 493/48/389
f 493/48/390 501/49/390 156/23/390
f 152/50/391 801/47/391 500/42/391
f 497/37/392 492/24/392 151/38/392
f 492/24/392 500/42/392 150/25/392
f 152/50/392 802/24/392 496/51/392
f 496/51/393 504/52/393 159/24/393
f 155/31/392 802/24/392 497/37/392
f 499/44/394 490/53/394 148/45/394
f 490/53/395 498/34/395 149/36/395
f 498/34/396 494/54/397 154/41/397
f 157/27/398 803/81/398 502/55/398
f 502/55/399 499/44/399 153/46/400
f 156/23/401 804/56/401 493/48/401
f 493/48/402 516/57/402 153/46/402
f 804/56/403 162/58/403 516/57/403
f 517/23/404 509/59/404 804/56/404
f 515/60/405 506/61/405 157/27/405
f 805/62/406 160/4/406 506/61/406
f 805/62/407 166/4/408 507/4/409
f 515/60/410 514/10/410 805/62/410
f 527/4/411 506/61/411 160/4/411
f 506/61/412 508/63/412 157/27/412
f 525/64/413 508/63/413 806/65/413
f 172/4/414 806/65/414 527/4/415
f 153/46/416 807/66/416 502/55/416
f 502/55/417 515/60/417 157/27/417
f 807/66/418 165/11/418 515/60/418
f 516/57/419 512/8/419 807/66/419
f 159/24/420 808/67/420 496/51/420
f 496/51/421 518/68/421 152/50/421
f 510/7/422 518/68/422 808/67/422
f 163/69/423 808/67/423 519/70/423
f 160/4/424 809/71/424 505/72/424
f 505/72/425 519/70/425 159/24/425
f 809/71/426 163/69/426 519/70/426
f 507/4/427 513/3/427 809/71/427
f 518/68/428 501/49/428 152/50/428
f 810/73/429 156/23/429 501/49/429
f 511/5/430 517/23/430 810/73/430
f 164/6/431 810/73/431 518/68/431
f 524/12/230 526/14/230 172/4/230
f 526/14/432 521/33/432 169/21/432
f 811/13/230 170/32/230 521/33/230
f 171/15/433 811/13/433 524/12/433
f 167/79/230 812/18/230 520/17/230
f 812/18/434 168/20/434 520/17/434
f 526/14/230 522/19/230 812/18/230
f 525/64/230 526/14/230 812/18/230
f 528/30/435 504/52/435 155/31/435
f 813/74/436 159/24/436 504/52/436
f 813/74/437 171/15/437 530/75/437
f 528/30/438 523/16/438 813/74/439
f 530/75/440 505/72/440 159/24/440
f 814/76/441 160/4/441 505/72/441
f 524/12/442 527/4/442 814/76/443
f 171/15/444 814/76/444 530/75/444
f 508/63/445 494/54/445 157/27/445
f 815/77/446 154/41/446 494/54/446
f 520/17/447 531/78/447 815/77/447
f 167/79/448 815/77/448 508/63/448
f 531/78/449 503/40/449 154/41/449
f 816/80/450 158/21/450 503/40/450
f 522/19/451 529/21/451 816/80/451
f 168/20/452 816/80/452 531/78/452
f 173/22/337 817/4/337 532/23/337
f 532/23/337 535/24/337 175/25/337
f 534/21/337 535/24/337 817/4/337
f 174/26/337 817/4/337 533/27/337
f 183/21/453 818/28/453 538/29/453
f 538/29/454 571/30/454 180/31/454
f 818/28/455 195/32/455 571/30/455
f 572/21/456 565/33/456 818/28/456
f 541/34/457 534/35/457 174/36/457
f 534/35/458 540/37/458 176/38/458
f 180/31/459 819/39/459 538/29/459
f 538/29/460 546/40/460 183/21/460
f 179/41/461 819/39/461 541/34/461
f 543/42/462 532/43/462 175/25/462
f 532/43/463 542/44/463 173/45/463
f 178/46/464 820/47/465 536/48/464
f 536/48/466 544/49/467 181/23/467
f 177/50/468 820/47/468 543/42/468
f 540/37/469 535/24/469 176/38/469
f 535/24/470 543/42/470 175/25/470
f 177/50/470 821/24/470 539/51/470
f 539/51/471 547/52/471 184/24/471
f 180/31/471 821/24/471 540/37/471
f 542/44/472 533/53/472 173/45/472
f 541/34/473 537/54/474 179/41/473
f 545/55/475 542/44/475 178/46/476
f 181/23/477 823/56/477 536/48/477
f 536/48/478 560/57/478 178/46/478
f 823/56/479 187/58/479 560/57/479
f 561/23/480 552/59/480 823/56/480
f 559/60/481 549/61/481 182/27/481
f 824/62/482 185/4/482 549/61/482
f 824/62/483 191/4/483 550/4/484
f 559/60/485 557/10/485 824/62/485
f 570/4/486 549/61/486 185/4/486
f 549/61/487 551/63/487 182/27/487
f 569/64/488 551/63/488 825/65/488
f 197/4/489 825/65/490 570/4/490
f 554/5/301 558/1/301 186/23/301
f 558/1/491 556/3/491 191/4/491
f 826/2/302 188/69/302 556/3/302
f 189/6/301 826/2/301 554/5/301
f 187/58/491 827/9/491 555/8/491
f 827/9/302 190/11/302 555/8/302
f 558/1/302 557/10/302 827/9/302
f 552/59/301 558/1/301 827/9/301
f 178/46/492 828/66/493 545/55/492
f 545/55/494 559/60/494 182/27/494
f 828/66/495 190/11/495 559/60/495
f 560/57/496 555/8/496 828/66/496
f 184/24/497 829/67/497 539/51/497
f 539/51/498 562/68/499 177/50/498
f 553/7/500 562/68/500 829/67/500
f 188/69/501 829/67/501 563/70/501
f 185/4/502 830/71/502 548/72/502
f 548/72/503 563/70/503 184/24/504
f 830/71/505 188/69/505 563/70/505
f 550/4/506 556/3/506 830/71/506
f 562/68/507 544/49/507 177/50/507
f 831/73/508 181/23/508 544/49/508
f 554/5/509 561/23/509 831/73/509
f 189/6/510 831/73/510 562/68/510
f 571/30/511 547/52/511 180/31/511
f 832/74/512 184/24/512 547/52/512
f 832/74/513 196/15/513 573/75/513
f 571/30/514 567/16/514 832/74/515
f 573/75/516 548/72/516 184/24/516
f 833/76/517 185/4/518 548/72/517
f 568/12/519 570/4/519 833/76/519
f 196/15/520 833/76/520 573/75/520
f 551/63/521 537/54/521 182/27/521
f 834/77/522 179/41/523 537/54/523
f 564/17/524 574/78/524 834/77/524
f 192/79/525 834/77/525 551/63/525
f 574/78/526 546/40/526 179/41/526
f 835/80/527 183/21/527 546/40/527
f 566/19/528 572/21/528 835/80/528
f 193/20/529 835/80/529 574/78/529
f 198/22/530 836/4/530 575/23/530
f 575/23/531 578/24/531 200/25/531
f 577/21/532 578/24/532 836/4/532
f 199/26/533 836/4/533 576/27/533
f 208/21/534 837/28/534 581/29/534
f 581/29/535 614/30/535 205/31/535
f 837/28/536 220/32/536 614/30/536
f 615/21/537 608/33/537 837/28/537
f 584/34/538 577/35/538 199/36/538
f 577/35/539 583/37/539 201/38/539
f 205/31/540 838/39/540 581/29/540
f 581/29/541 589/40/541 208/21/541
f 204/41/542 838/39/542 584/34/542
f 586/42/543 575/43/543 200/25/543
f 575/43/544 585/44/544 198/45/544
f 203/46/545 839/47/545 579/48/545
f 579/48/546 587/49/546 206/23/546
f 202/50/547 839/47/547 586/42/547
f 583/37/548 578/24/548 201/38/548
f 578/24/548 586/42/548 200/25/548
f 202/50/548 840/24/548 582/51/548
f 582/51/549 590/52/549 209/24/549
f 205/31/548 840/24/548 583/37/548
f 206/23/550 841/56/550 579/48/550
f 579/48/551 603/57/551 203/46/551
f 841/56/552 212/58/552 603/57/552
f 604/23/553 595/59/553 841/56/553
f 602/60/554 592/61/554 207/27/555
f 842/62/556 210/4/556 592/61/556
f 842/62/557 216/4/557 593/4/557
f 602/60/558 600/10/558 842/62/558
f 613/4/559 592/61/559 210/4/559
f 592/61/560 594/63/560 207/27/560
f 612/64/561 594/63/561 843/65/561
f 222/4/562 843/65/562 613/4/563
f 597/5/2 601/1/2 211/23/2
f 601/1/564 599/3/564 216/4/564
f 844/2/2 213/69/2 599/3/2
f 214/6/2 844/2/2 597/5/2
f 212/58/2 845/9/2 598/8/2
f 845/9/565 215/11/565 598/8/565
f 601/1/2 600/10/2 845/9/2
f 595/59/2 601/1/2 845/9/2
f 203/46/566 846/66/566 588/55/566
f 588/55/567 602/60/567 207/27/567
f 846/66/568 215/11/568 602/60/568
f 603/57/569 598/8/569 846/66/569
f 209/24/570 847/67/570 582/51/570
f 582/51/571 605/68/572 202/50/571
f 596/7/573 605/68/573 847/67/573
f 213/69/574 847/67/574 606/70/574
f 210/4/575 848/71/575 591/72/575
f 591/72/576 606/70/576 209/24/576
f 848/71/577 213/69/577 606/70/577
f 593/4/578 599/3/578 848/71/578
f 605/68/579 587/49/579 202/50/579
f 849/73/580 206/23/580 587/49/580
f 597/5/581 604/23/581 849/73/581
f 214/6/582 849/73/582 605/68/582
f 614/30/583 590/52/583 205/31/583
f 850/74/584 209/24/585 590/52/585
f 850/74/586 221/15/586 616/75/586
f 614/30/587 610/16/587 850/74/588
f 616/75/589 591/72/589 209/24/589
f 851/76/590 210/4/591 591/72/591
f 611/12/592 613/4/593 851/76/593
f 221/15/594 851/76/595 616/75/595
f 594/63/596 580/54/596 207/27/596
f 852/77/597 204/41/597 580/54/598
f 607/17/599 617/78/599 852/77/599
f 217/79/600 852/77/600 594/63/600
f 617/78/601 589/40/601 204/41/601
f 853/80/602 208/21/602 589/40/602
f 609/19/603 615/21/603 853/80/603
f 218/20/604 853/80/604 617/78/604
f 223/22/111 854/4/111 618/23/111
f 618/23/113 621/24/113 225/25/113
f 620/21/112 621/24/112 854/4/112
f 224/26/138 854/4/138 619/27/138
f 233/21/605 855/28/605 624/29/605
f 624/29/606 656/30/606 230/31/606
f 855/28/607 245/32/607 656/30/607
f 657/21/608 650/33/608 855/28/608
f 627/34/609 620/35/609 224/36/609
f 620/35/610 626/37/610 226/38/610
f 230/31/611 856/39/611 624/29/611
f 624/29/612 632/40/612 233/21/612
f 229/41/613 856/39/613 627/34/613
f 629/42/614 618/43/614 225/25/614
f 618/43/615 628/44/615 223/45/615
f 228/46/616 857/47/617 622/48/616
f 622/48/618 630/49/618 231/23/618
f 227/50/619 857/47/619 629/42/619
f 626/37/620 621/24/620 226/38/620
f 621/24/621 629/42/621 225/25/621
f 227/50/621 858/24/621 625/51/621
f 625/51/621 633/52/621 234/24/621
f 230/31/621 858/24/621 626/37/621
f 231/23/622 859/56/622 622/48/622
f 622/48/623 645/57/623 228/46/623
f 859/56/624 237/58/624 645/57/624
f 646/23/625 638/59/625 859/56/625
f 644/60/626 635/61/626 232/27/626
f 860/62/627 235/4/627 635/61/627
f 860/62/628 241/4/628 636/4/629
f 644/60/630 643/10/630 860/62/630
f 655/4/631 635/61/631 235/4/631
f 635/61/632 637/63/632 232/27/632
f 654/64/633 637/63/633 861/65/633
f 247/4/634 861/65/634 655/4/634
f 228/46/635 862/66/635 631/55/635
f 631/55/636 644/60/636 232/27/636
f 862/66/637 240/11/638 644/60/637
f 645/57/639 641/8/639 862/66/639
f 234/24/640 863/67/640 625/51/640
f 625/51/641 647/68/641 227/50/641
f 639/7/642 647/68/642 863/67/642
f 238/69/643 863/67/643 648/70/643
f 235/4/644 864/71/644 634/72/644
f 634/72/645 648/70/645 234/24/645
f 864/71/646 238/69/646 648/70/646
f 636/4/647 642/3/648 864/71/648
f 647/68/649 630/49/649 227/50/649
f 865/73/650 231/23/650 630/49/650
f 640/5/651 646/23/651 865/73/651
f 239/6/652 865/73/652 647/68/652
f 656/30/653 633/52/654 230/31/653
f 866/74/655 234/24/655 633/52/655
f 866/74/656 246/15/656 658/75/656
f 656/30/657 652/16/657 866/74/658
f 658/75/659 634/72/659 234/24/659
f 867/76/660 235/4/660 634/72/660
f 653/12/661 655/4/662 867/76/662
f 246/15/663 867/76/663 658/75/663
f 637/63/664 623/54/664 232/27/664
f 868/77/665 229/41/665 623/54/665
f 649/17/666 659/78/666 868/77/666
f 242/79/667 868/77/667 637/63/667
f 659/78/668 632/40/668 229/41/668
f 869/80/669 233/21/669 632/40/669
f 651/19/670 657/21/670 869/80/670
f 243/20/671 869/80/671 659/78/671
f 248/22/190 870/4/190 660/23/190
f 660/23/190 663/24/190 250/25/190
f 662/21/209 663/24/209 870/4/209
f 249/26/189 870/4/189 661/27/189
f 258/21/672 871/28/672 666/29/672
f 666/29/673 699/30/673 255/31/673
f 871/28/674 270/32/674 699/30/674
f 700/21/675 693/33/675 871/28/675
f 669/34/676 662/35/676 249/36/676
f 662/35/677 668/37/677 251/38/677
f 255/31/678 872/39/678 666/29/678
f 666/29/679 674/40/679 258/21/679
f 254/41/680 872/39/680 669/34/680
f 671/42/681 660/43/681 250/25/681
f 660/43/682 670/44/682 248/45/682
f 253/46/683 873/47/683 664/48/683
f 664/48/684 672/49/684 256/23/684
f 252/50/685 873/47/685 671/42/685
f 668/37/686 663/24/686 251/38/686
f 663/24/686 671/42/686 250/25/686
f 252/50/686 874/24/686 667/51/686
f 667/51/687 675/52/687 259/24/687
f 255/31/686 874/24/686 668/37/686
f 670/44/688 661/53/688 248/45/688
f 256/23/689 876/56/689 664/48/689
f 664/48/690 688/57/690 253/46/690
f 876/56/691 262/58/691 688/57/691
f 689/23/692 680/59/692 876/56/692
f 687/60/693 677/61/693 257/27/693
f 677/61/694 678/4/694 260/4/694
f 877/62/695 266/4/695 678/4/695
f 687/60/696 685/10/696 877/62/696
f 698/4/697 677/61/697 260/4/697
f 677/61/698 679/63/699 257/27/698
f 697/64/700 679/63/700 878/65/700
f 272/4/701 878/65/701 698/4/701
f 682/5/158 686/1/158 261/23/158
f 686/1/158 684/3/158 266/4/158
f 879/2/702 263/69/702 684/3/702
f 264/6/702 879/2/702 682/5/702
f 262/58/158 880/9/158 683/8/158
f 880/9/158 265/11/158 683/8/158
f 686/1/158 685/10/158 880/9/158
f 680/59/158 686/1/158 880/9/158
f 253/46/703 881/66/704 673/55/704
f 673/55/705 687/60/706 257/27/706
f 881/66/707 265/11/707 687/60/707
f 688/57/708 683/8/708 881/66/708
f 259/24/709 882/67/709 667/51/709
f 667/51/710 690/68/710 252/50/710
f 681/7/711 690/68/711 882/67/711
f 263/69/712 882/67/712 691/70/712
f 260/4/713 883/71/713 676/72/713
f 676/72/714 691/70/714 259/24/714
f 883/71/715 263/69/715 691/70/715
f 678/4/716 684/3/717 883/71/717
f 690/68/718 672/49/718 252/50/719
f 884/73/720 256/23/720 672/49/720
f 682/5/721 689/23/721 884/73/721
f 264/6/722 884/73/722 690/68/722
f 699/30/723 675/52/723 255/31/723
f 885/74/724 259/24/724 675/52/724
f 885/74/725 271/15/725 701/75/725
f 699/30/726 695/16/726 885/74/727
f 701/75/728 676/72/728 259/24/728
f 886/76/729 260/4/729 676/72/729
f 696/12/730 698/4/730 886/76/730
f 271/15/731 886/76/732 701/75/731
f 679/63/733 665/54/733 257/27/733
f 887/77/734 254/41/734 665/54/734
f 692/17/735 702/78/735 887/77/735
f 267/79/736 887/77/736 679/63/736
f 702/78/737 674/40/737 254/41/737
f 888/80/738 258/21/738 674/40/738
f 694/19/739 700/21/739 888/80/739
f 268/20/740 888/80/740 702/78/740
f 24/26/2 275/21/2 703/4/2
f 33/21/3 312/21/3 704/28/3
f 279/29/4 704/28/4 311/30/4
f 704/28/741 305/33/741 45/32/741
f 312/21/6 44/21/6 305/33/6
f 282/34/7 705/39/7 275/35/7
f 275/35/8 705/39/8 281/37/8
f 30/31/9 281/37/9 705/39/9
f 279/29/10 705/39/10 287/40/10
f 29/41/11 287/40/11 705/39/11
f 277/48/15 706/47/742 285/49/15
f 27/50/16 285/49/16 706/47/16
f 281/37/17 707/24/17 276/24/17
f 276/24/17 707/24/17 284/42/17
f 27/50/17 284/42/17 707/24/17
f 280/51/17 707/24/17 288/52/17
f 30/31/17 288/52/17 707/24/17
f 290/61/33 711/65/743 292/63/33
f 34/24/41 303/70/41 713/67/41
f 280/51/744 713/67/745 302/68/744
f 294/7/43 39/6/43 302/68/43
f 38/69/746 294/7/746 713/67/746
f 35/4/747 291/4/747 714/71/747
f 289/72/46 714/71/46 303/70/46
f 714/71/47 297/3/748 38/69/47
f 291/4/749 41/4/749 297/3/749
f 302/68/49 715/73/49 285/49/49
f 295/5/51 36/23/51 301/23/51
f 39/6/750 295/5/750 715/73/750
f 311/30/53 716/74/53 288/52/53
f 716/74/54 313/75/54 34/24/54
f 716/74/55 307/16/55 46/15/55
f 311/30/751 45/32/751 307/16/751
f 313/75/58 717/76/58 289/72/58
f 717/76/60 310/4/60 35/4/60
f 308/12/62 47/4/752 310/4/752
f 46/15/63 308/12/63 717/76/63
f 314/78/753 719/80/754 287/40/753
f 719/80/69 312/21/69 33/21/69
f 306/19/70 44/21/70 312/21/70
f 321/29/74 721/28/74 355/30/74
f 721/28/75 348/33/75 70/32/75
f 356/21/76 69/21/76 348/33/76
f 317/35/78 722/39/78 323/37/78
f 55/31/79 323/37/79 722/39/79
f 321/29/755 722/39/755 329/40/755
f 326/42/83 723/47/82 315/43/82
f 315/43/84 723/47/84 325/44/84
f 53/46/85 325/44/85 723/47/756
f 319/48/86 723/47/757 327/49/86
f 52/50/88 327/49/88 723/47/88
f 323/37/89 724/24/89 318/24/89
f 318/24/91 724/24/91 326/42/91
f 52/50/90 326/42/90 724/24/90
f 322/51/89 724/24/89 330/52/89
f 55/31/89 330/52/89 724/24/89
f 325/44/758 725/81/758 316/53/758
f 56/23/97 344/23/97 726/56/97
f 319/48/759 726/56/759 343/57/760
f 344/23/761 61/23/761 335/59/761
f 342/60/762 727/62/762 332/61/102
f 727/62/763 333/4/763 60/4/763
f 727/62/764 340/10/764 66/4/764
f 354/4/106 728/65/106 332/61/106
f 332/61/108 728/65/108 334/63/108
f 352/64/765 67/79/765 334/63/766
f 72/4/767 352/64/768 728/65/768
f 53/46/114 343/57/114 731/66/114
f 328/55/115 731/66/115 342/60/115
f 731/66/116 338/8/116 65/11/116
f 59/24/120 346/70/120 732/67/119
f 322/51/121 732/67/121 345/68/121
f 336/7/123 64/6/123 345/68/123
f 63/69/769 336/7/769 732/67/769
f 60/4/125 333/4/125 733/71/125
f 331/72/127 733/71/127 346/70/127
f 733/71/129 339/3/129 63/69/129
f 333/4/770 66/4/770 339/3/770
f 345/68/132 734/73/132 327/49/132
f 734/73/133 344/23/133 56/23/133
f 337/5/134 61/23/134 344/23/134
f 64/6/135 337/5/135 734/73/135
f 355/30/140 737/74/140 330/52/140
f 737/74/141 357/75/141 59/24/141
f 737/74/771 350/16/771 71/15/771
f 355/30/143 70/32/143 350/16/143
f 357/75/145 738/76/145 331/72/145
f 738/76/772 354/4/772 60/4/772
f 351/12/773 72/4/774 354/4/774
f 71/15/775 351/12/775 738/76/775
f 334/63/149 739/77/149 320/54/149
f 739/77/776 358/78/776 54/41/777
f 347/17/778 68/20/778 358/78/778
f 67/79/152 347/17/152 739/77/152
f 740/80/154 356/21/154 58/21/154
f 359/23/158 741/4/158 362/24/158
f 361/21/158 76/38/158 362/24/158
f 74/26/158 361/21/158 741/4/158
f 365/29/160 742/28/160 399/30/160
f 742/28/161 392/33/161 95/32/161
f 80/31/779 367/37/165 743/39/165
f 370/42/168 744/47/168 359/43/168
f 363/48/780 744/47/781 371/49/780
f 77/50/172 371/49/172 744/47/172
f 367/37/173 745/24/173 362/24/173
f 362/24/173 745/24/173 370/42/173
f 77/50/173 370/42/173 745/24/173
f 366/51/173 745/24/173 374/52/173
f 80/31/173 374/52/173 745/24/173
f 81/23/175 388/23/175 746/56/175
f 363/48/176 746/56/782 387/57/176
f 746/56/783 379/59/783 87/58/783
f 388/23/179 86/23/179 379/59/179
f 386/60/784 747/62/784 376/61/784
f 376/61/785 748/65/185 378/63/185
f 396/64/186 92/79/186 378/63/186
f 97/4/187 396/64/786 748/65/787
f 78/46/192 387/57/191 751/66/191
f 372/55/193 751/66/193 386/60/193
f 751/66/788 382/8/788 90/11/788
f 387/57/789 87/58/789 382/8/789
f 84/24/196 390/70/196 752/67/196
f 366/51/790 752/67/790 389/68/790
f 380/7/198 89/6/198 389/68/198
f 88/69/791 380/7/791 752/67/791
f 85/4/792 377/4/200 753/71/200
f 375/72/793 753/71/793 390/70/793
f 753/71/203 383/3/203 88/69/203
f 377/4/794 91/4/794 383/3/794
f 389/68/205 754/73/205 371/49/205
f 754/73/206 388/23/206 81/23/206
f 381/5/795 86/23/795 388/23/795
f 89/6/208 381/5/208 754/73/208
f 399/30/211 757/74/211 374/52/796
f 757/74/212 401/75/797 84/24/797
f 757/74/213 394/16/213 96/15/213
f 399/30/798 95/32/798 394/16/798
f 401/75/216 758/76/216 375/72/216
f 758/76/217 398/4/217 85/4/217
f 395/12/799 97/4/800 398/4/800
f 96/15/219 395/12/219 758/76/219
f 378/63/220 759/77/220 364/54/220
f 759/77/221 402/78/221 79/41/221
f 391/17/222 93/20/222 402/78/222
f 92/79/801 391/17/801 759/77/801
f 402/78/802 760/80/802 373/40/802
f 93/20/803 393/19/803 760/80/803
f 98/22/229 404/27/229 761/4/229
f 403/23/434 761/4/434 406/24/434
f 405/21/230 101/38/230 406/24/230
f 99/26/432 405/21/432 761/4/432
f 108/21/232 442/21/232 762/28/232
f 409/29/233 762/28/233 441/30/233
f 762/28/234 435/33/234 120/32/234
f 442/21/235 119/21/235 435/33/235
f 405/35/237 763/39/237 411/37/237
f 105/31/804 411/37/804 763/39/804
f 409/29/240 763/39/240 417/40/240
f 414/42/242 764/47/242 403/43/242
f 407/48/805 764/47/806 415/49/805
f 102/50/247 415/49/247 764/47/247
f 411/37/248 765/24/248 406/24/248
f 406/24/248 765/24/248 414/42/248
f 102/50/248 414/42/248 765/24/248
f 410/51/248 765/24/248 418/52/248
f 105/31/248 418/52/248 765/24/248
f 106/23/807 431/23/807 766/56/807
f 407/48/808 766/56/808 430/57/808
f 766/56/809 423/59/809 112/58/809
f 431/23/254 111/23/254 423/59/254
f 767/62/810 421/4/810 110/4/810
f 767/62/258 428/10/258 116/4/811
f 440/4/260 768/65/260 420/61/260
f 122/4/812 439/64/813 768/65/813
f 109/24/271 433/70/271 770/67/271
f 410/51/272 770/67/272 432/68/272
f 424/7/273 114/6/273 432/68/273
f 113/69/274 424/7/274 770/67/274
f 110/4/275 421/4/814 771/71/814
f 419/72/815 771/71/816 433/70/817
f 771/71/277 427/3/277 113/69/277
f 421/4/818 116/4/818 427/3/818
f 432/68/279 772/73/279 415/49/279
f 772/73/280 431/23/280 106/23/280
f 425/5/819 111/23/819 431/23/819
f 114/6/820 425/5/820 772/73/820
f 441/30/821 773/74/821 418/52/821
f 773/74/284 443/75/284 109/24/284
f 773/74/822 437/16/822 121/15/822
f 441/30/286 120/32/823 437/16/823
f 443/75/824 774/76/824 419/72/824
f 774/76/825 440/4/826 110/4/825
f 438/12/827 122/4/827 440/4/827
f 121/15/292 438/12/292 774/76/292
f 776/80/298 442/21/298 108/21/298
f 436/19/299 119/21/299 442/21/299
f 123/22/301 446/27/301 777/4/301
f 445/23/301 777/4/301 448/24/301
f 124/26/302 447/21/302 777/4/302
f 133/21/303 486/21/303 778/28/303
f 451/29/828 778/28/828 485/30/828
f 778/28/305 478/33/305 145/32/305
f 486/21/306 144/21/306 478/33/306
f 447/35/308 779/39/308 453/37/308
f 130/31/309 453/37/309 779/39/309
f 451/29/310 779/39/310 459/40/310
f 456/42/829 780/47/829 445/43/829
f 449/48/315 780/47/830 457/49/315
f 127/50/316 457/49/316 780/47/316
f 453/37/318 781/24/318 448/24/318
f 448/24/317 781/24/317 456/42/317
f 127/50/318 456/42/318 781/24/318
f 452/51/318 781/24/318 460/52/318
f 130/31/317 460/52/317 781/24/317
f 474/23/831 136/23/831 465/59/831
f 784/62/832 463/4/832 135/4/832
f 784/62/329 470/10/329 141/4/833
f 147/4/834 482/64/834 785/65/834
f 134/24/343 476/70/343 789/67/343
f 452/51/344 789/67/344 475/68/344
f 466/7/345 139/6/345 475/68/345
f 138/69/346 466/7/346 789/67/346
f 135/4/835 463/4/835 790/71/835
f 461/72/836 790/71/836 476/70/348
f 790/71/837 469/3/837 138/69/837
f 463/4/838 141/4/838 469/3/838
f 475/68/352 791/73/352 457/49/352
f 791/73/353 474/23/353 131/23/353
f 467/5/354 136/23/354 474/23/354
f 139/6/355 467/5/355 791/73/355
f 485/30/357 794/74/357 460/52/357
f 794/74/358 487/75/358 134/24/358
f 794/74/839 480/16/839 146/15/839
f 485/30/360 145/32/360 480/16/360
f 487/75/362 795/76/362 461/72/362
f 795/76/363 484/4/363 135/4/363
f 481/12/840 147/4/840 484/4/840
f 146/15/841 481/12/842 795/76/841
f 797/80/372 486/21/372 133/21/372
f 479/19/843 144/21/843 486/21/843
f 158/21/377 529/21/377 799/28/377
f 495/29/378 799/28/378 528/30/378
f 799/28/379 521/33/379 170/32/379
f 529/21/844 169/21/844 521/33/844
f 498/34/381 800/39/381 491/35/381
f 491/35/845 800/39/845 497/37/845
f 155/31/383 497/37/383 800/39/383
f 500/42/387 801/47/387 489/43/387
f 493/48/846 801/47/390 501/49/846
f 152/50/391 501/49/391 801/47/391
f 497/37/392 802/24/392 492/24/392
f 492/24/392 802/24/392 500/42/392
f 152/50/392 500/42/392 802/24/392
f 496/51/392 802/24/392 504/52/392
f 155/31/392 504/52/392 802/24/392
f 499/44/847 803/81/848 490/53/847
f 517/23/404 161/23/404 509/59/404
f 805/62/849 507/4/849 160/4/849
f 805/62/850 514/10/851 166/4/851
f 527/4/411 806/65/411 506/61/411
f 172/4/414 525/64/414 806/65/414
f 159/24/420 519/70/420 808/67/420
f 496/51/421 808/67/421 518/68/852
f 510/7/422 164/6/422 518/68/422
f 163/69/423 510/7/423 808/67/423
f 160/4/853 507/4/853 809/71/853
f 505/72/425 809/71/425 519/70/425
f 809/71/426 513/3/426 163/69/426
f 507/4/854 166/4/854 513/3/854
f 518/68/428 810/73/428 501/49/428
f 810/73/429 517/23/429 156/23/429
f 511/5/430 161/23/430 517/23/430
f 164/6/855 511/5/855 810/73/855
f 528/30/435 813/74/435 504/52/435
f 813/74/436 530/75/436 159/24/436
f 813/74/437 523/16/437 171/15/437
f 528/30/856 170/32/856 523/16/856
f 530/75/440 814/76/440 505/72/440
f 814/76/857 527/4/857 160/4/857
f 524/12/858 172/4/858 527/4/858
f 171/15/444 524/12/444 814/76/444
f 816/80/450 529/21/450 158/21/450
f 522/19/451 169/21/451 529/21/451
f 532/23/337 817/4/337 535/24/337
f 183/21/453 572/21/453 818/28/453
f 538/29/454 818/28/454 571/30/454
f 818/28/859 565/33/859 195/32/859
f 572/21/456 194/21/456 565/33/456
f 534/35/458 819/39/458 540/37/458
f 180/31/459 540/37/459 819/39/459
f 538/29/460 819/39/460 546/40/460
f 543/42/462 820/47/462 532/43/462
f 178/46/464 542/44/464 820/47/464
f 536/48/467 820/47/467 544/49/467
f 177/50/468 544/49/468 820/47/468
f 540/37/471 821/24/471 535/24/471
f 535/24/470 821/24/470 543/42/470
f 177/50/470 543/42/470 821/24/470
f 539/51/470 821/24/470 547/52/470
f 180/31/470 547/52/470 821/24/470
f 542/44/472 822/81/472 533/53/472
f 181/23/477 561/23/477 823/56/477
f 536/48/860 823/56/860 560/57/860
f 823/56/861 552/59/861 187/58/861
f 561/23/862 186/23/862 552/59/862
f 559/60/481 824/62/481 549/61/481
f 824/62/863 557/10/863 191/4/864
f 559/60/485 190/11/485 557/10/485
f 570/4/865 825/65/865 549/61/865
f 549/61/866 825/65/487 551/63/487
f 569/64/867 192/79/867 551/63/867
f 197/4/868 569/64/868 825/65/868
f 178/46/493 560/57/493 828/66/493
f 545/55/869 828/66/869 559/60/869
f 828/66/870 555/8/870 190/11/870
f 560/57/496 187/58/496 555/8/496
f 184/24/497 563/70/497 829/67/497
f 539/51/871 829/67/871 562/68/871
f 553/7/500 189/6/500 562/68/500
f 188/69/872 553/7/872 829/67/872
f 185/4/873 550/4/873 830/71/873
f 548/72/503 830/71/504 563/70/503
f 830/71/874 556/3/874 188/69/874
f 550/4/875 191/4/875 556/3/875
f 562/68/507 831/73/507 544/49/507
f 831/73/508 561/23/508 181/23/508
f 554/5/509 186/23/509 561/23/509
f 189/6/510 554/5/510 831/73/510
f 571/30/511 832/74/511 547/52/511
f 832/74/512 573/75/512 184/24/512
f 832/74/513 567/16/513 196/15/513
f 571/30/514 195/32/514 567/16/514
f 573/75/516 833/76/516 548/72/516
f 833/76/518 570/4/518 185/4/518
f 568/12/876 197/4/877 570/4/878
f 196/15/879 568/12/880 833/76/879
f 551/63/521 834/77/521 537/54/521
f 834/77/881 574/78/882 179/41/523
f 564/17/524 193/20/524 574/78/524
f 192/79/525 564/17/525 834/77/525
f 835/80/883 572/21/883 183/21/883
f 193/20/884 566/19/884 835/80/884
f 198/22/531 576/27/531 836/4/531
f 575/23/530 836/4/530 578/24/530
f 577/21/885 201/38/885 578/24/885
f 199/26/1 577/21/1 836/4/1
f 581/29/535 837/28/535 614/30/535
f 837/28/536 608/33/536 220/32/536
f 615/21/537 219/21/537 608/33/537
f 577/35/539 838/39/539 583/37/539
f 205/31/540 583/37/540 838/39/540
f 581/29/541 838/39/541 589/40/541
f 586/42/886 839/47/543 575/43/543
f 575/43/544 839/47/544 585/44/544
f 203/46/545 585/44/545 839/47/545
f 579/48/546 839/47/887 587/49/546
f 202/50/547 587/49/547 839/47/547
f 583/37/548 840/24/548 578/24/548
f 578/24/548 840/24/548 586/42/548
f 202/50/548 586/42/548 840/24/548
f 582/51/548 840/24/548 590/52/548
f 205/31/548 590/52/548 840/24/548
f 206/23/550 604/23/550 841/56/550
f 604/23/553 211/23/553 595/59/553
f 613/4/559 843/65/888 592/61/888
f 222/4/889 612/64/889 843/65/562
f 209/24/570 606/70/570 847/67/570
f 582/51/572 847/67/572 605/68/571
f 596/7/573 214/6/573 605/68/573
f 213/69/574 596/7/574 847/67/574
f 591/72/576 848/71/576 606/70/576
f 848/71/890 599/3/890 213/69/890
f 593/4/578 216/4/578 599/3/578
f 605/68/579 849/73/579 587/49/579
f 849/73/580 604/23/580 206/23/580
f 597/5/891 211/23/891 604/23/891
f 214/6/582 597/5/582 849/73/582
f 614/30/583 850/74/583 590/52/583
f 850/74/584 616/75/585 209/24/585
f 850/74/892 610/16/892 221/15/893
f 614/30/587 220/32/587 610/16/587
f 616/75/589 851/76/589 591/72/589
f 851/76/591 613/4/590 210/4/591
f 611/12/894 222/4/894 613/4/894
f 221/15/595 611/12/595 851/76/595
f 853/80/602 615/21/602 208/21/602
f 609/19/603 219/21/603 615/21/603
f 618/23/111 854/4/111 621/24/111
f 620/21/112 226/38/112 621/24/112
f 233/21/895 657/21/895 855/28/895
f 624/29/606 855/28/606 656/30/606
f 855/28/607 650/33/607 245/32/607
f 657/21/608 244/21/608 650/33/608
f 627/34/609 856/39/609 620/35/609
f 620/35/610 856/39/610 626/37/610
f 230/31/896 626/37/896 856/39/896
f 624/29/612 856/39/612 632/40/612
f 229/41/613 632/40/613 856/39/613
f 629/42/614 857/47/614 618/43/614
f 622/48/618 857/47/897 630/49/618
f 227/50/619 630/49/619 857/47/619
f 626/37/620 858/24/620 621/24/620
f 621/24/898 858/24/898 629/42/898
f 227/50/621 629/42/621 858/24/621
f 625/51/621 858/24/621 633/52/621
f 230/31/621 633/52/621 858/24/621
f 646/23/625 236/23/625 638/59/625
f 860/62/627 636/4/627 235/4/627
f 860/62/899 643/10/900 241/4/900
f 655/4/901 861/65/901 635/61/901
f 247/4/902 654/64/902 861/65/902
f 234/24/640 648/70/640 863/67/640
f 625/51/903 863/67/903 647/68/903
f 639/7/904 239/6/904 647/68/904
f 238/69/905 639/7/905 863/67/905
f 235/4/906 636/4/644 864/71/644
f 634/72/645 864/71/645 648/70/645
f 864/71/907 642/3/907 238/69/908
f 636/4/909 241/4/910 642/3/910
f 647/68/649 865/73/649 630/49/649
f 865/73/650 646/23/650 231/23/650
f 640/5/651 236/23/651 646/23/651
f 239/6/652 640/5/652 865/73/652
f 656/30/911 866/74/911 633/52/911
f 866/74/655 658/75/655 234/24/655
f 866/74/656 652/16/656 246/15/656
f 656/30/912 245/32/912 652/16/912
f 658/75/913 867/76/913 634/72/913
f 653/12/914 247/4/915 655/4/915
f 246/15/916 653/12/917 867/76/917
f 659/78/918 869/80/919 632/40/918
f 869/80/920 657/21/920 233/21/920
f 651/19/670 244/21/670 657/21/670
f 662/21/209 251/38/209 663/24/209
f 249/26/190 662/21/190 870/4/190
f 258/21/672 700/21/672 871/28/672
f 666/29/673 871/28/673 699/30/673
f 871/28/674 693/33/674 270/32/674
f 700/21/675 269/21/675 693/33/675
f 662/35/677 872/39/677 668/37/677
f 255/31/921 668/37/921 872/39/921
f 666/29/679 872/39/679 674/40/679
f 671/42/922 873/47/922 660/43/922
f 664/48/684 873/47/923 672/49/684
f 252/50/685 672/49/685 873/47/685
f 668/37/686 874/24/686 663/24/686
f 663/24/686 874/24/686 671/42/686
f 252/50/686 671/42/686 874/24/686
f 667/51/686 874/24/686 675/52/686
f 255/31/686 675/52/686 874/24/686
f 677/61/924 877/62/924 678/4/925
f 259/24/709 691/70/709 882/67/709
f 667/51/710 882/67/710 690/68/710
f 681/7/711 264/6/711 690/68/711
f 263/69/712 681/7/712 882/67/712
f 260/4/713 678/4/713 883/71/926
f 676/72/714 883/71/714 691/70/714
f 883/71/715 684/3/715 263/69/715
f 678/4/927 266/4/927 684/3/927
f 690/68/719 884/73/719 672/49/718
f 884/73/720 689/23/720 256/23/720
f 264/6/928 682/5/928 884/73/928
f 699/30/723 885/74/723 675/52/723
f 885/74/724 701/75/724 259/24/724
f 885/74/929 695/16/725 271/15/929
f 699/30/930 270/32/930 695/16/930
f 701/75/728 886/76/728 676/72/728
f 271/15/732 696/12/732 886/76/732
f 702/78/931 888/80/931 674/40/932
f 888/80/738 700/21/738 258/21/738
f 694/19/739 269/21/739 700/21/739
f 268/20/933 694/19/933 888/80/933
f 23/22/2 274/27/2 703/4/2
f 273/23/2 703/4/2 276/24/2
f 275/21/2 26/38/2 276/24/2
f 284/42/12 706/47/12 273/43/12
f 273/43/13 706/47/13 283/44/13
f 28/46/14 283/44/14 706/47/14
f 274/53/1254 708/81/1254 282/34/1254
f 282/34/20 708/81/20 278/54/20
f 286/55/22 708/81/22 283/44/22
f 31/23/23 301/23/23 709/56/23
f 277/48/1255 709/56/1255 300/57/1255
f 709/56/1256 293/59/1256 37/58/1256
f 301/23/26 36/23/26 293/59/26
f 299/60/27 710/62/1257 290/61/27
f 710/62/29 291/4/29 35/4/29
f 710/62/1258 298/10/1258 41/4/1258
f 299/60/31 40/11/31 298/10/31
f 310/4/1259 711/65/1259 290/61/1259
f 309/64/1260 42/79/1260 292/63/1260
f 47/4/1261 309/64/1261 711/65/1261
f 28/46/36 300/57/36 712/66/37
f 286/55/1262 712/66/1262 299/60/1262
f 712/66/1263 296/8/1263 40/11/1263
f 300/57/40 37/58/40 296/8/40
f 715/73/50 301/23/50 31/23/50
f 292/63/64 718/77/64 278/54/64
f 718/77/65 314/78/1264 29/41/65
f 304/17/66 43/20/66 314/78/66
f 42/79/1265 304/17/1265 718/77/1265
f 43/20/1266 306/19/1266 719/80/1266
f 48/22/1267 316/27/1267 720/4/1267
f 315/23/72 720/4/72 318/24/72
f 317/21/72 51/38/72 318/24/72
f 49/26/72 317/21/72 720/4/72
f 58/21/73 356/21/73 721/28/73
f 324/34/77 722/39/77 317/35/77
f 54/41/1268 329/40/1268 722/39/1268
f 316/53/93 725/81/93 324/34/93
f 324/34/94 725/81/1269 320/54/94
f 57/27/95 320/54/95 725/81/95
f 328/55/96 725/81/96 325/44/96
f 726/56/1270 335/59/1270 62/58/1270
f 342/60/1271 65/11/1271 340/10/1271
f 341/1/113 729/2/113 339/3/113
f 62/58/112 335/59/112 730/9/112
f 730/9/111 340/10/111 65/11/111
f 341/1/111 66/4/111 340/10/111
f 335/59/112 61/23/112 341/1/112
f 343/57/118 62/58/118 338/8/118
f 351/12/112 735/13/112 353/14/112
f 353/14/111 735/13/111 348/33/111
f 735/13/111 350/16/111 70/32/111
f 71/15/112 350/16/112 735/13/112
f 67/79/113 352/64/113 736/18/113
f 736/18/112 349/19/112 68/20/112
f 353/14/113 69/21/113 349/19/113
f 352/64/112 72/4/112 353/14/112
f 358/78/1272 740/80/1272 329/40/1272
f 349/19/155 69/21/155 356/21/155
f 68/20/1273 349/19/1273 740/80/1273
f 73/22/158 360/27/158 741/4/158
f 83/21/1274 400/21/1274 742/28/1274
f 400/21/162 94/21/162 392/33/162
f 368/34/163 743/39/163 361/35/163
f 361/35/164 743/39/164 367/37/164
f 365/29/166 743/39/166 373/40/166
f 79/41/167 373/40/167 743/39/167
f 359/43/169 744/47/169 369/44/169
f 78/46/170 369/44/170 744/47/170
f 376/61/181 747/62/181 377/4/181
f 747/62/1275 384/10/1275 91/4/1275
f 386/60/183 90/11/183 384/10/183
f 398/4/1276 748/65/1276 376/61/1276
f 381/5/190 749/2/190 385/1/190
f 385/1/190 749/2/190 383/3/190
f 749/2/190 380/7/190 88/69/190
f 89/6/190 380/7/190 749/2/190
f 87/58/190 379/59/190 750/9/190
f 750/9/189 384/10/189 90/11/189
f 385/1/190 91/4/190 384/10/190
f 379/59/209 86/23/209 385/1/209
f 395/12/190 755/13/190 397/14/190
f 397/14/190 755/13/190 392/33/190
f 755/13/190 394/16/190 95/32/190
f 96/15/190 394/16/190 755/13/190
f 92/79/190 396/64/190 756/18/190
f 756/18/190 393/19/190 93/20/190
f 397/14/190 94/21/190 393/19/190
f 396/64/190 97/4/190 397/14/190
f 760/80/225 400/21/225 83/21/225
f 393/19/226 94/21/226 400/21/226
f 412/34/236 763/39/236 405/35/236
f 104/41/241 417/40/1277 763/39/1277
f 403/43/1278 764/47/1278 413/44/1278
f 103/46/245 413/44/245 764/47/245
f 429/60/255 767/62/255 420/61/255
f 429/60/259 115/11/259 428/10/259
f 420/61/262 768/65/262 422/63/261
f 439/64/263 117/79/263 422/63/263
f 103/46/266 430/57/266 769/66/266
f 416/55/268 769/66/268 429/60/268
f 769/66/269 426/8/269 115/11/269
f 430/57/270 112/58/270 426/8/270
f 422/63/293 775/77/293 408/54/293
f 775/77/294 444/78/294 104/41/294
f 434/17/1279 118/20/1279 444/78/1279
f 117/79/296 434/17/296 775/77/296
f 444/78/297 776/80/297 417/40/297
f 118/20/1280 436/19/1280 776/80/1280
f 447/21/301 126/38/301 448/24/301
f 454/34/307 779/39/307 447/35/307
f 129/41/311 459/40/311 779/39/311
f 445/43/313 780/47/313 455/44/313
f 128/46/314 455/44/314 780/47/314
f 455/44/321 782/81/320 446/53/321
f 458/55/1281 782/81/322 455/44/322
f 131/23/323 474/23/323 783/56/323
f 449/48/1282 783/56/1282 473/57/1282
f 783/56/1283 465/59/1283 137/58/1283
f 472/60/1284 784/62/1284 462/61/1284
f 472/60/1285 140/11/1285 470/10/1285
f 484/4/1286 785/65/1286 462/61/1286
f 462/61/332 785/65/332 464/63/332
f 482/64/1287 142/79/1287 464/63/1287
f 467/5/337 786/2/337 471/1/337
f 471/1/337 786/2/337 469/3/337
f 786/2/337 466/7/337 138/69/337
f 139/6/337 466/7/337 786/2/337
f 137/58/356 465/59/356 787/9/356
f 787/9/337 470/10/337 140/11/337
f 471/1/337 141/4/337 470/10/337
f 465/59/337 136/23/337 471/1/337
f 128/46/339 473/57/339 788/66/339
f 458/55/340 788/66/340 472/60/340
f 788/66/1288 468/8/1288 140/11/1288
f 473/57/342 137/58/342 468/8/342
f 481/12/337 792/13/337 483/14/337
f 483/14/337 792/13/337 478/33/337
f 792/13/337 480/16/337 145/32/337
f 146/15/337 480/16/337 792/13/337
f 142/79/337 482/64/337 793/18/337
f 793/18/337 479/19/337 143/20/337
f 483/14/337 144/21/337 479/19/337
f 482/64/337 147/4/337 483/14/337
f 464/63/367 796/77/367 450/54/367
f 796/77/368 488/78/368 129/41/368
f 477/17/369 143/20/369 488/78/369
f 142/79/1289 477/17/1289 796/77/1289
f 488/78/1290 797/80/1290 459/40/1290
f 143/20/1291 479/19/1291 797/80/1291
f 148/22/376 490/27/376 798/4/376
f 489/23/375 798/4/375 492/24/375
f 491/21/375 151/38/375 492/24/375
f 149/26/375 491/21/375 798/4/375
f 495/29/1292 800/39/1292 503/40/1292
f 154/41/1293 503/40/1293 800/39/1293
f 489/43/388 801/47/388 499/44/388
f 153/46/389 499/44/1294 801/47/1294
f 490/53/395 803/81/395 498/34/395
f 498/34/396 803/81/396 494/54/396
f 157/27/398 494/54/398 803/81/398
f 502/55/400 803/81/399 499/44/400
f 156/23/401 517/23/401 804/56/401
f 493/48/1295 804/56/1295 516/57/1295
f 804/56/1296 509/59/1296 162/58/1296
f 515/60/405 805/62/405 506/61/405
f 515/60/410 165/11/410 514/10/410
f 506/61/412 806/65/412 508/63/1297
f 525/64/413 167/79/413 508/63/413
f 153/46/416 516/57/416 807/66/416
f 502/55/417 807/66/417 515/60/417
f 807/66/418 512/8/418 165/11/418
f 516/57/419 162/58/419 512/8/419
f 524/12/230 811/13/230 526/14/230
f 526/14/230 811/13/230 521/33/230
f 811/13/230 523/16/230 170/32/230
f 171/15/230 523/16/230 811/13/230
f 167/79/230 525/64/230 812/18/230
f 812/18/432 522/19/432 168/20/432
f 526/14/433 169/21/433 522/19/433
f 525/64/230 172/4/230 526/14/230
f 508/63/445 815/77/445 494/54/445
f 815/77/446 531/78/446 154/41/446
f 520/17/1298 168/20/1298 531/78/1298
f 167/79/448 520/17/448 815/77/448
f 531/78/1299 816/80/1299 503/40/1299
f 168/20/1300 522/19/1300 816/80/1300
f 173/22/337 533/27/337 817/4/337
f 534/21/337 176/38/337 535/24/337
f 174/26/337 534/21/337 817/4/337
f 541/34/457 819/39/457 534/35/457
f 179/41/461 546/40/461 819/39/461
f 532/43/463 820/47/463 542/44/463
f 541/34/1301 822/81/1302 537/54/473
f 545/55/476 822/81/475 542/44/475
f 824/62/1303 550/4/1303 185/4/1303
f 554/5/301 826/2/301 558/1/301
f 558/1/302 826/2/302 556/3/302
f 826/2/302 553/7/302 188/69/302
f 189/6/301 553/7/301 826/2/301
f 187/58/1304 552/59/1304 827/9/1304
f 827/9/302 557/10/302 190/11/302
f 558/1/302 191/4/302 557/10/302
f 552/59/301 186/23/301 558/1/301
f 574/78/1305 835/80/1305 546/40/1305
f 566/19/528 194/21/528 572/21/528
f 208/21/1306 615/21/1306 837/28/1306
f 584/34/538 838/39/538 577/35/538
f 204/41/542 589/40/542 838/39/542
f 579/48/1307 841/56/1307 603/57/1307
f 841/56/1308 595/59/1308 212/58/1308
f 602/60/554 842/62/555 592/61/555
f 842/62/1309 593/4/1309 210/4/1309
f 842/62/1310 600/10/1310 216/4/1310
f 602/60/1311 215/11/1311 600/10/1311
f 592/61/1312 843/65/1312 594/63/1312
f 612/64/1313 217/79/1313 594/63/1313
f 597/5/1314 844/2/1314 601/1/1314
f 601/1/1314 844/2/1314 599/3/1314
f 844/2/564 596/7/564 213/69/564
f 214/6/564 596/7/564 844/2/564
f 212/58/1314 595/59/1314 845/9/1314
f 845/9/564 600/10/564 215/11/564
f 601/1/1314 216/4/1314 600/10/1314
f 595/59/2 211/23/2 601/1/2
f 203/46/566 603/57/566 846/66/566
f 588/55/567 846/66/567 602/60/567
f 846/66/568 598/8/568 215/11/568
f 603/57/569 212/58/569 598/8/569
f 210/4/575 593/4/575 848/71/575
f 594/63/596 852/77/596 580/54/596
f 852/77/598 617/78/597 204/41/598
f 607/17/599 218/20/599 617/78/599
f 217/79/600 607/17/600 852/77/600
f 617/78/1315 853/80/1315 589/40/1315
f 218/20/1316 609/19/1316 853/80/1316
f 223/22/138 619/27/138 854/4/138
f 224/26/112 620/21/112 854/4/112
f 618/43/615 857/47/615 628/44/615
f 228/46/1317 628/44/616 857/47/1317
f 231/23/622 646/23/622 859/56/622
f 622/48/623 859/56/623 645/57/623
f 859/56/1318 638/59/1318 237/58/1318
f 644/60/626 860/62/626 635/61/626
f 644/60/1319 240/11/1319 643/10/1319
f 635/61/632 861/65/1320 637/63/632
f 654/64/633 242/79/633 637/63/633
f 228/46/635 645/57/635 862/66/635
f 631/55/636 862/66/636 644/60/636
f 862/66/1321 641/8/1321 240/11/1321
f 645/57/639 237/58/639 641/8/639
f 867/76/1322 655/4/1322 235/4/1322
f 637/63/664 868/77/664 623/54/664
f 868/77/665 659/78/665 229/41/1323
f 649/17/666 243/20/666 659/78/666
f 242/79/667 649/17/667 868/77/667
f 243/20/1324 651/19/1324 869/80/1324
f 248/22/189 661/27/189 870/4/189
f 660/23/209 870/4/209 663/24/209
f 669/34/676 872/39/676 662/35/676
f 254/41/680 674/40/680 872/39/680
f 660/43/682 873/47/682 670/44/682
f 253/46/683 670/44/683 873/47/683
f 670/44/688 875/81/1325 661/53/688
f 256/23/689 689/23/689 876/56/689
f 664/48/1326 876/56/1326 688/57/1326
f 876/56/1327 680/59/1327 262/58/1327
f 689/23/692 261/23/692 680/59/692
f 687/60/693 877/62/693 677/61/693
f 877/62/1328 685/10/1328 266/4/1328
f 687/60/1329 265/11/1329 685/10/1329
f 698/4/697 878/65/697 677/61/697
f 677/61/699 878/65/698 679/63/698
f 697/64/1330 267/79/1330 679/63/1330
f 272/4/1331 697/64/1331 878/65/1331
f 682/5/158 879/2/158 686/1/158
f 686/1/158 879/2/158 684/3/158
f 879/2/158 681/7/158 263/69/158
f 264/6/1332 681/7/1332 879/2/1332
f 262/58/158 680/59/158 880/9/158
f 880/9/158 685/10/158 265/11/158
f 686/1/158 266/4/158 685/10/158
f 680/59/158 261/23/158 686/1/158
f 253/46/704 688/57/704 881/66/704
f 673/55/705 881/66/705 687/60/705
f 881/66/1333 683/8/1333 265/11/1333
f 688/57/708 262/58/708 683/8/708
f 682/5/721 261/23/721 689/23/721
f 886/76/729 698/4/729 260/4/729
f 696/12/1334 272/4/1334 698/4/1334
f 679/63/1335 887/77/1335 665/54/1335
f 887/77/734 702/78/1336 254/41/734
f 692/17/1337 268/20/1337 702/78/1337
f 267/79/736 692/17/736 887/77/736
usemtl Matte_Black.001
f 963/22/934 900/22/934 899/22/934
f 1016/22/935 889/22/935 952/22/935
f 990/22/936 927/22/936 926/22/936
f 900/22/937 965/22/937 901/22/937
f 927/22/938 992/22/938 928/22/938
f 965/22/939 902/22/939 901/22/939
f 992/22/940 929/22/940 928/22/940
f 966/22/941 903/22/941 902/22/941
f 993/22/942 930/22/942 929/22/942
f 967/22/943 904/22/943 903/22/943
f 994/22/944 931/22/944 930/22/944
f 968/22/945 905/22/945 904/22/945
f 995/22/946 932/22/946 931/22/946
f 905/22/947 970/22/947 906/22/947
f 996/22/948 933/22/948 932/22/948
f 970/22/949 907/22/949 906/22/949
f 997/22/950 934/22/950 933/22/950
f 907/22/951 972/22/951 908/22/951
f 998/22/952 935/22/952 934/22/952
f 908/22/953 973/22/953 909/22/953
f 935/22/954 1000/22/954 936/22/954
f 973/22/955 910/22/955 909/22/955
f 1000/22/956 937/22/956 936/22/956
f 974/22/957 911/22/957 910/22/957
f 1001/22/958 938/22/958 937/22/958
f 911/22/959 976/22/959 912/22/959
f 938/22/960 1003/22/960 939/22/960
f 912/22/961 977/22/961 913/22/961
f 1003/22/962 940/22/962 939/22/962
f 913/22/963 978/22/963 914/22/963
f 1004/22/964 941/22/964 940/22/964
f 914/22/965 979/22/965 915/22/965
f 941/22/966 1006/22/966 942/22/966
f 979/22/967 916/22/967 915/22/967
f 889/22/968 954/22/968 890/22/968
f 942/22/969 1007/22/969 943/22/969
f 916/22/970 981/22/970 917/22/970
f 890/22/971 955/22/971 891/22/971
f 943/22/972 1008/22/972 944/22/972
f 917/22/973 982/22/973 918/22/973
f 955/22/974 892/22/974 891/22/974
f 944/22/975 1009/22/975 945/22/975
f 982/22/976 919/22/976 918/22/976
f 956/22/977 893/22/977 892/22/977
f 945/22/978 1010/22/978 946/22/978
f 919/22/979 984/22/979 920/22/979
f 893/22/980 958/22/980 894/22/980
f 1010/22/981 947/22/981 946/22/981
f 920/22/982 985/22/982 921/22/982
f 958/22/983 895/22/983 894/22/983
f 1011/22/984 948/22/984 947/22/984
f 985/22/985 922/22/985 921/22/985
f 895/22/986 960/22/986 896/22/986
f 1012/22/987 949/22/987 948/22/987
f 922/22/988 987/22/988 923/22/988
f 896/22/989 961/22/989 897/22/989
f 949/22/990 1014/22/990 950/22/990
f 923/22/991 988/22/991 924/22/991
f 897/22/992 962/22/992 898/22/992
f 950/22/993 1015/22/993 951/22/993
f 924/22/994 989/22/994 925/22/994
f 962/22/995 899/22/995 898/22/995
f 1015/22/996 952/22/996 951/22/996
f 925/22/997 990/22/997 926/22/997
f 1068/22/998 1005/22/998 1004/22/998
f 978/22/999 1043/22/999 979/22/999
f 1005/22/1000 1070/22/1000 1006/22/1000
f 1043/22/1001 980/22/1001 979/22/1001
f 1017/22/1002 954/22/1002 953/22/1002
f 1070/22/1003 1007/22/1003 1006/22/1003
f 980/22/1004 1045/22/1004 981/22/1004
f 954/22/1005 1019/22/1005 955/22/1005
f 1007/22/1006 1072/22/1006 1008/22/1006
f 981/22/1007 1046/22/1007 982/22/1007
f 1019/22/1008 956/22/1008 955/22/1008
f 1072/22/1009 1009/22/1009 1008/22/1009
f 1046/22/1010 983/22/1010 982/22/1010
f 1020/22/1011 957/22/1011 956/22/1011
f 1009/22/1012 1074/22/1012 1010/22/1012
f 983/22/1013 1048/22/1013 984/22/1013
f 957/22/1014 1022/22/1014 958/22/1014
f 1074/22/1015 1011/22/1015 1010/22/1015
f 984/22/1016 1049/22/1016 985/22/1016
f 958/22/1017 1023/22/1017 959/22/1017
f 1075/22/1018 1012/22/1018 1011/22/1018
f 1049/22/1019 986/22/1019 985/22/1019
f 1023/22/1020 960/22/1020 959/22/1020
f 1012/22/1021 1077/22/1021 1013/22/1021
f 986/22/1022 1051/22/1022 987/22/1022
f 1024/22/1023 961/22/1023 960/22/1023
f 1077/22/1024 1014/22/1024 1013/22/1024
f 987/22/1025 1052/22/1025 988/22/1025
f 961/22/1026 1026/22/1026 962/22/1026
f 1014/22/1027 1079/22/1027 1015/22/1027
f 988/22/1028 1053/22/1028 989/22/1028
f 1026/22/1029 963/22/1029 962/22/1029
f 1015/22/1030 1080/22/1030 1016/22/1030
f 1053/22/1031 990/22/1031 989/22/1031
f 963/22/1032 1028/22/1032 964/22/1032
f 1080/22/1033 953/22/1033 1016/22/1033
f 1054/22/1034 991/22/1034 990/22/1034
f 1028/22/1035 965/22/1035 964/22/1035
f 1055/22/1036 992/22/1036 991/22/1036
f 965/22/1037 1030/22/1037 966/22/1037
f 1056/22/1038 993/22/1038 992/22/1038
f 966/22/1039 1031/22/1039 967/22/1039
f 1057/22/1040 994/22/1040 993/22/1040
f 967/22/1041 1032/22/1041 968/22/1041
f 1058/22/1042 995/22/1042 994/22/1042
f 968/22/1043 1033/22/1043 969/22/1043
f 995/22/1044 1060/22/1044 996/22/1044
f 1033/22/1045 970/22/1045 969/22/1045
f 996/22/1046 1061/22/1046 997/22/1046
f 1034/22/1047 971/22/1047 970/22/1047
f 997/22/1048 1062/22/1048 998/22/1048
f 971/22/1049 1036/22/1049 972/22/1049
f 1062/22/1050 999/22/1050 998/22/1050
f 972/22/1051 1037/22/1051 973/22/1051
f 999/22/1052 1064/22/1052 1000/22/1052
f 973/22/1053 1038/22/1053 974/22/1053
f 1064/22/1054 1001/22/1054 1000/22/1054
f 974/22/1055 1039/22/1055 975/22/1055
f 1065/22/1056 1002/22/1056 1001/22/1056
f 975/22/1057 1040/22/1057 976/22/1057
f 1002/22/1058 1067/22/1058 1003/22/1058
f 1040/22/1059 977/22/1059 976/22/1059
f 1003/22/1060 1068/22/1060 1004/22/1060
f 1041/22/1061 978/22/1061 977/22/1061
f 1071/22/1062 1136/22/1062 1072/22/1062
f 1109/22/1063 1046/22/1063 1045/22/1063
f 1083/22/1064 1020/22/1064 1019/22/1064
f 1072/22/1065 1137/22/1065 1073/22/1065
f 1110/22/1066 1047/22/1066 1046/22/1066
f 1084/22/1067 1021/22/1067 1020/22/1067
f 1073/22/1068 1138/22/1068 1074/22/1068
f 1047/22/1069 1112/22/1069 1048/22/1069
f 1085/22/1070 1022/22/1070 1021/22/1070
f 1138/22/1071 1075/22/1071 1074/22/1071
f 1112/22/1072 1049/22/1072 1048/22/1072
f 1086/22/1073 1023/22/1073 1022/22/1073
f 1139/22/1074 1076/22/1074 1075/22/1074
f 1113/22/1075 1050/22/1075 1049/22/1075
f 1087/22/1076 1024/22/1076 1023/22/1076
f 1140/22/1077 1077/22/1077 1076/22/1077
f 1050/22/1078 1115/22/1078 1051/22/1078
f 1088/22/1079 1025/22/1079 1024/22/1079
f 1077/22/1080 1142/22/1080 1078/22/1080
f 1051/22/1081 1116/22/1081 1052/22/1081
f 1025/22/1082 1090/22/1082 1026/22/1082
f 1142/22/1083 1079/22/1083 1078/22/1083
f 1052/22/1084 1117/22/1084 1053/22/1084
f 1090/22/1085 1027/22/1085 1026/22/1085
f 1079/22/1086 1144/22/1086 1080/22/1086
f 1117/22/1087 1054/22/1087 1053/22/1087
f 1027/22/1088 1092/22/1088 1028/22/1088
f 1144/22/1089 1017/22/1089 1080/22/1089
f 1054/22/1090 1119/22/1090 1055/22/1090
f 1028/22/1091 1093/22/1091 1029/22/1091
f 1055/22/1092 1120/22/1092 1056/22/1092
f 1093/22/1093 1030/22/1093 1029/22/1093
f 1056/22/1094 1121/22/1094 1057/22/1094
f 1094/22/1095 1031/22/1095 1030/22/1095
f 1057/22/1096 1122/22/1096 1058/22/1096
f 1095/22/1097 1032/22/1097 1031/22/1097
f 1122/22/1098 1059/22/1098 1058/22/1098
f 1096/22/1099 1033/22/1099 1032/22/1099
f 1123/22/1100 1060/22/1100 1059/22/1100
f 1033/22/1101 1098/22/1101 1034/22/1101
f 1124/22/1102 1061/22/1102 1060/22/1102
f 1098/22/1103 1035/22/1103 1034/22/1103
f 1061/22/1104 1126/22/1104 1062/22/1104
f 1099/22/1105 1036/22/1105 1035/22/1105
f 1126/22/1106 1063/22/1106 1062/22/1106
f 1100/22/1107 1037/22/1107 1036/22/1107
f 1127/22/1108 1064/22/1108 1063/22/1108
f 1101/22/1109 1038/22/1109 1037/22/1109
f 1128/22/1110 1065/22/1110 1064/22/1110
f 1102/22/1111 1039/22/1111 1038/22/1111
f 1129/22/1112 1066/22/1112 1065/22/1112
f 1103/22/1113 1040/22/1113 1039/22/1113
f 1066/22/1114 1131/22/1114 1067/22/1114
f 1104/22/1115 1041/22/1115 1040/22/1115
f 1131/22/1116 1068/22/1116 1067/22/1116
f 1105/22/1117 1042/22/1117 1041/22/1117
f 1132/22/1118 1069/22/1118 1068/22/1118
f 1042/22/1119 1107/22/1119 1043/22/1119
f 1133/22/1120 1070/22/1120 1069/22/1120
f 1043/22/1121 1108/22/1121 1044/22/1121
f 1017/22/1122 1082/22/1122 1018/22/1122
f 1134/22/1123 1071/22/1123 1070/22/1123
f 1108/22/1124 1045/22/1124 1044/22/1124
f 1082/22/1125 1019/22/1125 1018/22/1125
f 1138/22/1126 1203/22/1126 1139/22/1126
f 1176/22/1126 1113/22/1126 1112/22/1126
f 1086/22/1126 1151/22/1126 1087/22/1126
f 1203/22/1126 1140/22/1126 1139/22/1126
f 1113/22/1126 1178/22/1126 1114/22/1126
f 1151/22/1126 1088/22/1126 1087/22/1126
f 1204/22/1126 1141/22/1126 1140/22/1126
f 1114/22/1126 1179/22/1126 1115/22/1126
f 1088/22/1126 1153/22/1126 1089/22/1126
f 1141/22/1126 1206/22/1126 1142/22/1126
f 1179/22/1126 1116/22/1126 1115/22/1126
f 1153/22/1126 1090/22/1126 1089/22/1126
f 1206/22/1126 1143/22/1126 1142/22/1126
f 1180/22/1126 1117/22/1126 1116/22/1126
f 1090/22/1126 1155/22/1126 1091/22/1126
f 1143/22/1126 1208/22/1126 1144/22/1126
f 1181/22/1126 1118/22/1126 1117/22/1126
f 1155/22/1126 1092/22/1126 1091/22/1126
f 1208/22/1126 1081/22/1126 1144/22/1126
f 1118/22/1126 1183/22/1126 1119/22/1126
f 1156/22/1126 1093/22/1126 1092/22/1126
f 1183/22/1126 1120/22/1126 1119/22/1126
f 1157/22/1126 1094/22/1126 1093/22/1126
f 1184/22/1126 1121/22/1126 1120/22/1126
f 1094/22/1126 1159/22/1126 1095/22/1126
f 1185/22/1126 1122/22/1126 1121/22/1126
f 1095/22/1126 1160/22/1126 1096/22/1126
f 1186/22/1126 1123/22/1126 1122/22/1126
f 1096/22/1126 1161/22/1126 1097/22/1126
f 1123/22/1126 1188/22/1126 1124/22/1126
f 1161/22/1126 1098/22/1126 1097/22/1126
f 1124/22/1126 1189/22/1126 1125/22/1126
f 1162/22/1126 1099/22/1126 1098/22/1126
f 1189/22/1126 1126/22/1126 1125/22/1126
f 1099/22/1126 1164/22/1126 1100/22/1126
f 1190/22/1126 1127/22/1126 1126/22/1126
f 1100/22/1126 1165/22/1126 1101/22/1126
f 1127/22/1126 1192/22/1126 1128/22/1126
f 1101/22/1126 1166/22/1126 1102/22/1126
f 1128/22/1126 1193/22/1126 1129/22/1126
f 1102/22/1126 1167/22/1126 1103/22/1126
f 1193/22/1126 1130/22/1126 1129/22/1126
f 1103/22/1126 1168/22/1126 1104/22/1126
f 1194/22/1126 1131/22/1126 1130/22/1126
f 1168/22/1126 1105/22/1126 1104/22/1126
f 1131/22/1126 1196/22/1126 1132/22/1126
f 1169/22/1126 1106/22/1126 1105/22/1126
f 1132/22/1126 1197/22/1126 1133/22/1126
f 1106/22/1126 1171/22/1126 1107/22/1126
f 1133/22/1126 1198/22/1126 1134/22/1126
f 1107/22/1126 1172/22/1126 1108/22/1126
f 1081/22/1126 1146/22/1126 1082/22/1126
f 1134/22/1126 1199/22/1126 1135/22/1126
f 1172/22/1126 1109/22/1126 1108/22/1126
f 1146/22/1126 1083/22/1126 1082/22/1126
f 1199/22/1126 1136/22/1126 1135/22/1126
f 1109/22/1126 1174/22/1126 1110/22/1126
f 1083/22/1126 1148/22/1126 1084/22/1126
f 1136/22/1126 1201/22/1126 1137/22/1126
f 1174/22/1126 1111/22/1126 1110/22/1126
f 1148/22/1126 1085/22/1126 1084/22/1126
f 1201/22/1126 1138/22/1126 1137/22/1126
f 1175/22/1126 1112/22/1126 1111/22/1126
f 1149/22/1126 1086/22/1126 1085/22/1126
f 963/22/934 964/22/934 900/22/934
f 1016/22/935 953/22/935 889/22/935
f 990/22/936 991/22/936 927/22/936
f 900/22/937 964/22/937 965/22/937
f 927/22/938 991/22/938 992/22/938
f 965/22/939 966/22/939 902/22/939
f 992/22/940 993/22/940 929/22/940
f 966/22/941 967/22/941 903/22/941
f 993/22/942 994/22/942 930/22/942
f 967/22/943 968/22/943 904/22/943
f 994/22/944 995/22/944 931/22/944
f 968/22/945 969/22/945 905/22/945
f 995/22/946 996/22/946 932/22/946
f 905/22/947 969/22/947 970/22/947
f 996/22/948 997/22/948 933/22/948
f 970/22/949 971/22/949 907/22/949
f 997/22/950 998/22/950 934/22/950
f 907/22/951 971/22/951 972/22/951
f 998/22/952 999/22/952 935/22/952
f 908/22/953 972/22/953 973/22/953
f 935/22/954 999/22/954 1000/22/954
f 973/22/955 974/22/955 910/22/955
f 1000/22/956 1001/22/956 937/22/956
f 974/22/957 975/22/957 911/22/957
f 1001/22/958 1002/22/958 938/22/958
f 911/22/959 975/22/959 976/22/959
f 938/22/960 1002/22/960 1003/22/960
f 912/22/961 976/22/961 977/22/961
f 1003/22/962 1004/22/962 940/22/962
f 913/22/963 977/22/963 978/22/963
f 1004/22/964 1005/22/964 941/22/964
f 914/22/965 978/22/965 979/22/965
f 941/22/966 1005/22/966 1006/22/966
f 979/22/967 980/22/967 916/22/967
f 889/22/968 953/22/968 954/22/968
f 942/22/969 1006/22/969 1007/22/969
f 916/22/970 980/22/970 981/22/970
f 890/22/971 954/22/971 955/22/971
f 943/22/972 1007/22/972 1008/22/972
f 917/22/973 981/22/973 982/22/973
f 955/22/974 956/22/974 892/22/974
f 944/22/975 1008/22/975 1009/22/975
f 982/22/976 983/22/976 919/22/976
f 956/22/977 957/22/977 893/22/977
f 945/22/978 1009/22/978 1010/22/978
f 919/22/979 983/22/979 984/22/979
f 893/22/980 957/22/980 958/22/980
f 1010/22/981 1011/22/981 947/22/981
f 920/22/982 984/22/982 985/22/982
f 958/22/983 959/22/983 895/22/983
f 1011/22/984 1012/22/984 948/22/984
f 985/22/985 986/22/985 922/22/985
f 895/22/986 959/22/986 960/22/986
f 1012/22/987 1013/22/987 949/22/987
f 922/22/988 986/22/988 987/22/988
f 896/22/989 960/22/989 961/22/989
f 949/22/990 1013/22/990 1014/22/990
f 923/22/991 987/22/991 988/22/991
f 897/22/992 961/22/992 962/22/992
f 950/22/993 1014/22/993 1015/22/993
f 924/22/994 988/22/994 989/22/994
f 962/22/995 963/22/995 899/22/995
f 1015/22/996 1016/22/996 952/22/996
f 925/22/997 989/22/997 990/22/997
f 1068/22/998 1069/22/998 1005/22/998
f 978/22/999 1042/22/999 1043/22/999
f 1005/22/1000 1069/22/1000 1070/22/1000
f 1043/22/1001 1044/22/1001 980/22/1001
f 1017/22/1002 1018/22/1002 954/22/1002
f 1070/22/1003 1071/22/1003 1007/22/1003
f 980/22/1004 1044/22/1004 1045/22/1004
f 954/22/1005 1018/22/1005 1019/22/1005
f 1007/22/1006 1071/22/1006 1072/22/1006
f 981/22/1007 1045/22/1007 1046/22/1007
f 1019/22/1008 1020/22/1008 956/22/1008
f 1072/22/1009 1073/22/1009 1009/22/1009
f 1046/22/1224 1047/22/1224 983/22/1224
f 1020/22/1011 1021/22/1011 957/22/1011
f 1009/22/1012 1073/22/1012 1074/22/1012
f 983/22/1013 1047/22/1013 1048/22/1013
f 957/22/1014 1021/22/1014 1022/22/1014
f 1074/22/1015 1075/22/1015 1011/22/1015
f 984/22/1016 1048/22/1016 1049/22/1016
f 958/22/1225 1022/22/1225 1023/22/1225
f 1075/22/1018 1076/22/1018 1012/22/1018
f 1049/22/1019 1050/22/1019 986/22/1019
f 1023/22/1020 1024/22/1020 960/22/1020
f 1012/22/1021 1076/22/1021 1077/22/1021
f 986/22/1022 1050/22/1022 1051/22/1022
f 1024/22/1023 1025/22/1023 961/22/1023
f 1077/22/1024 1078/22/1024 1014/22/1024
f 987/22/1025 1051/22/1025 1052/22/1025
f 961/22/1026 1025/22/1026 1026/22/1026
f 1014/22/1027 1078/22/1027 1079/22/1027
f 988/22/1028 1052/22/1028 1053/22/1028
f 1026/22/1029 1027/22/1029 963/22/1029
f 1015/22/1030 1079/22/1030 1080/22/1030
f 1053/22/1031 1054/22/1031 990/22/1031
f 963/22/1032 1027/22/1032 1028/22/1032
f 1080/22/1033 1017/22/1033 953/22/1033
f 1054/22/1034 1055/22/1034 991/22/1034
f 1028/22/1035 1029/22/1035 965/22/1035
f 1055/22/1036 1056/22/1036 992/22/1036
f 965/22/1037 1029/22/1037 1030/22/1037
f 1056/22/1038 1057/22/1038 993/22/1038
f 966/22/1039 1030/22/1039 1031/22/1039
f 1057/22/1040 1058/22/1040 994/22/1040
f 967/22/1041 1031/22/1041 1032/22/1041
f 1058/22/1042 1059/22/1042 995/22/1042
f 968/22/1043 1032/22/1043 1033/22/1043
f 995/22/1044 1059/22/1044 1060/22/1044
f 1033/22/1045 1034/22/1045 970/22/1045
f 996/22/1046 1060/22/1046 1061/22/1046
f 1034/22/1047 1035/22/1047 971/22/1047
f 997/22/1048 1061/22/1048 1062/22/1048
f 971/22/1049 1035/22/1049 1036/22/1049
f 1062/22/1050 1063/22/1050 999/22/1050
f 972/22/1051 1036/22/1051 1037/22/1051
f 999/22/1052 1063/22/1052 1064/22/1052
f 973/22/1053 1037/22/1053 1038/22/1053
f 1064/22/1054 1065/22/1054 1001/22/1054
f 974/22/1226 1038/22/1226 1039/22/1226
f 1065/22/1056 1066/22/1056 1002/22/1056
f 975/22/1057 1039/22/1057 1040/22/1057
f 1002/22/1058 1066/22/1058 1067/22/1058
f 1040/22/1059 1041/22/1059 977/22/1059
f 1003/22/1060 1067/22/1060 1068/22/1060
f 1041/22/1061 1042/22/1061 978/22/1061
f 1071/22/1062 1135/22/1062 1136/22/1062
f 1109/22/1063 1110/22/1063 1046/22/1063
f 1083/22/1064 1084/22/1064 1020/22/1064
f 1072/22/1065 1136/22/1065 1137/22/1065
f 1110/22/1066 1111/22/1066 1047/22/1066
f 1084/22/1067 1085/22/1067 1021/22/1067
f 1073/22/1068 1137/22/1068 1138/22/1068
f 1047/22/1069 1111/22/1069 1112/22/1069
f 1085/22/1070 1086/22/1070 1022/22/1070
f 1138/22/1071 1139/22/1071 1075/22/1071
f 1112/22/1072 1113/22/1072 1049/22/1072
f 1086/22/1073 1087/22/1073 1023/22/1073
f 1139/22/1074 1140/22/1074 1076/22/1074
f 1113/22/1075 1114/22/1075 1050/22/1075
f 1087/22/1076 1088/22/1076 1024/22/1076
f 1140/22/1227 1141/22/1227 1077/22/1227
f 1050/22/1078 1114/22/1078 1115/22/1078
f 1088/22/1079 1089/22/1079 1025/22/1079
f 1077/22/1080 1141/22/1080 1142/22/1080
f 1051/22/1081 1115/22/1081 1116/22/1081
f 1025/22/1082 1089/22/1082 1090/22/1082
f 1142/22/1083 1143/22/1083 1079/22/1083
f 1052/22/1084 1116/22/1084 1117/22/1084
f 1090/22/1085 1091/22/1085 1027/22/1085
f 1079/22/1086 1143/22/1086 1144/22/1086
f 1117/22/1228 1118/22/1228 1054/22/1228
f 1027/22/1088 1091/22/1088 1092/22/1088
f 1144/22/1089 1081/22/1089 1017/22/1089
f 1054/22/1090 1118/22/1090 1119/22/1090
f 1028/22/1229 1092/22/1229 1093/22/1229
f 1055/22/1092 1119/22/1092 1120/22/1092
f 1093/22/1093 1094/22/1093 1030/22/1093
f 1056/22/1094 1120/22/1094 1121/22/1094
f 1094/22/1095 1095/22/1095 1031/22/1095
f 1057/22/1230 1121/22/1230 1122/22/1230
f 1095/22/1097 1096/22/1097 1032/22/1097
f 1122/22/1098 1123/22/1098 1059/22/1098
f 1096/22/1099 1097/22/1099 1033/22/1099
f 1123/22/1100 1124/22/1100 1060/22/1100
f 1033/22/1101 1097/22/1101 1098/22/1101
f 1124/22/1102 1125/22/1102 1061/22/1102
f 1098/22/1103 1099/22/1103 1035/22/1103
f 1061/22/1104 1125/22/1104 1126/22/1104
f 1099/22/1105 1100/22/1105 1036/22/1105
f 1126/22/1106 1127/22/1106 1063/22/1106
f 1100/22/1107 1101/22/1107 1037/22/1107
f 1127/22/1108 1128/22/1108 1064/22/1108
f 1101/22/1109 1102/22/1109 1038/22/1109
f 1128/22/1110 1129/22/1110 1065/22/1110
f 1102/22/1111 1103/22/1111 1039/22/1111
f 1129/22/1112 1130/22/1112 1066/22/1112
f 1103/22/1113 1104/22/1113 1040/22/1113
f 1066/22/1114 1130/22/1114 1131/22/1114
f 1104/22/1115 1105/22/1115 1041/22/1115
f 1131/22/1116 1132/22/1116 1068/22/1116
f 1105/22/1231 1106/22/1231 1042/22/1231
f 1132/22/1118 1133/22/1118 1069/22/1118
f 1042/22/1119 1106/22/1119 1107/22/1119
f 1133/22/1232 1134/22/1232 1070/22/1232
f 1043/22/1121 1107/22/1121 1108/22/1121
f 1017/22/1122 1081/22/1122 1082/22/1122
f 1134/22/1123 1135/22/1123 1071/22/1123
f 1108/22/1124 1109/22/1124 1045/22/1124
f 1082/22/1125 1083/22/1125 1019/22/1125
f 1138/22/1126 1202/22/1126 1203/22/1126
f 1176/22/1126 1177/22/1126 1113/22/1126
f 1086/22/1126 1150/22/1126 1151/22/1126
f 1203/22/1126 1204/22/1126 1140/22/1126
f 1113/22/1126 1177/22/1126 1178/22/1126
f 1151/22/1126 1152/22/1126 1088/22/1126
f 1204/22/1126 1205/22/1126 1141/22/1126
f 1114/22/1126 1178/22/1126 1179/22/1126
f 1088/22/1126 1152/22/1126 1153/22/1126
f 1141/22/1126 1205/22/1126 1206/22/1126
f 1179/22/1126 1180/22/1126 1116/22/1126
f 1153/22/1126 1154/22/1126 1090/22/1126
f 1206/22/1126 1207/22/1126 1143/22/1126
f 1180/22/1126 1181/22/1126 1117/22/1126
f 1090/22/1126 1154/22/1126 1155/22/1126
f 1143/22/1126 1207/22/1126 1208/22/1126
f 1181/22/1126 1182/22/1126 1118/22/1126
f 1155/22/1126 1156/22/1126 1092/22/1126
f 1208/22/1126 1145/22/1126 1081/22/1126
f 1118/22/1126 1182/22/1126 1183/22/1126
f 1156/22/1126 1157/22/1126 1093/22/1126
f 1183/22/1126 1184/22/1126 1120/22/1126
f 1157/22/1126 1158/22/1126 1094/22/1126
f 1184/22/1126 1185/22/1126 1121/22/1126
f 1094/22/1126 1158/22/1126 1159/22/1126
f 1185/22/1126 1186/22/1126 1122/22/1126
f 1095/22/1126 1159/22/1126 1160/22/1126
f 1186/22/1126 1187/22/1126 1123/22/1126
f 1096/22/1126 1160/22/1126 1161/22/1126
f 1123/22/1126 1187/22/1126 1188/22/1126
f 1161/22/1126 1162/22/1126 1098/22/1126
f 1124/22/1126 1188/22/1126 1189/22/1126
f 1162/22/1126 1163/22/1126 1099/22/1126
f 1189/22/1126 1190/22/1126 1126/22/1126
f 1099/22/1126 1163/22/1126 1164/22/1126
f 1190/22/1126 1191/22/1126 1127/22/1126
f 1100/22/1126 1164/22/1126 1165/22/1126
f 1127/22/1126 1191/22/1126 1192/22/1126
f 1101/22/1126 1165/22/1126 1166/22/1126
f 1128/22/1126 1192/22/1126 1193/22/1126
f 1102/22/1126 1166/22/1126 1167/22/1126
f 1193/22/1126 1194/22/1126 1130/22/1126
f 1103/22/1126 1167/22/1126 1168/22/1126
f 1194/22/1126 1195/22/1126 1131/22/1126
f 1168/22/1126 1169/22/1126 1105/22/1126
f 1131/22/1126 1195/22/1126 1196/22/1126
f 1169/22/1126 1170/22/1126 1106/22/1126
f 1132/22/1126 1196/22/1126 1197/22/1126
f 1106/22/1126 1170/22/1126 1171/22/1126
f 1133/22/1126 1197/22/1126 1198/22/1126
f 1107/22/1126 1171/22/1126 1172/22/1126
f 1081/22/1126 1145/22/1126 1146/22/1126
f 1134/22/1126 1198/22/1126 1199/22/1126
f 1172/22/1126 1173/22/1126 1109/22/1126
f 1146/22/1126 1147/22/1126 1083/22/1126
f 1199/22/1126 1200/22/1126 1136/22/1126
f 1109/22/1126 1173/22/1126 1174/22/1126
f 1083/22/1126 1147/22/1126 1148/22/1126
f 1136/22/1126 1200/22/1126 1201/22/1126
f 1174/22/1126 1175/22/1126 1111/22/1126
f 1148/22/1126 1149/22/1126 1085/22/1126
f 1201/22/1126 1202/22/1126 1138/22/1126
f 1175/22/1126 1176/22/1126 1112/22/1126
f 1149/22/1126 1150/22/1126 1086/22/1126
usemtl Material.012
f 1339/22/1127 1249/22/1127 1248/22/1127
f 1210/22/1128 1242/22/1128 1241/22/1128
f 1243/22/1128 1210/22/1128 1241/22/1128
f 1212/22/1128 1243/22/1128 1244/22/1128
f 1245/22/1128 1212/22/1128 1244/22/1128
f 1246/22/1128 1213/22/1128 1245/22/1128
f 1215/22/1128 1246/22/1128 1247/22/1128
f 1216/22/1128 1247/22/1128 1248/22/1128
f 1249/22/1128 1216/22/1128 1248/22/1128
f 1218/22/1128 1249/22/1128 1250/22/1128
f 1219/22/1128 1250/22/1128 1251/22/1128
f 1252/22/1128 1219/22/1128 1251/22/1128
f 1253/22/1128 1220/22/1128 1252/22/1128
f 1222/22/1128 1253/22/1128 1254/22/1128
f 1255/22/1128 1222/22/1128 1254/22/1128
f 1224/22/1128 1255/22/1128 1256/22/1128
f 1225/22/1128 1256/22/1128 1257/22/1128
f 1226/22/1128 1257/22/1128 1258/22/1128
f 1259/22/1128 1226/22/1128 1258/22/1128
f 1260/22/1128 1227/22/1128 1259/22/1128
f 1261/22/1128 1228/22/1128 1260/22/1128
f 1230/22/1128 1261/22/1128 1262/22/1128
f 1231/22/1128 1262/22/1128 1263/22/1128
f 1264/22/1128 1231/22/1128 1263/22/1128
f 1265/22/1128 1232/22/1128 1264/22/1128
f 1234/22/1128 1265/22/1128 1266/22/1128
f 1267/22/1128 1234/22/1128 1266/22/1128
f 1236/22/1128 1267/22/1128 1268/22/1128
f 1269/22/1128 1236/22/1128 1268/22/1128
f 1238/22/1128 1269/22/1128 1270/22/1128
f 1271/22/1128 1238/22/1128 1270/22/1128
f 1272/22/1128 1239/22/1128 1271/22/1128
f 1209/22/1128 1272/22/1128 1242/22/1128
f 1286/22/1129 1378/22/1129 1287/22/1129
f 1262/22/1130 1354/22/1130 1263/22/1130
f 1340/22/1131 1250/22/1131 1249/22/1131
f 1354/22/1132 1264/22/1132 1263/22/1132
f 1341/22/1133 1251/22/1133 1250/22/1133
f 1355/22/1134 1265/22/1134 1264/22/1134
f 1342/22/1135 1252/22/1135 1251/22/1135
f 1265/22/1136 1357/22/1136 1266/22/1136
f 1252/22/1137 1344/22/1137 1253/22/1137
f 1357/22/1138 1267/22/1138 1266/22/1138
f 1344/22/1139 1254/22/1139 1253/22/1139
f 1267/22/1140 1359/22/1140 1268/22/1140
f 1345/22/1141 1255/22/1141 1254/22/1141
f 1242/22/1142 1332/22/1142 1241/22/1142
f 1359/22/1143 1269/22/1143 1268/22/1143
f 1255/22/1144 1347/22/1144 1256/22/1144
f 1241/22/1145 1334/22/1145 1243/22/1145
f 1360/22/1146 1270/22/1146 1269/22/1146
f 1347/22/1147 1257/22/1147 1256/22/1147
f 1334/22/1148 1244/22/1148 1243/22/1148
f 1361/22/1149 1271/22/1149 1270/22/1149
f 1257/22/1150 1349/22/1150 1258/22/1150
f 1244/22/1151 1336/22/1151 1245/22/1151
f 1271/22/1152 1363/22/1152 1272/22/1152
f 1258/22/1153 1350/22/1153 1259/22/1153
f 1336/22/1154 1246/22/1154 1245/22/1154
f 1363/22/1155 1242/22/1155 1272/22/1155
f 1350/22/1156 1260/22/1156 1259/22/1156
f 1337/22/1157 1247/22/1157 1246/22/1157
f 1351/22/1158 1261/22/1158 1260/22/1158
f 1338/22/1159 1248/22/1159 1247/22/1159
f 1352/22/1160 1262/22/1160 1261/22/1160
f 1212/22/1161 1307/22/1161 1211/22/1161
f 1239/22/1162 1329/22/1162 1238/22/1162
f 1322/22/1163 1225/22/1163 1226/22/1163
f 1213/22/1164 1308/22/1164 1212/22/1164
f 1240/22/1165 1330/22/1165 1239/22/1165
f 1323/22/1166 1226/22/1166 1227/22/1166
f 1214/22/1167 1309/22/1167 1213/22/1167
f 1209/22/1168 1331/22/1168 1240/22/1168
f 1324/22/1169 1227/22/1169 1228/22/1169
f 1215/22/1170 1310/22/1170 1214/22/1170
f 1325/22/1171 1228/22/1171 1229/22/1171
f 1216/22/1172 1311/22/1172 1215/22/1172
f 1217/22/1173 1312/22/1173 1216/22/1173
f 1314/22/1174 1217/22/1174 1218/22/1174
f 1315/22/1175 1218/22/1175 1219/22/1175
f 1316/22/1176 1219/22/1176 1220/22/1176
f 1317/22/1177 1220/22/1177 1221/22/1177
f 1318/22/1178 1221/22/1178 1222/22/1178
f 1319/22/1179 1222/22/1179 1223/22/1179
f 1210/22/1180 1305/22/1180 1209/22/1180
f 1320/22/1181 1223/22/1181 1224/22/1181
f 1211/22/1182 1306/22/1182 1210/22/1182
f 1238/22/1183 1328/22/1183 1237/22/1183
f 1321/22/1184 1224/22/1184 1225/22/1184
f 1305/22/1185 1313/22/1185 1321/22/1185
f 1332/22/1128 1274/22/1128 1273/22/1128
f 1275/22/1128 1332/22/1128 1273/22/1128
f 1335/22/1128 1275/22/1128 1276/22/1128
f 1277/22/1128 1335/22/1128 1276/22/1128
f 1337/22/1128 1277/22/1128 1278/22/1128
f 1279/22/1128 1337/22/1128 1278/22/1128
f 1339/22/1128 1279/22/1128 1280/22/1128
f 1281/22/1186 1339/22/1186 1280/22/1186
f 1341/22/1128 1281/22/1128 1282/22/1128
f 1283/22/1128 1341/22/1128 1282/22/1128
f 1284/22/1128 1342/22/1128 1283/22/1128
f 1344/22/1128 1284/22/1128 1285/22/1128
f 1286/22/1128 1344/22/1128 1285/22/1128
f 1346/22/1128 1286/22/1128 1287/22/1128
f 1347/22/1128 1287/22/1128 1288/22/1128
f 1289/22/1128 1347/22/1128 1288/22/1128
f 1290/22/1128 1348/22/1128 1289/22/1128
f 1350/22/1128 1290/22/1128 1291/22/1128
f 1351/22/1128 1291/22/1128 1292/22/1128
f 1293/22/1128 1351/22/1128 1292/22/1128
f 1294/22/1128 1352/22/1128 1293/22/1128
f 1354/22/1128 1294/22/1128 1295/22/1128
f 1296/22/1128 1354/22/1128 1295/22/1128
f 1297/22/1128 1355/22/1128 1296/22/1128
f 1357/22/1128 1297/22/1128 1298/22/1128
f 1299/22/1128 1357/22/1128 1298/22/1128
f 1359/22/1128 1299/22/1128 1300/22/1128
f 1360/22/1128 1300/22/1128 1301/22/1128
f 1302/22/1128 1360/22/1128 1301/22/1128
f 1362/22/1128 1302/22/1128 1303/22/1128
f 1363/22/1187 1303/22/1187 1304/22/1187
f 1333/22/1128 1304/22/1128 1274/22/1128
f 1382/22/1128 1374/22/1128 1366/22/1128
f 1274/22/1150 1364/22/1150 1273/22/1150
f 1300/22/1137 1392/22/1137 1301/22/1137
f 1378/22/1152 1288/22/1152 1287/22/1152
f 1364/22/1188 1275/22/1188 1273/22/1188
f 1301/22/1139 1393/22/1139 1302/22/1139
f 1379/22/1189 1289/22/1189 1288/22/1189
f 1366/22/1190 1276/22/1190 1275/22/1190
f 1393/22/1141 1303/22/1141 1302/22/1141
f 1380/22/1191 1290/22/1191 1289/22/1191
f 1276/22/1158 1368/22/1158 1277/22/1158
f 1303/22/1144 1395/22/1144 1304/22/1144
f 1290/22/1192 1382/22/1192 1291/22/1192
f 1368/22/1160 1278/22/1160 1277/22/1160
f 1395/22/1193 1274/22/1193 1304/22/1193
f 1291/22/1194 1383/22/1194 1292/22/1194
f 1278/22/1195 1370/22/1195 1279/22/1195
f 1383/22/1151 1293/22/1151 1292/22/1151
f 1370/22/1132 1280/22/1132 1279/22/1132
f 1293/22/1154 1385/22/1154 1294/22/1154
f 1280/22/1134 1372/22/1134 1281/22/1134
f 1294/22/1157 1386/22/1157 1295/22/1157
f 1372/22/1196 1282/22/1196 1281/22/1196
f 1295/22/1159 1387/22/1159 1296/22/1159
f 1373/22/1138 1283/22/1138 1282/22/1138
f 1296/22/1127 1388/22/1127 1297/22/1127
f 1283/22/1140 1375/22/1140 1284/22/1140
f 1388/22/1131 1298/22/1131 1297/22/1131
f 1375/22/1143 1285/22/1143 1284/22/1143
f 1389/22/1197 1299/22/1197 1298/22/1197
f 1376/22/1146 1286/22/1146 1285/22/1146
f 1299/22/1135 1391/22/1135 1300/22/1135
f 1339/22/1127 1340/22/1127 1249/22/1127
f 1210/22/1128 1209/22/1128 1242/22/1128
f 1243/22/1128 1211/22/1128 1210/22/1128
f 1212/22/1128 1211/22/1128 1243/22/1128
f 1245/22/1128 1213/22/1128 1212/22/1128
f 1246/22/1128 1214/22/1128 1213/22/1128
f 1215/22/1128 1214/22/1128 1246/22/1128
f 1216/22/1128 1215/22/1128 1247/22/1128
f 1249/22/1128 1217/22/1128 1216/22/1128
f 1218/22/1128 1217/22/1128 1249/22/1128
f 1219/22/1128 1218/22/1128 1250/22/1128
f 1252/22/1128 1220/22/1128 1219/22/1128
f 1253/22/1128 1221/22/1128 1220/22/1128
f 1222/22/1128 1221/22/1128 1253/22/1128
f 1255/22/1128 1223/22/1128 1222/22/1128
f 1224/22/1128 1223/22/1128 1255/22/1128
f 1225/22/1128 1224/22/1128 1256/22/1128
f 1226/22/1128 1225/22/1128 1257/22/1128
f 1259/22/1128 1227/22/1128 1226/22/1128
f 1260/22/1128 1228/22/1128 1227/22/1128
f 1261/22/1128 1229/22/1128 1228/22/1128
f 1230/22/1128 1229/22/1128 1261/22/1128
f 1234/22/1128 1233/22/1128 1265/22/1128
f 1269/22/1128 1237/22/1128 1236/22/1128
f 1238/22/1128 1237/22/1128 1269/22/1128
f 1271/22/1128 1239/22/1128 1238/22/1128
f 1272/22/1128 1240/22/1128 1239/22/1128
f 1209/22/1128 1240/22/1128 1272/22/1128
f 1286/22/1149 1377/22/1149 1378/22/1149
f 1340/22/1233 1341/22/1233 1250/22/1233
f 1354/22/1132 1355/22/1132 1264/22/1132
f 1341/22/1133 1342/22/1133 1251/22/1133
f 1252/22/1137 1343/22/1137 1344/22/1137
f 1357/22/1138 1358/22/1138 1267/22/1138
f 1345/22/1141 1346/22/1141 1255/22/1141
f 1255/22/1144 1346/22/1144 1347/22/1144
f 1241/22/1145 1332/22/1145 1334/22/1145
f 1360/22/1146 1361/22/1146 1270/22/1146
f 1334/22/1148 1335/22/1148 1244/22/1148
f 1244/22/1151 1335/22/1151 1336/22/1151
f 1271/22/1152 1362/22/1152 1363/22/1152
f 1336/22/1234 1337/22/1234 1246/22/1234
f 1363/22/1155 1333/22/1155 1242/22/1155
f 1337/22/1157 1338/22/1157 1247/22/1157
f 1338/22/1159 1339/22/1159 1248/22/1159
f 1239/22/1162 1330/22/1162 1329/22/1162
f 1322/22/1163 1321/22/1163 1225/22/1163
f 1323/22/1166 1322/22/1166 1226/22/1166
f 1214/22/1167 1310/22/1167 1309/22/1167
f 1324/22/1169 1323/22/1169 1227/22/1169
f 1215/22/1170 1311/22/1170 1310/22/1170
f 1325/22/1171 1324/22/1171 1228/22/1171
f 1216/22/1172 1312/22/1172 1311/22/1172
f 1217/22/1173 1313/22/1173 1312/22/1173
f 1314/22/1174 1313/22/1174 1217/22/1174
f 1315/22/1175 1314/22/1175 1218/22/1175
f 1316/22/1176 1315/22/1176 1219/22/1176
f 1317/22/1177 1316/22/1177 1220/22/1177
f 1318/22/1178 1317/22/1178 1221/22/1178
f 1319/22/1179 1318/22/1179 1222/22/1179
f 1320/22/1181 1319/22/1181 1223/22/1181
f 1238/22/1183 1329/22/1183 1328/22/1183
f 1305/22/1185 1306/22/1185 1307/22/1185
f 1307/22/1185 1308/22/1185 1305/22/1185
f 1308/22/1185 1309/22/1185 1305/22/1185
f 1309/22/1185 1310/22/1185 1311/22/1185
f 1311/22/1185 1312/22/1185 1313/22/1185
f 1313/22/1185 1314/22/1185 1315/22/1185
f 1315/22/1185 1316/22/1185 1313/22/1185
f 1316/22/1185 1317/22/1185 1313/22/1185
f 1317/22/1185 1318/22/1185 1321/22/1185
f 1318/22/1185 1319/22/1185 1321/22/1185
f 1319/22/1185 1320/22/1185 1321/22/1185
f 1321/22/1185 1322/22/1185 1323/22/1185
f 1323/22/1185 1324/22/1185 1321/22/1185
f 1324/22/1185 1325/22/1185 1321/22/1185
f 1328/22/1185 1329/22/1185 1330/22/1185
f 1330/22/1235 1331/22/1235 1305/22/1235
f 1309/22/1185 1311/22/1185 1305/22/1185
f 1311/22/1185 1313/22/1185 1305/22/1185
f 1325/22/1185 1326/22/1185 1321/22/1185
f 1326/22/1185 1327/22/1185 1321/22/1185
f 1328/22/1185 1330/22/1185 1305/22/1185
f 1313/22/1185 1317/22/1185 1321/22/1185
f 1327/22/1185 1328/22/1185 1321/22/1185
f 1328/22/1185 1305/22/1185 1321/22/1185
f 1332/22/1128 1333/22/1128 1274/22/1128
f 1275/22/1128 1334/22/1128 1332/22/1128
f 1335/22/1128 1334/22/1128 1275/22/1128
f 1277/22/1128 1336/22/1128 1335/22/1128
f 1337/22/1128 1336/22/1128 1277/22/1128
f 1279/22/1128 1338/22/1128 1337/22/1128
f 1339/22/1128 1338/22/1128 1279/22/1128
f 1281/22/1128 1340/22/1128 1339/22/1128
f 1341/22/1128 1340/22/1128 1281/22/1128
f 1283/22/1128 1342/22/1128 1341/22/1128
f 1284/22/1128 1343/22/1128 1342/22/1128
f 1344/22/1128 1343/22/1128 1284/22/1128
f 1286/22/1128 1345/22/1128 1344/22/1128
f 1346/22/1128 1345/22/1128 1286/22/1128
f 1347/22/1128 1346/22/1128 1287/22/1128
f 1289/22/1128 1348/22/1128 1347/22/1128
f 1290/22/1128 1349/22/1128 1348/22/1128
f 1350/22/1128 1349/22/1128 1290/22/1128
f 1351/22/1128 1350/22/1128 1291/22/1128
f 1293/22/1128 1352/22/1128 1351/22/1128
f 1294/22/1128 1353/22/1128 1352/22/1128
f 1354/22/1128 1353/22/1128 1294/22/1128
f 1296/22/1128 1355/22/1128 1354/22/1128
f 1297/22/1128 1356/22/1128 1355/22/1128
f 1357/22/1128 1356/22/1128 1297/22/1128
f 1299/22/1128 1358/22/1128 1357/22/1128
f 1359/22/1128 1358/22/1128 1299/22/1128
f 1360/22/1128 1359/22/1128 1300/22/1128
f 1302/22/1128 1361/22/1128 1360/22/1128
f 1362/22/1128 1361/22/1128 1302/22/1128
f 1363/22/1128 1362/22/1128 1303/22/1128
f 1333/22/1128 1363/22/1128 1304/22/1128
f 1366/22/1128 1364/22/1128 1394/22/1128
f 1364/22/1128 1365/22/1128 1394/22/1128
f 1365/22/1236 1395/22/1236 1394/22/1236
f 1394/22/1237 1393/22/1237 1392/22/1237
f 1392/22/1238 1391/22/1238 1394/22/1238
f 1391/22/1128 1390/22/1128 1394/22/1128
f 1390/22/1128 1389/22/1128 1388/22/1128
f 1388/22/1128 1387/22/1128 1386/22/1128
f 1386/22/1128 1385/22/1128 1382/22/1128
f 1385/22/1128 1384/22/1128 1382/22/1128
f 1384/22/1239 1383/22/1239 1382/22/1239
f 1382/22/1240 1381/22/1240 1380/22/1240
f 1380/22/1241 1379/22/1241 1378/22/1241
f 1378/22/1128 1377/22/1128 1374/22/1128
f 1377/22/1128 1376/22/1128 1374/22/1128
f 1376/22/1242 1375/22/1242 1374/22/1242
f 1374/22/1187 1373/22/1187 1372/22/1187
f 1372/22/1243 1371/22/1243 1370/22/1243
f 1370/22/1128 1369/22/1128 1366/22/1128
f 1369/22/1128 1368/22/1128 1366/22/1128
f 1368/22/1244 1367/22/1244 1366/22/1244
f 1390/22/1128 1388/22/1128 1386/22/1128
f 1382/22/1128 1380/22/1128 1378/22/1128
f 1374/22/1128 1372/22/1128 1370/22/1128
f 1366/22/1128 1394/22/1128 1390/22/1128
f 1390/22/1128 1386/22/1128 1366/22/1128
f 1386/22/1128 1382/22/1128 1366/22/1128
f 1382/22/1128 1378/22/1128 1374/22/1128
f 1374/22/1128 1370/22/1128 1366/22/1128
f 1393/22/1245 1394/22/1245 1303/22/1245
f 1368/22/1160 1369/22/1160 1278/22/1160
f 1293/22/1154 1384/22/1154 1385/22/1154
f 1372/22/1136 1373/22/1136 1282/22/1136
f 1388/22/1233 1389/22/1233 1298/22/1233
f 1389/22/1133 1390/22/1133 1299/22/1133
f 1299/22/1135 1390/22/1135 1391/22/1135
f 1265/22/1128 1233/22/1128 1232/22/1128
f 1236/22/1128 1235/22/1128 1267/22/1128
f 1262/22/1130 1353/22/1130 1354/22/1130
f 1355/22/1134 1356/22/1134 1265/22/1134
f 1342/22/1135 1343/22/1135 1252/22/1135
f 1265/22/1196 1356/22/1196 1357/22/1196
f 1344/22/1139 1345/22/1139 1254/22/1139
f 1267/22/1140 1358/22/1140 1359/22/1140
f 1242/22/1338 1333/22/1338 1332/22/1338
f 1347/22/1193 1348/22/1193 1257/22/1193
f 1361/22/1149 1362/22/1149 1271/22/1149
f 1257/22/1150 1348/22/1150 1349/22/1150
f 1258/22/1153 1349/22/1153 1350/22/1153
f 1350/22/1156 1351/22/1156 1260/22/1156
f 1351/22/1158 1352/22/1158 1261/22/1158
f 1352/22/1160 1353/22/1160 1262/22/1160
f 1212/22/1161 1308/22/1161 1307/22/1161
f 1213/22/1164 1309/22/1164 1308/22/1164
f 1240/22/1165 1331/22/1165 1330/22/1165
f 1209/22/1168 1305/22/1168 1331/22/1168
f 1210/22/1180 1306/22/1180 1305/22/1180
f 1211/22/1182 1307/22/1182 1306/22/1182
f 1321/22/1184 1320/22/1184 1224/22/1184
f 1274/22/1150 1365/22/1150 1364/22/1150
f 1300/22/1137 1391/22/1137 1392/22/1137
f 1378/22/1152 1379/22/1152 1288/22/1152
f 1364/22/1153 1366/22/1153 1275/22/1153
f 1301/22/1139 1392/22/1139 1393/22/1139
f 1379/22/1189 1380/22/1189 1289/22/1189
f 1366/22/1339 1367/22/1339 1276/22/1339
f 1380/22/1338 1381/22/1338 1290/22/1338
f 1276/22/1340 1367/22/1340 1368/22/1340
f 1303/22/1144 1394/22/1144 1395/22/1144
f 1290/22/1192 1381/22/1192 1382/22/1192
f 1395/22/1193 1365/22/1193 1274/22/1193
f 1291/22/1341 1382/22/1341 1383/22/1341
f 1278/22/1195 1369/22/1195 1370/22/1195
f 1383/22/1151 1384/22/1151 1293/22/1151
f 1370/22/1132 1371/22/1132 1280/22/1132
f 1280/22/1134 1371/22/1134 1372/22/1134
f 1294/22/1342 1385/22/1342 1386/22/1342
f 1295/22/1159 1386/22/1159 1387/22/1159
f 1373/22/1343 1374/22/1343 1283/22/1343
f 1296/22/1127 1387/22/1127 1388/22/1127
f 1283/22/1140 1374/22/1140 1375/22/1140
f 1375/22/1143 1376/22/1143 1285/22/1143
f 1376/22/1146 1377/22/1146 1286/22/1146
usemtl Gloss_Red.001
f 1405/22/1198 1432/22/1198 1433/22/1199
f 1415/22/1200 1439/22/1200 1424/22/1201
f 1405/22/1202 1414/22/1202 1406/22/1202
f 1396/22/1203 1429/22/1203 1428/22/1203
f 1436/22/1204 1426/22/1204 1437/22/1204
f 1406/22/1205 1413/22/1205 1407/22/1205
f 1438/22/1206 1430/22/1206 1429/22/1206
f 1400/22/1207 1397/22/1207 1420/22/1207
f 1407/22/1208 1412/22/1208 1408/22/1208
f 1411/22/1209 1431/22/1209 1430/22/1209
f 1401/22/1210 1420/22/1210 1419/22/1210
f 1408/22/1211 1425/22/1211 1409/22/1211
f 1410/22/1212 1432/22/1212 1431/22/1212
f 1402/22/1213 1419/22/1213 1418/22/1213
f 1432/22/1214 1424/22/1214 1433/22/1214
f 1403/22/1215 1418/22/1215 1417/22/1215
f 1409/22/1216 1426/22/1216 1437/22/1216
f 1433/22/1217 1423/22/1217 1434/22/1217
f 1404/22/1218 1417/22/1218 1416/22/1218
f 1399/22/1219 1398/22/1219 1397/22/1219
f 1434/22/1220 1422/22/1220 1435/22/1220
f 1404/22/1221 1415/22/1221 1405/22/1221
f 1398/22/1222 1428/22/1222 1427/22/1222
f 1435/22/1223 1421/22/1223 1436/22/1223
f 1437/22/1199 1409/22/1199 1436/22/1199
f 1409/22/1198 1408/22/1198 1436/22/1198
f 1408/22/1198 1407/22/1198 1435/22/1198
f 1407/22/1198 1406/22/1198 1434/22/1198
f 1434/22/1198 1406/22/1198 1433/22/1198
f 1406/22/1199 1405/22/1199 1433/22/1199
f 1405/22/1199 1404/22/1199 1432/22/1199
f 1432/22/1199 1404/22/1199 1431/22/1199
f 1404/22/1246 1403/22/1199 1431/22/1199
f 1403/22/1199 1402/22/1199 1431/22/1199
f 1431/22/1199 1402/22/1199 1430/22/1199
f 1402/22/1199 1401/22/1199 1430/22/1199
f 1401/22/1199 1400/22/1199 1429/22/1199
f 1430/22/1199 1401/22/1199 1429/22/1199
f 1400/22/1199 1399/22/1199 1428/22/1199
f 1399/22/1199 1427/22/1199 1428/22/1199
f 1435/22/1198 1436/22/1198 1408/22/1198
f 1400/22/1199 1428/22/1199 1429/22/1199
f 1434/22/1198 1435/22/1198 1407/22/1198
f 1426/22/1200 1425/22/1200 1421/22/1200
f 1425/22/1200 1412/22/1200 1421/22/1200
f 1412/22/1200 1413/22/1200 1422/22/1200
f 1413/22/1200 1414/22/1200 1423/22/1200
f 1423/22/1200 1414/22/1200 1424/22/1200
f 1414/22/1247 1415/22/1247 1424/22/1247
f 1415/22/1248 1416/22/1248 1439/22/1248
f 1439/22/1200 1416/22/1200 1410/22/1200
f 1416/22/1247 1417/22/1247 1410/22/1247
f 1417/22/1247 1418/22/1247 1410/22/1247
f 1410/22/1247 1418/22/1247 1411/22/1247
f 1418/22/1200 1419/22/1200 1411/22/1200
f 1419/22/1200 1420/22/1200 1438/22/1200
f 1411/22/1247 1419/22/1247 1438/22/1200
f 1420/22/1247 1397/22/1247 1396/22/1247
f 1397/22/1247 1398/22/1247 1396/22/1247
f 1422/22/1200 1421/22/1200 1412/22/1200
f 1420/22/1200 1396/22/1200 1438/22/1200
f 1423/22/1200 1422/22/1200 1413/22/1200
f 1405/22/1202 1415/22/1202 1414/22/1202
f 1436/22/1249 1421/22/1249 1426/22/1249
f 1406/22/1250 1414/22/1250 1413/22/1250
f 1400/22/1207 1399/22/1207 1397/22/1207
f 1407/22/1208 1413/22/1208 1412/22/1208
f 1401/22/1210 1400/22/1210 1420/22/1210
f 1408/22/1251 1412/22/1251 1425/22/1251
f 1402/22/1213 1401/22/1213 1419/22/1213
f 1403/22/1215 1402/22/1215 1418/22/1215
f 1409/22/1252 1425/22/1252 1426/22/1252
f 1404/22/1218 1403/22/1218 1417/22/1218
f 1399/22/1253 1427/22/1253 1398/22/1253
f 1404/22/1221 1416/22/1221 1415/22/1221
f 1396/22/1203 1438/22/1203 1429/22/1203
f 1438/22/1344 1411/22/1344 1430/22/1344
f 1411/22/1209 1410/22/1209 1431/22/1209
f 1410/22/1212 1439/22/1212 1432/22/1212
f 1432/22/1214 1439/22/1214 1424/22/1214
f 1433/22/1345 1424/22/1345 1423/22/1345
f 1434/22/1220 1423/22/1220 1422/22/1220
f 1398/22/1222 1396/22/1222 1428/22/1222
f 1435/22/1223 1422/22/1223 1421/22/1223
