# Blender 3.6.0
# www.blender.org
mtllib mustang_cofre.mtl
o Cofre
v 0.127757 -0.285045 -2.734579
v 0.378265 -0.299052 -2.695664
v 1.812168 -0.102988 -1.057856
v 1.328168 -0.312230 -2.626337
v 1.776934 -0.253505 -2.187389
v 0.914052 -0.305008 -2.655951
v 1.331498 -0.315558 -2.642228
v 1.790302 -0.254921 -2.199165
v 0.919673 -0.307022 -2.672697
v -0.036747 -0.285045 -2.734579
v -0.287255 -0.299052 -2.695664
v 0.045505 -0.285045 -2.734579
v -1.721158 -0.102988 -1.057856
v -1.237158 -0.312230 -2.626337
v -0.823042 -0.305008 -2.655951
v -1.738232 -0.103101 -1.058790
v 0.190384 -0.288547 -2.724849
v 0.253011 -0.292048 -2.715121
v 0.315638 -0.295550 -2.705392
v 0.066068 -0.285045 -2.734578
v 0.086631 -0.285045 -2.734579
v 0.107194 -0.285045 -2.734578
v 1.440360 -0.297549 -2.516600
v 1.552551 -0.282868 -2.406862
v 1.664742 -0.268186 -2.297126
v 0.512212 -0.300541 -2.685735
v 0.646159 -0.302030 -2.675807
v 0.780105 -0.303519 -2.665879
v 1.785742 -0.215876 -1.905005
v 1.794551 -0.178246 -1.622622
v 1.803359 -0.140617 -1.340240
v 1.017581 -0.306814 -2.648546
v 1.224639 -0.310425 -2.633740
v 1.446199 -0.300399 -2.531461
v 1.675601 -0.270081 -2.309931
v 1.022629 -0.309156 -2.665079
v 1.125585 -0.311290 -2.657462
v 1.228542 -0.313424 -2.649845
v 1.768153 -0.069565 -0.225653
v 1.782825 -0.080707 -0.503054
v 1.797496 -0.091848 -0.780455
v 0.128073 -0.285559 -2.738855
v 0.378735 -0.299564 -2.699917
v 0.045505 -0.285559 -2.738855
v 1.330665 -0.314726 -2.638255
v 1.329833 -0.313894 -2.634282
v 1.329001 -0.313062 -2.630310
v 1.780276 -0.253859 -2.190333
v 1.783618 -0.254213 -2.193277
v 1.786960 -0.254567 -2.196221
v 0.915457 -0.305512 -2.660136
v 0.916863 -0.306015 -2.664324
v 0.918268 -0.306519 -2.668510
v 1.857014 -0.071843 -1.061862
v 1.834591 -0.087416 -1.059858
v 1.796399 -0.237314 -2.204696
v 1.342453 -0.299803 -2.646363
v 1.809940 -0.238749 -2.216624
v 0.942232 -0.282287 -2.718250
v 1.784295 -0.066719 -0.201986
v 1.799278 -0.078847 -0.487587
v -0.099374 -0.288547 -2.724849
v -0.162001 -0.292048 -2.715121
v -0.224628 -0.295550 -2.705392
v 0.024942 -0.285045 -2.734579
v 0.004379 -0.285045 -2.734579
v -0.016184 -0.285045 -2.734578
v -1.349350 -0.297549 -2.516600
v -0.421202 -0.300541 -2.685735
v -0.555149 -0.302030 -2.675807
v -0.689095 -0.303519 -2.665879
v -1.703541 -0.178246 -1.622622
v -1.712349 -0.140617 -1.340240
v -0.926571 -0.306814 -2.648548
v -1.030100 -0.308619 -2.641144
v -1.133629 -0.310425 -2.633740
v -1.718762 -0.179011 -1.628977
v -1.728497 -0.141056 -1.343884
v -1.691815 -0.080707 -0.503054
v -1.706487 -0.091848 -0.780455
v -0.037063 -0.285559 -2.738854
v -0.287725 -0.299564 -2.699917
v -1.733964 -0.103073 -1.058556
v -1.729695 -0.103044 -1.058323
v -1.725426 -0.103016 -1.058089
v -1.237991 -0.313062 -2.630309
v -0.824447 -0.305512 -2.660136
v -1.766004 -0.071843 -1.061862
v -1.743581 -0.087416 -1.059858
v -1.760876 -0.087530 -1.060804
v -1.783519 -0.071958 -1.062819
v -1.251443 -0.299803 -2.646363
v -1.708268 -0.078847 -0.487587
v -1.723250 -0.090973 -0.773189
v 0.190738 -0.289060 -2.729120
v 0.253404 -0.292561 -2.719386
v 0.316069 -0.296063 -2.709651
v 0.066147 -0.285559 -2.738854
v 0.086789 -0.285559 -2.738855
v 0.107431 -0.285559 -2.738854
v 1.667457 -0.268660 -2.300327
v 1.670171 -0.269133 -2.303528
v 1.672886 -0.269607 -2.306729
v 0.512916 -0.301051 -2.689972
v 0.647096 -0.302538 -2.680027
v 0.781277 -0.304025 -2.670082
v 1.786938 -0.080242 -0.499187
v 1.772189 -0.068854 -0.219736
v 1.791051 -0.079777 -0.495321
v 1.776224 -0.068142 -0.213819
v 1.795164 -0.079312 -0.491454
v 1.780260 -0.067431 -0.207903
v 1.018843 -0.307399 -2.652680
v 1.225615 -0.311175 -2.637766
v 1.020105 -0.307985 -2.656812
v 1.226590 -0.311925 -2.641793
v 1.021367 -0.308571 -2.660946
v 1.124467 -0.310623 -2.653383
v 1.227566 -0.312674 -2.645818
v 1.805947 -0.199839 -1.918487
v 1.815495 -0.162365 -1.632278
v 1.825043 -0.124890 -1.346068
v 1.834556 -0.009812 -0.199307
v 1.842150 -0.057806 -0.777270
v 1.827286 -0.043767 -0.492680
v 1.812422 -0.029730 -0.208089
v 1.819823 -0.074827 -0.778863
v 1.805055 -0.062237 -0.497867
v 1.790288 -0.049647 -0.216871
v 1.238154 -0.298006 -2.654401
v 1.713013 -0.239419 -2.346037
v 1.596447 -0.256262 -2.457989
v 1.694307 -0.254750 -2.327984
v 1.578674 -0.270751 -2.439343
v 1.463040 -0.286752 -2.550701
v 0.803869 -0.280768 -2.728503
v 1.851323 -0.006856 -0.174724
v 1.828980 -0.026810 -0.183811
v 1.844163 -0.041859 -0.476814
v 1.806638 -0.046765 -0.192899
v 1.821720 -0.060353 -0.482201
v 1.701083 -0.237686 -2.333102
v 1.455940 -0.284181 -2.535947
v 1.569426 -0.268559 -2.425531
v 1.682913 -0.252936 -2.315114
v 1.047503 -0.284202 -2.709160
v 1.243293 -0.300729 -2.670413
v 1.139180 -0.298704 -2.678766
v 1.035066 -0.296679 -2.687120
v -0.099728 -0.289060 -2.729120
v -0.162394 -0.292561 -2.719386
v -0.225059 -0.296063 -2.709651
v 0.024863 -0.285559 -2.738855
v 0.004221 -0.285559 -2.738855
v -0.016421 -0.285559 -2.738854
v -0.421906 -0.301051 -2.689972
v -0.556086 -0.302538 -2.680027
v -0.690267 -0.304025 -2.670082
v -1.707346 -0.178438 -1.624211
v -1.711151 -0.178629 -1.625799
v -1.714957 -0.178820 -1.627388
v -1.716386 -0.140727 -1.341150
v -1.720423 -0.140837 -1.342062
v -1.724460 -0.140946 -1.342972
v -1.710677 -0.091629 -0.778638
v -1.714868 -0.091411 -0.776822
v -1.719059 -0.091192 -0.775005
v -1.695928 -0.080242 -0.499187
v -1.700041 -0.079777 -0.495321
v -1.704154 -0.079312 -0.491454
v -0.927833 -0.307399 -2.652680
v -1.031219 -0.309287 -2.645224
v -1.134605 -0.311175 -2.637766
v -1.766374 -0.130601 -1.651588
v -1.745429 -0.146483 -1.641933
v -1.724485 -0.162365 -1.632277
v -1.777400 -0.093436 -1.357726
v -1.755717 -0.109163 -1.351897
v -1.734033 -0.124890 -1.346068
v -1.751140 -0.057806 -0.777270
v -1.728813 -0.074827 -0.778862
v -1.736276 -0.043767 -0.492680
v -1.714045 -0.062238 -0.497867
v -1.147144 -0.298006 -2.654401
v -1.794173 -0.093891 -1.361511
v -1.772281 -0.109613 -1.355635
v -1.750389 -0.125334 -1.349759
v -1.782184 -0.131395 -1.658189
v -1.761043 -0.147267 -1.648452
v -1.739903 -0.163139 -1.638714
v -1.753153 -0.041859 -0.476814
v -1.730710 -0.060353 -0.482200
v -1.768336 -0.056909 -0.769816
v -1.745793 -0.073941 -0.771502
v -1.380509 -0.270813 -2.555295
v -1.364930 -0.284181 -2.535947
v -1.495291 -0.254250 -2.444198
v -1.610073 -0.237686 -2.333102
v 1.641821 0.037533 -0.046675
v 0.825539 0.050272 -0.427182
v 1.311522 0.054796 -0.243719
v 0.481757 0.075644 -0.424839
v 1.633382 -0.202607 -2.313266
v 1.318793 -0.146850 -2.292256
v 1.068954 -0.153670 -2.418007
v 0.580380 -0.144546 -2.509618
v 0.337346 -0.136915 -2.544755
v 1.581286 -0.051540 -1.547632
v 1.621803 -0.002902 -0.729133
v 0.628402 0.058973 -0.522900
v 1.078655 0.044304 -0.495223
v 0.311380 0.078394 -0.521268
v 1.477826 -0.165705 -2.257675
v 1.801981 -0.147094 -1.936249
v 1.503287 -0.099311 -1.950261
v 1.601000 -0.024797 -1.133650
v 1.786498 0.019515 -0.027349
v 1.324189 -0.016281 -1.332700
v 0.815202 -0.010394 -1.345902
v 0.808527 -0.134853 -2.412039
v 0.490174 0.011454 -1.355979
v 0.477653 -0.126233 -2.472478
v 0.217452 -0.119486 -2.488810
v 1.757600 -0.082656 -1.524675
v 1.642109 0.021327 -0.371107
v 1.769501 -0.031968 -0.677720
v 1.783785 -0.000187 -0.307485
v 0.326010 0.015560 -1.358158
v 0.626407 0.000290 -1.354584
v 1.097828 -0.012411 -1.310428
v 1.676555 -0.124559 -1.929155
v 1.766242 -0.056728 -1.097562
v 1.425265 0.039422 -0.497808
v 1.429759 0.020437 -0.776718
v 1.415137 -0.000747 -1.085479
v 1.379180 -0.042238 -1.609840
v 1.250877 -0.083350 -1.982626
v 0.582941 -0.065427 -2.070390
v 0.733960 -0.071647 -2.051523
v 0.289005 -0.056003 -2.086004
v 0.445313 -0.058850 -2.079676
v 0.974472 -0.074953 -2.009202
v 1.376427 -0.267536 -2.586581
v -1.550811 0.037533 -0.046675
v 0.045505 0.081804 -0.425288
v -0.734529 0.050272 -0.427182
v -1.220512 0.054796 -0.243719
v -0.390747 0.075644 -0.424839
v -1.542372 -0.202607 -2.313265
v -1.227783 -0.146850 -2.292256
v -0.977944 -0.153670 -2.418008
v -0.489370 -0.144546 -2.509618
v -0.246336 -0.136915 -2.544755
v 0.045505 -0.133672 -2.552886
v -1.490276 -0.051540 -1.547631
v -1.530792 -0.002903 -0.729133
v -0.537392 0.058973 -0.522900
v -0.987645 0.044304 -0.495223
v -0.220370 0.078394 -0.521268
v -1.386816 -0.165705 -2.257675
v -1.710971 -0.147094 -1.936249
v -1.412276 -0.099311 -1.950261
v -1.509990 -0.024797 -1.133650
v -1.695488 0.019515 -0.027349
v -1.233179 -0.016281 -1.332700
v -0.724192 -0.010394 -1.345901
v -0.717517 -0.134853 -2.412038
v -0.399164 0.011454 -1.355979
v -0.386643 -0.126233 -2.472478
v 0.045505 0.016944 -1.361152
v -0.126442 -0.119486 -2.488810
v -1.666590 -0.082656 -1.524675
v -1.551099 0.021327 -0.371107
v -1.678491 -0.031968 -0.677720
v -1.692775 -0.000187 -0.307485
v -0.235000 0.015560 -1.358158
v -0.535397 0.000290 -1.354583
v -1.006818 -0.012411 -1.310428
v -1.585545 -0.124559 -1.929155
v -1.675232 -0.056728 -1.097562
v -1.334255 0.039422 -0.497808
v -1.338749 0.020437 -0.776718
v -1.324127 -0.000747 -1.085480
v -1.288170 -0.042238 -1.609840
v -1.159867 -0.083350 -1.982626
v -0.491931 -0.065427 -2.070390
v -0.642950 -0.071647 -2.051523
v -0.197995 -0.056003 -2.086004
v 0.045505 -0.055436 -2.095368
v -0.354303 -0.058850 -2.079677
v -0.883462 -0.074953 -2.009202
v -1.285417 -0.267536 -2.586581
v 0.653306 0.058498 -0.479415
v 0.696101 0.056118 -0.445961
v 0.755292 0.052929 -0.432025
v 1.703997 -0.225830 -2.326865
v 1.113550 0.047424 -0.443848
v 1.167462 0.050632 -0.383433
v 1.234165 0.053553 -0.314518
v 0.338748 0.080030 -0.472869
v 0.380118 0.079816 -0.438456
v 0.429797 0.078186 -0.425759
v 1.486811 -0.171316 -2.278352
v 1.513721 -0.178923 -2.297714
v 1.565773 -0.188310 -2.307070
v 0.045505 -0.156158 -2.631696
v 0.045505 -0.183925 -2.701360
v 0.045505 -0.220832 -2.766697
v 0.552935 -0.165806 -2.588802
v 0.532798 -0.191888 -2.658962
v 0.520483 -0.226250 -2.725981
v 0.300577 -0.158871 -2.624625
v 0.265038 -0.185841 -2.694711
v 0.236700 -0.221797 -2.760466
v 1.832182 -0.144265 -1.880387
v 1.864893 -0.137357 -1.788286
v 1.414471 -0.250383 -2.541682
v 1.475810 -0.231297 -2.478193
v 1.552759 -0.216030 -2.403539
v 1.038718 -0.176329 -2.497669
v 1.016722 -0.203483 -2.570034
v 1.002065 -0.236949 -2.642421
v 1.451299 -0.112371 -2.055738
v 1.394971 -0.125201 -2.155123
v 1.347278 -0.137432 -2.238289
v 1.594773 -0.030136 -1.238704
v 1.589137 -0.036017 -1.343077
v 1.585159 -0.043010 -1.446188
v 1.649119 0.035191 -0.024557
v 1.660498 0.030146 -0.029172
v 1.674599 0.023294 -0.051610
v 0.045505 0.080053 -0.326096
v 0.045505 0.069024 -0.296706
v 0.045505 0.050577 -0.316828
v 0.821453 0.054571 -0.323892
v 0.813568 0.052694 -0.287638
v 0.800821 0.045542 -0.299625
v 0.470447 0.074618 -0.325756
v 0.456528 0.065127 -0.295833
v 0.441323 0.049266 -0.314464
v 1.287849 0.055159 -0.203223
v 1.271650 0.052297 -0.203023
v 1.264640 0.047137 -0.230131
v 1.797944 0.009139 0.025933
v 1.798398 0.017557 -0.007493
v 1.814661 0.014181 0.017283
v 1.205058 -0.098696 -2.101600
v 1.156262 -0.115326 -2.216753
v 1.109292 -0.133548 -2.323686
v 0.696917 -0.088168 -2.184591
v 0.656132 -0.105925 -2.306492
v 0.615866 -0.124768 -2.415434
v 0.761711 -0.139779 -2.443492
v 0.700839 -0.144387 -2.475956
v 0.638307 -0.145646 -2.497234
v 0.424621 -0.077027 -2.215409
v 0.399772 -0.096212 -2.339244
v 0.370703 -0.116232 -2.449565
v 0.451702 -0.130897 -2.499083
v 0.416037 -0.135405 -2.524860
v 0.377360 -0.137192 -2.539150
v 0.045505 -0.073677 -2.230377
v 0.045505 -0.092798 -2.352103
v 0.045505 -0.112796 -2.459840
v 0.185265 -0.125198 -2.515849
v 0.141503 -0.130554 -2.539406
v 0.094192 -0.133130 -2.550535
v 1.718292 -0.075533 -1.529037
v 1.677076 -0.067243 -1.533951
v 1.632043 -0.058881 -1.539965
v 1.639454 0.015067 -0.463136
v 1.634401 0.008930 -0.551231
v 1.628125 0.002935 -0.638771
v 1.738214 -0.026500 -0.690219
v 1.704597 -0.019408 -0.702870
v 1.666508 -0.011330 -0.715799
v 0.530061 0.072488 -0.427269
v 0.572002 0.068595 -0.441562
v 0.605835 0.063804 -0.477197
v 0.900027 0.049018 -0.422598
v 0.971690 0.048205 -0.428216
v 1.034033 0.046614 -0.455407
v 0.131824 0.081906 -0.426611
v 0.209616 0.081796 -0.439195
v 0.271470 0.080776 -0.473234
v 1.337676 -0.154312 -2.304601
v 1.376116 -0.161995 -2.305043
v 1.430520 -0.165413 -2.284034
v 1.704962 -0.188276 -2.205300
v 1.758625 -0.172950 -2.094827
v 1.789212 -0.157803 -1.999707
v 1.575010 -0.061846 -1.647370
v 1.562604 -0.073577 -1.746665
v 1.540040 -0.086232 -1.847100
v 1.616319 -0.008571 -0.824872
v 1.611400 -0.014091 -0.925248
v 1.606482 -0.019490 -1.028695
v 1.699445 0.032191 -0.025256
v 1.741751 0.027358 -0.016035
v 1.770475 0.022921 -0.018389
v 1.396050 -0.001911 -1.116698
v 1.370700 -0.004993 -1.172144
v 1.344674 -0.010754 -1.257251
v 0.827268 0.039731 -0.607043
v 0.826487 0.024664 -0.840691
v 0.822649 0.007235 -1.097265
v 0.978542 -0.151992 -2.436251
v 0.897311 -0.147742 -2.441368
v 0.839609 -0.140988 -2.429874
v 0.489278 0.067187 -0.604239
v 0.492999 0.051566 -0.840574
v 0.493204 0.031937 -1.101826
v 0.532680 -0.142429 -2.516180
v 0.499596 -0.138508 -2.512333
v 0.483179 -0.132172 -2.494347
v 0.045505 0.073605 -0.605064
v 0.045505 0.057907 -0.842155
v 0.045505 0.037943 -1.104778
v 0.297581 -0.135470 -2.545133
v 0.261983 -0.131972 -2.536222
v 0.234375 -0.125779 -2.514515
v 1.867640 -0.098616 -1.515753
v 1.833527 -0.092740 -1.517286
v 1.796333 -0.087983 -1.520549
v 1.639364 0.036572 -0.101163
v 1.640096 0.032932 -0.180558
v 1.641762 0.027541 -0.274119
v 1.830147 -0.038018 -0.653027
v 1.800163 -0.035492 -0.665291
v 1.786937 0.006928 -0.216899
v 1.788598 0.012864 -0.133802
v 1.788149 0.017188 -0.067137
v 1.772401 -0.024308 -0.581735
v 1.776039 -0.016199 -0.489140
v 1.779980 -0.008029 -0.398276
v 1.807825 -0.004196 -0.292104
v 1.829429 -0.007831 -0.276459
v 1.689283 0.014995 -0.352226
v 1.726865 0.009341 -0.336303
v 1.757488 0.004302 -0.321877
v 0.330734 0.036314 -1.105358
v 0.330781 0.055587 -0.859817
v 0.323257 0.070040 -0.660966
v 0.302489 -0.038603 -1.937922
v 0.312471 -0.021438 -1.771898
v 0.319971 -0.003666 -1.580964
v 0.369296 0.014949 -1.357551
v 0.411684 0.014172 -1.356968
v 0.452276 0.013062 -1.356436
v 0.115631 0.016825 -1.360894
v 0.185758 0.016511 -1.360216
v 0.255884 0.016068 -1.359257
v 0.627487 0.019235 -1.104509
v 0.627509 0.037194 -0.856411
v 0.627850 0.051248 -0.649461
v 0.602068 -0.049216 -1.924524
v 0.614910 -0.033422 -1.761397
v 0.622635 -0.017201 -1.573816
v 0.665371 -0.002889 -1.354012
v 0.709187 -0.005860 -1.352756
v 0.758812 -0.008427 -1.350245
v 0.524941 0.009237 -1.355609
v 0.557987 0.006524 -1.355289
v 0.591185 0.003485 -1.354963
v 1.104964 0.005412 -1.067663
v 1.102581 0.022514 -0.825121
v 1.090693 0.036268 -0.620909
v 1.020629 -0.059259 -1.864293
v 1.057306 -0.044108 -1.704024
v 1.082512 -0.028800 -1.522220
v 1.172930 -0.012400 -1.301105
v 1.239787 -0.013039 -1.301850
v 1.291368 -0.014697 -1.317768
v 0.878850 -0.011629 -1.339336
v 0.948390 -0.012254 -1.330887
v 1.021993 -0.012453 -1.321078
v 1.711386 -0.112507 -1.828789
v 1.734641 -0.101442 -1.728440
v 1.749115 -0.091459 -1.627328
v 1.519673 -0.159184 -2.203056
v 1.574251 -0.149268 -2.122708
v 1.629013 -0.137255 -2.029023
v 1.714062 -0.129845 -1.927063
v 1.749232 -0.135036 -1.927162
v 1.779945 -0.140989 -1.930588
v 1.553413 -0.105288 -1.942529
v 1.597759 -0.111856 -1.936674
v 1.638185 -0.118463 -1.932336
v 1.766322 -0.051061 -0.989447
v 1.766695 -0.045185 -0.882594
v 1.767657 -0.038890 -0.778265
v 1.762557 -0.075059 -1.419927
v 1.765117 -0.068417 -1.313439
v 1.766079 -0.062413 -1.205791
v 1.801990 -0.060944 -1.089530
v 1.834953 -0.063559 -1.082044
v 1.862401 -0.065606 -1.075660
v 1.649004 -0.033134 -1.123451
v 1.691271 -0.041943 -1.114261
v 1.729713 -0.050161 -1.105744
v 1.339762 0.050969 -0.327099
v 1.370490 0.046003 -0.414946
v 1.401299 0.042178 -0.470002
v 1.584515 0.028140 -0.394471
v 1.522886 0.034201 -0.424107
v 1.465627 0.038154 -0.461080
v 1.413377 0.036105 -0.567564
v 1.407640 0.030770 -0.655426
v 1.416234 0.025038 -0.728949
v 1.569779 0.005213 -0.742849
v 1.515495 0.012251 -0.756335
v 1.465507 0.017503 -0.768539
v 1.412678 0.017610 -0.832012
v 1.400701 0.012296 -0.915026
v 1.404800 0.005193 -1.011067
v 1.546992 -0.017698 -1.143014
v 1.493291 -0.011428 -1.140980
v 1.447054 -0.005488 -1.118314
v 1.334545 -0.023080 -1.412655
v 1.349171 -0.030840 -1.498137
v 1.365662 -0.037525 -1.566343
v 1.524397 -0.046154 -1.557815
v 1.466970 -0.043010 -1.572633
v 1.415710 -0.042030 -1.592697
v 1.356410 -0.047881 -1.669567
v 1.324841 -0.057089 -1.757887
v 1.290224 -0.069206 -1.865113
v 1.446192 -0.094335 -1.959849
v 1.383637 -0.090211 -1.969734
v 1.317805 -0.086646 -1.977973
v 0.499340 -0.114980 -2.413384
v 0.528006 -0.099518 -2.320397
v 0.557218 -0.082528 -2.203849
v 0.803531 -0.026559 -1.562111
v 0.786740 -0.041598 -1.746879
v 0.763871 -0.056348 -1.907564
v 0.234367 -0.106246 -2.422920
v 0.252664 -0.091224 -2.334802
v 0.271649 -0.074027 -2.220432
v 0.045505 -0.002524 -1.585849
v 0.045505 -0.020564 -1.778876
v 0.045505 -0.037945 -1.946594
v 0.484098 -0.007398 -1.577554
v 0.474786 -0.024819 -1.767223
v 0.461952 -0.041679 -1.932194
v 0.832815 -0.123435 -2.352274
v 0.872861 -0.108107 -2.258846
v 0.922671 -0.091529 -2.142287
v 1.184263 -0.080177 -1.983309
v 1.116270 -0.077570 -1.985873
v 1.045456 -0.075936 -1.995595
v 0.689716 -0.070383 -2.058006
v 0.651095 -0.068884 -2.063097
v 0.616151 -0.067211 -2.067117
v 0.407722 -0.057821 -2.081409
v 0.368858 -0.057064 -2.083011
v 0.329144 -0.056488 -2.084529
v 0.906549 -0.074183 -2.022182
v 0.843145 -0.073450 -2.033593
v 0.785277 -0.072641 -2.043391
v 0.549781 -0.063600 -2.073192
v 0.516037 -0.061826 -2.075631
v 0.481339 -0.060208 -2.077771
v 0.228130 -0.055795 -2.089442
v 0.167255 -0.055613 -2.092440
v 0.106380 -0.055484 -2.094563
v 1.396960 0.053055 -0.179633
v 1.484796 0.048903 -0.124771
v 1.568570 0.043381 -0.080122
v 1.119170 -0.272165 -2.673115
v 1.223912 -0.267328 -2.632975
v 1.313648 -0.265945 -2.603071
v 1.280523 -0.148937 -2.323509
v 1.224694 -0.151524 -2.359906
v 1.153175 -0.153328 -2.392000
v -0.562296 0.058498 -0.479415
v -0.605091 0.056118 -0.445961
v -0.664282 0.052929 -0.432026
v -1.612988 -0.225830 -2.326865
v -1.022540 0.047424 -0.443848
v -1.076452 0.050632 -0.383433
v -1.143155 0.053553 -0.314518
v -0.247738 0.080030 -0.472869
v -0.289108 0.079816 -0.438456
v -0.338787 0.078186 -0.425759
v -1.395801 -0.171316 -2.278352
v -1.422711 -0.178923 -2.297714
v -1.474763 -0.188310 -2.307070
v -0.461925 -0.165806 -2.588802
v -0.441788 -0.191888 -2.658962
v -0.429473 -0.226250 -2.725981
v -0.209567 -0.158871 -2.624625
v -0.174028 -0.185841 -2.694711
v -0.145690 -0.221797 -2.760464
v -1.741172 -0.144265 -1.880388
v -1.773883 -0.137357 -1.788286
v -1.323461 -0.250383 -2.541682
v -1.384800 -0.231297 -2.478193
v -1.461749 -0.216030 -2.403539
v -0.947708 -0.176329 -2.497669
v -0.925712 -0.203483 -2.570033
v -0.911055 -0.236949 -2.642421
v -1.360289 -0.112371 -2.055738
v -1.303961 -0.125201 -2.155123
v -1.256268 -0.137432 -2.238289
v -1.503763 -0.030136 -1.238704
v -1.498127 -0.036017 -1.343077
v -1.494149 -0.043010 -1.446188
v -1.558109 0.035191 -0.024557
v -0.730443 0.054571 -0.323892
v -0.722558 0.052694 -0.287638
v -0.709811 0.045542 -0.299625
v -0.379437 0.074618 -0.325756
v -0.365518 0.065127 -0.295833
v -0.350313 0.049266 -0.314464
v -1.196839 0.055159 -0.203223
v -1.180640 0.052297 -0.203023
v -1.173630 0.047137 -0.230131
v -1.706934 0.009139 0.025933
v -1.707388 0.017557 -0.007493
v -1.723651 0.014181 0.017283
v -1.114048 -0.098696 -2.101600
v -1.065252 -0.115326 -2.216753
v -1.018282 -0.133548 -2.323686
v -0.605907 -0.088168 -2.184591
v -0.565122 -0.105925 -2.306492
v -0.524856 -0.124768 -2.415434
v -0.670701 -0.139779 -2.443492
v -0.609829 -0.144387 -2.475956
v -0.547297 -0.145646 -2.497234
v -0.333611 -0.077027 -2.215409
v -0.308762 -0.096212 -2.339244
v -0.279693 -0.116232 -2.449565
v -0.360692 -0.130897 -2.499083
v -0.325027 -0.135405 -2.524860
v -0.286350 -0.137192 -2.539150
v -0.094255 -0.125198 -2.515849
v -0.050493 -0.130554 -2.539405
v -0.003182 -0.133130 -2.550535
v -1.627282 -0.075533 -1.529037
v -1.586065 -0.067243 -1.533951
v -1.541033 -0.058881 -1.539965
v -1.548444 0.015067 -0.463136
v -1.543391 0.008930 -0.551231
v -1.537115 0.002935 -0.638770
v -1.647204 -0.026500 -0.690219
v -1.613587 -0.019408 -0.702870
v -1.575498 -0.011330 -0.715799
v -0.439051 0.072488 -0.427269
v -0.480992 0.068595 -0.441562
v -0.514825 0.063804 -0.477197
v -0.809017 0.049018 -0.422598
v -0.880680 0.048205 -0.428216
v -0.943023 0.046614 -0.455407
v -0.040814 0.081906 -0.426611
v -0.118606 0.081796 -0.439195
v -0.180460 0.080776 -0.473234
v -1.246667 -0.154312 -2.304601
v -1.285106 -0.161995 -2.305043
v -1.339510 -0.165413 -2.284034
v -1.613952 -0.188276 -2.205301
v -1.667615 -0.172950 -2.094827
v -1.698202 -0.157803 -1.999708
v -1.484000 -0.061846 -1.647370
v -1.471594 -0.073577 -1.746665
v -1.449030 -0.086232 -1.847100
v -1.525309 -0.008571 -0.824872
v -1.520390 -0.014091 -0.925248
v -1.515472 -0.019490 -1.028695
v -1.608434 0.032191 -0.025256
v -1.650741 0.027358 -0.016035
v -1.679464 0.022921 -0.018389
v -1.305040 -0.001911 -1.116698
v -1.279690 -0.004993 -1.172144
v -1.253664 -0.010754 -1.257251
v -0.736258 0.039731 -0.607042
v -0.735477 0.024664 -0.840691
v -0.731639 0.007235 -1.097264
v -0.887532 -0.151992 -2.436252
v -0.806301 -0.147742 -2.441368
v -0.748599 -0.140988 -2.429874
v -0.398268 0.067187 -0.604239
v -0.401989 0.051566 -0.840574
v -0.402194 0.031937 -1.101826
v -0.441670 -0.142429 -2.516180
v -0.408586 -0.138508 -2.512333
v -0.392169 -0.132172 -2.494347
v -0.206571 -0.135470 -2.545133
v -0.170973 -0.131972 -2.536222
v -0.143365 -0.125779 -2.514515
v -1.776630 -0.098616 -1.515753
v -1.742517 -0.092740 -1.517286
v -1.705323 -0.087983 -1.520548
v -1.548354 0.036572 -0.101163
v -1.549086 0.032932 -0.180558
v -1.550752 0.027541 -0.274119
v -1.739137 -0.038018 -0.653027
v -1.709153 -0.035492 -0.665291
v -1.695927 0.006928 -0.216899
v -1.697588 0.012864 -0.133802
v -1.697140 0.017188 -0.067137
v -1.681390 -0.024308 -0.581735
v -1.685029 -0.016199 -0.489140
v -1.688970 -0.008029 -0.398276
v -1.716815 -0.004196 -0.292104
v -1.738419 -0.007831 -0.276459
v -1.598273 0.014995 -0.352226
v -1.635855 0.009341 -0.336303
v -1.666478 0.004302 -0.321877
v -0.239724 0.036314 -1.105357
v -0.239771 0.055587 -0.859817
v -0.232247 0.070040 -0.660966
v -0.211479 -0.038603 -1.937922
v -0.221461 -0.021438 -1.771898
v -0.228961 -0.003666 -1.580964
v -0.278286 0.014949 -1.357551
v -0.320674 0.014172 -1.356968
v -0.361266 0.013062 -1.356436
v -0.024621 0.016825 -1.360894
v -0.094748 0.016511 -1.360216
v -0.164874 0.016068 -1.359257
v -0.536477 0.019235 -1.104509
v -0.536499 0.037194 -0.856411
v -0.536840 0.051248 -0.649461
v -0.511058 -0.049216 -1.924524
v -0.523900 -0.033422 -1.761398
v -0.531624 -0.017201 -1.573816
v -0.574361 -0.002889 -1.354012
v -0.618177 -0.005860 -1.352757
v -0.667802 -0.008427 -1.350245
v -0.433931 0.009237 -1.355609
v -0.466977 0.006524 -1.355289
v -0.500175 0.003485 -1.354963
v -1.013954 0.005412 -1.067663
v -1.011571 0.022514 -0.825121
v -0.999683 0.036269 -0.620909
v -0.929619 -0.059259 -1.864293
v -0.966296 -0.044108 -1.704024
v -0.991502 -0.028800 -1.522220
v -1.081920 -0.012400 -1.301105
v -1.148777 -0.013039 -1.301850
v -1.200358 -0.014697 -1.317770
v -0.787840 -0.011629 -1.339336
v -0.857380 -0.012254 -1.330887
v -0.930983 -0.012453 -1.321077
v -1.620376 -0.112507 -1.828789
v -1.643632 -0.101442 -1.728440
v -1.658105 -0.091459 -1.627328
v -1.428663 -0.159184 -2.203057
v -1.483241 -0.149268 -2.122708
v -1.538002 -0.137255 -2.029023
v -1.623052 -0.129845 -1.927063
v -1.658222 -0.135036 -1.927162
v -1.688936 -0.140989 -1.930587
v -1.462403 -0.105288 -1.942529
v -1.506749 -0.111856 -1.936674
v -1.547175 -0.118463 -1.932336
v -1.675312 -0.051061 -0.989447
v -1.675685 -0.045185 -0.882594
v -1.676647 -0.038890 -0.778264
v -1.671547 -0.075059 -1.419927
v -1.674107 -0.068417 -1.313439
v -1.675069 -0.062413 -1.205791
v -1.710980 -0.060944 -1.089530
v -1.743943 -0.063559 -1.082044
v -1.771391 -0.065606 -1.075660
v -1.557994 -0.033134 -1.123451
v -1.600261 -0.041943 -1.114261
v -1.638703 -0.050161 -1.105743
v -1.248752 0.050969 -0.327099
v -1.279480 0.046003 -0.414945
v -1.310289 0.042178 -0.470002
v -1.493505 0.028140 -0.394471
v -1.431876 0.034201 -0.424107
v -1.374617 0.038154 -0.461080
v -1.322367 0.036105 -0.567564
v -1.316630 0.030770 -0.655426
v -1.325224 0.025038 -0.728949
v -1.478769 0.005213 -0.742848
v -1.424485 0.012251 -0.756335
v -1.374497 0.017503 -0.768539
v -1.321668 0.017610 -0.832012
v -1.309691 0.012296 -0.915026
v -1.313790 0.005193 -1.011067
v -1.455982 -0.017699 -1.143014
v -1.402281 -0.011428 -1.140980
v -1.356044 -0.005488 -1.118313
v -1.243535 -0.023080 -1.412654
v -1.258161 -0.030840 -1.498137
v -1.274652 -0.037525 -1.566343
v -1.433387 -0.046154 -1.557814
v -1.375960 -0.043010 -1.572633
v -1.324700 -0.042030 -1.592697
v -1.265400 -0.047881 -1.669567
v -1.233831 -0.057089 -1.757887
v -1.199214 -0.069206 -1.865112
v -1.355182 -0.094335 -1.959849
v -1.292627 -0.090211 -1.969734
v -1.226795 -0.086646 -1.977973
v -0.408330 -0.114980 -2.413384
v -0.436996 -0.099518 -2.320397
v -0.466208 -0.082528 -2.203849
v -0.712521 -0.026559 -1.562110
v -0.695730 -0.041598 -1.746878
v -0.672861 -0.056348 -1.907563
v -0.143357 -0.106246 -2.422920
v -0.161654 -0.091224 -2.334802
v -0.180639 -0.074027 -2.220432
v -0.393088 -0.007398 -1.577554
v -0.383776 -0.024819 -1.767223
v -0.370942 -0.041679 -1.932194
v -0.741805 -0.123435 -2.352273
v -0.781851 -0.108107 -2.258846
v -0.831661 -0.091529 -2.142287
v -1.093253 -0.080177 -1.983309
v -1.025260 -0.077570 -1.985873
v -0.954446 -0.075936 -1.995595
v -0.598706 -0.070383 -2.058006
v -0.560085 -0.068884 -2.063097
v -0.525141 -0.067211 -2.067117
v -0.316712 -0.057821 -2.081409
v -0.277847 -0.057064 -2.083011
v -0.238134 -0.056489 -2.084529
v -0.815539 -0.074183 -2.022182
v -0.752135 -0.073450 -2.033593
v -0.694267 -0.072641 -2.043391
v -0.458771 -0.063600 -2.073192
v -0.425027 -0.061826 -2.075631
v -0.390329 -0.060208 -2.077771
v -0.137120 -0.055795 -2.089442
v -0.076245 -0.055613 -2.092440
v -0.015370 -0.055485 -2.094563
v -1.305950 0.053055 -0.179633
v -1.393786 0.048903 -0.124771
v -1.477560 0.043381 -0.080122
v -1.028160 -0.272165 -2.673115
v -1.132902 -0.267328 -2.632975
v -1.222638 -0.265945 -2.603071
v -1.189513 -0.148937 -2.323509
v -1.133684 -0.151524 -2.359906
v -1.062165 -0.153328 -2.391999
v 0.390679 -0.180040 -2.662356
v 0.294267 -0.221487 -2.753178
v 0.320134 -0.185303 -2.686106
v 0.348029 -0.158644 -2.616905
v 0.396554 -0.154588 -2.595628
v 0.442423 -0.144758 -2.553166
v 0.452402 -0.156380 -2.587183
v 0.492036 -0.162757 -2.595727
v 0.456234 -0.188269 -2.667237
v 0.433776 -0.223352 -2.735603
v 0.360063 -0.221172 -2.743149
v 0.161258 -0.176395 -2.681621
v 0.091490 -0.220248 -2.765010
v 0.097530 -0.182703 -2.698045
v 0.096479 -0.155131 -2.628257
v 0.147282 -0.150228 -2.611377
v 0.194702 -0.139400 -2.571933
v 0.217906 -0.151075 -2.609739
v 0.255746 -0.156937 -2.624357
v 0.214906 -0.183821 -2.695019
v 0.186091 -0.220797 -2.762439
v 0.138662 -0.219510 -2.762120
v 1.731047 -0.044754 -0.998628
v 1.693897 -0.036731 -1.008061
v 1.652999 -0.027980 -1.018000
v 1.732691 -0.039144 -0.892806
v 1.696749 -0.031347 -0.903199
v 1.656957 -0.022696 -0.913954
v 1.734971 -0.033126 -0.789571
v 1.700194 -0.025628 -0.801021
v 1.661314 -0.017180 -0.812744
v 1.773670 -0.207065 -2.198138
v 1.823815 -0.185430 -2.060878
v 1.838599 -0.162461 -1.952083
v 1.673896 -0.106149 -1.831589
v 1.634235 -0.099259 -1.835233
v 1.590312 -0.092424 -1.840234
v 1.696851 -0.094776 -1.731419
v 1.656963 -0.087416 -1.735068
v 1.612905 -0.080104 -1.739960
v 1.710499 -0.084513 -1.630883
v 1.669918 -0.076640 -1.635026
v 1.625409 -0.068773 -1.640329
v 0.753766 -0.191115 -2.607063
v 0.624770 -0.229044 -2.711461
v 0.627696 -0.193829 -2.642270
v 0.628361 -0.167166 -2.573533
v 0.709058 -0.164283 -2.544368
v 0.780228 -0.154276 -2.494446
v 0.835403 -0.166837 -2.522393
v 0.929902 -0.173959 -2.520242
v 0.890308 -0.200865 -2.597450
v 0.873329 -0.235714 -2.671998
v 0.744580 -0.231888 -2.692536
v 1.039700 0.054103 -0.265450
v 1.194060 0.055800 -0.249399
v 1.113806 0.054628 -0.297420
v 1.061449 0.052061 -0.358403
v 0.993836 0.053490 -0.322482
v 0.909268 0.053701 -0.317889
v 0.915971 0.052689 -0.278646
v 0.908569 0.046781 -0.290386
v 1.025024 0.048413 -0.276614
v 1.144934 0.048843 -0.257333
v 1.160979 0.053928 -0.235293
v 1.572363 0.041083 -0.061865
v 1.482772 0.047013 -0.106502
v 1.386037 0.052024 -0.154834
v 1.580744 0.036159 -0.071435
v 1.485926 0.042557 -0.117452
v 1.381183 0.048286 -0.162792
v 1.592250 0.029482 -0.099565
v 1.493059 0.036373 -0.147936
v 1.382148 0.042684 -0.192775
v 0.272367 0.072422 -0.296726
v 0.402932 0.077556 -0.326276
v 0.340226 0.080488 -0.338872
v 0.296527 0.082771 -0.381694
v 0.231692 0.081692 -0.339260
v 0.143513 0.080503 -0.326875
v 0.153449 0.069736 -0.295756
v 0.151181 0.050982 -0.315990
v 0.254828 0.051437 -0.314786
v 0.351575 0.050512 -0.314859
v 0.372769 0.067925 -0.295140
v 0.625567 0.060537 -0.296967
v 0.739713 0.057314 -0.329062
v 0.672123 0.061298 -0.343723
v 0.629239 0.064707 -0.386835
v 0.589673 0.068390 -0.341734
v 0.534128 0.071582 -0.327505
v 0.535961 0.062737 -0.295071
v 0.526638 0.048200 -0.312130
v 0.612663 0.047145 -0.308738
v 0.703172 0.045830 -0.305135
v 0.719967 0.054956 -0.292167
v 1.736593 0.018778 -0.007725
v 1.781156 0.015663 0.029626
v 1.812537 0.013250 0.055736
v 1.721446 0.025308 0.005124
v 1.765418 0.021418 0.028116
v 1.795553 0.017946 0.035382
v 1.708659 0.030077 0.002046
v 1.751836 0.025615 0.015613
v 1.780899 0.021500 0.013799
v 1.570131 0.042483 -0.131971
v 1.575103 0.039029 -0.209160
v 1.580831 0.033949 -0.300176
v 1.492399 0.047719 -0.177632
v 1.503480 0.044242 -0.253291
v 1.515027 0.039495 -0.337594
v 1.413262 0.050977 -0.241497
v 1.432866 0.047043 -0.319289
v 1.452611 0.042653 -0.391388
v 1.028723 0.005220 -1.075861
v 0.955579 0.005331 -1.083770
v 0.886518 0.005925 -1.091233
v 1.029386 0.022357 -0.828773
v 0.958814 0.022646 -0.830645
v 0.890851 0.023297 -0.835297
v 1.027658 0.036620 -0.614301
v 0.962142 0.037536 -0.603139
v 0.894413 0.038357 -0.602342
v 0.592068 0.022879 -1.103681
v 0.559388 0.026355 -1.102583
v 0.527167 0.029437 -1.101979
v 0.592656 0.041272 -0.851803
v 0.560288 0.045291 -0.844935
v 0.527752 0.048782 -0.841455
v 0.595819 0.055668 -0.635021
v 0.563423 0.060290 -0.615214
v 0.528196 0.064159 -0.606071
v 0.259772 0.036928 -1.104868
v 0.188622 0.037455 -1.104599
v 0.117158 0.037812 -1.104667
v 0.262228 0.056571 -0.851114
v 0.192167 0.057354 -0.844786
v 0.119590 0.057785 -0.842383
v 0.263627 0.071822 -0.633475
v 0.197881 0.073043 -0.613650
v 0.124017 0.073534 -0.605936
v 1.761157 0.011390 -0.229235
v 1.730184 0.016237 -0.241183
v 1.691276 0.021582 -0.255348
v 1.763796 0.017281 -0.142656
v 1.732784 0.022045 -0.150464
v 1.692411 0.027221 -0.162064
v 1.765950 0.021350 -0.070583
v 1.735951 0.026006 -0.072909
v 1.694497 0.031048 -0.082158
v 1.830382 -0.001501 -0.189290
v 1.809838 0.002714 -0.202623
v 1.829870 0.004239 -0.105961
v 1.810127 0.008662 -0.120392
v 1.825362 0.009552 -0.033021
v 1.807027 0.013507 -0.053201
v 1.829568 -0.030368 -0.550551
v 1.801387 -0.027831 -0.567564
v 1.829284 -0.022545 -0.454151
v 1.803264 -0.019818 -0.473685
v 1.829088 -0.014921 -0.363884
v 1.805486 -0.011819 -0.382416
v 1.742593 -0.019152 -0.595485
v 1.710134 -0.012594 -0.609450
v 1.672739 -0.005082 -0.623815
v 1.747664 -0.011339 -0.503882
v 1.716213 -0.005365 -0.518890
v 1.679265 0.001474 -0.534546
v 1.752828 -0.003405 -0.413361
v 1.722051 0.002030 -0.428679
v 1.685106 0.008209 -0.445010
v 0.455858 0.033733 -1.101962
v 0.415657 0.034938 -1.102563
v 0.373642 0.035731 -1.103780
v 0.454742 0.053563 -0.840692
v 0.414111 0.054797 -0.843424
v 0.372605 0.055370 -0.850363
v 0.446774 0.069409 -0.604776
v 0.403466 0.070639 -0.612643
v 0.362239 0.070734 -0.632909
v 0.333563 -0.115131 -2.450709
v 0.297532 -0.113175 -2.447033
v 0.264694 -0.109988 -2.436733
v 0.363338 -0.095264 -2.340901
v 0.326188 -0.094186 -2.340829
v 0.289299 -0.092800 -2.338478
v 0.387800 -0.076083 -2.217231
v 0.349708 -0.075321 -2.218648
v 0.310860 -0.074653 -2.219653
v 0.189790 -0.109197 -2.439286
v 0.143190 -0.111541 -2.452171
v 0.094801 -0.112601 -2.458432
v 0.201441 -0.092011 -2.342158
v 0.149909 -0.092578 -2.348003
v 0.097862 -0.092784 -2.351199
v 0.215184 -0.073924 -2.224209
v 0.158680 -0.073820 -2.227433
v 0.102112 -0.073723 -2.229596
v 0.764893 0.009423 -1.101032
v 0.713296 0.012312 -1.103129
v 0.667636 0.015648 -1.104307
v 0.766975 0.027050 -0.844284
v 0.713628 0.030121 -0.848123
v 0.667372 0.033488 -0.853787
v 0.764134 0.042262 -0.611113
v 0.708771 0.045311 -0.619943
v 0.663965 0.048155 -0.637760
v 0.575090 -0.123274 -2.422074
v 0.543263 -0.120897 -2.422868
v 0.520188 -0.117490 -2.416842
v 0.617043 -0.104718 -2.313256
v 0.583878 -0.103149 -2.317270
v 0.555320 -0.101207 -2.318544
v 0.656101 -0.087002 -2.191308
v 0.620447 -0.085636 -2.196503
v 0.588168 -0.084105 -2.200454
v 0.472533 -0.115443 -2.423537
v 0.440816 -0.116726 -2.437269
v 0.406663 -0.116917 -2.445700
v 0.498796 -0.098616 -2.325671
v 0.467491 -0.098028 -2.332001
v 0.434506 -0.097193 -2.336478
v 0.525804 -0.081014 -2.207276
v 0.493396 -0.079574 -2.210507
v 0.459765 -0.078216 -2.213204
v 1.284800 0.024347 -0.796284
v 1.306347 -0.002928 -1.164305
v 1.254134 0.003573 -1.084070
v 1.182585 0.005502 -1.062446
v 1.180392 0.023236 -0.814782
v 1.153593 0.037766 -0.598612
v 1.218078 0.041202 -0.541219
v 1.276713 0.046969 -0.434743
v 1.321755 0.039812 -0.551323
v 1.367369 0.037332 -0.581237
v 1.355960 0.029891 -0.702817
v 1.376608 0.023261 -0.785857
v 1.354060 0.017473 -0.876051
v 1.366215 0.007798 -1.002518
v 1.331303 0.006251 -1.036783
v 1.030306 -0.132089 -2.339125
v 0.954279 -0.129488 -2.347879
v 0.889561 -0.125915 -2.349025
v 1.083167 -0.113588 -2.229498
v 1.009376 -0.111640 -2.240064
v 0.939049 -0.109607 -2.248902
v 1.135233 -0.096330 -2.109957
v 1.063880 -0.094266 -2.118605
v 0.992212 -0.092683 -2.129715
v 0.775516 -0.124143 -2.369236
v 0.718229 -0.125637 -2.389959
v 0.664229 -0.125752 -2.405235
v 0.810785 -0.107601 -2.272115
v 0.753477 -0.107438 -2.286058
v 0.701723 -0.106877 -2.297556
v 0.857633 -0.090676 -2.154724
v 0.797988 -0.089937 -2.166211
v 0.744252 -0.089129 -2.176217
v 1.811602 -0.132159 -1.844671
v 1.782298 -0.124112 -1.830607
v 1.748054 -0.118099 -1.827190
v 1.838861 -0.122840 -1.748957
v 1.807118 -0.113561 -1.731297
v 1.771770 -0.107153 -1.726697
v 1.857213 -0.111053 -1.637491
v 1.823686 -0.102881 -1.626494
v 1.787151 -0.097051 -1.624638
v 1.642665 -0.176917 -2.211737
v 1.591751 -0.169559 -2.211989
v 1.554302 -0.163857 -2.205796
v 1.703418 -0.164567 -2.112434
v 1.656070 -0.158653 -2.119416
v 1.614631 -0.153900 -2.120840
v 1.746860 -0.152046 -2.018092
v 1.707824 -0.146811 -2.023736
v 1.668766 -0.142156 -2.026330
v 1.474615 -0.155249 -2.214449
v 1.426936 -0.150244 -2.227727
v 1.385924 -0.143434 -2.232754
v 1.530791 -0.143949 -2.129434
v 1.485848 -0.137804 -2.138181
v 1.441370 -0.131117 -2.145796
v 1.588281 -0.131387 -2.033367
v 1.545833 -0.124861 -2.039316
v 1.500683 -0.118279 -2.046610
v 1.861933 -0.060517 -0.979928
v 1.833416 -0.057739 -0.976119
v 1.800928 -0.055058 -0.980928
v 1.832426 -0.051730 -0.868891
v 1.800161 -0.048986 -0.873247
v 1.831236 -0.045170 -0.760217
v 1.799818 -0.042520 -0.767552
v 1.872166 -0.087761 -1.391917
v 1.838381 -0.083894 -1.405900
v 1.801297 -0.080089 -1.414292
v 1.871572 -0.078783 -1.274638
v 1.839326 -0.076280 -1.295310
v 1.803211 -0.073155 -1.306575
v 1.866972 -0.071486 -1.170446
v 1.837500 -0.069615 -1.187786
v 1.803072 -0.066877 -1.198201
v 1.723208 -0.067916 -1.425190
v 1.681858 -0.059417 -1.430974
v 1.636509 -0.050727 -1.437799
v 1.726345 -0.061391 -1.319650
v 1.685483 -0.052872 -1.326340
v 1.640444 -0.044026 -1.333989
v 1.728321 -0.055594 -1.212980
v 1.688535 -0.047192 -1.220584
v 1.644695 -0.038332 -1.229020
v 1.288164 -0.194986 -2.458369
v 1.125284 -0.234105 -2.600582
v 1.140290 -0.201385 -2.527171
v 1.143029 -0.175094 -2.462445
v 1.232308 -0.170641 -2.416795
v 1.291812 -0.163074 -2.363577
v 1.336163 -0.173910 -2.371855
v 1.409857 -0.175432 -2.336756
v 1.420173 -0.186622 -2.374674
v 1.477371 -0.199023 -2.390915
v 1.392532 -0.213425 -2.467261
v 1.336603 -0.236903 -2.539603
v 1.239762 -0.231800 -2.559411
v 1.465769 0.033541 -0.538895
v 1.524106 0.028867 -0.509074
v 1.584083 0.022328 -0.483985
v 1.462930 0.028453 -0.619673
v 1.521679 0.023475 -0.591723
v 1.580504 0.016604 -0.569640
v 1.464692 0.022945 -0.695304
v 1.519046 0.017915 -0.672824
v 1.575376 0.010911 -0.654706
v 1.458088 0.012399 -0.847625
v 1.509973 0.006543 -0.846009
v 1.564451 -0.000517 -0.836929
v 1.450503 0.006796 -0.935724
v 1.504207 0.000663 -0.941587
v 1.559273 -0.006272 -0.936188
v 1.449157 0.000439 -1.029709
v 1.499579 -0.005456 -1.041253
v 1.553782 -0.012027 -1.038888
v 1.459251 -0.024057 -1.358482
v 1.434315 -0.010023 -1.195345
v 1.481691 -0.017079 -1.239650
v 1.538262 -0.023347 -1.247365
v 1.530047 -0.029657 -1.353030
v 1.527107 -0.037275 -1.457294
v 1.467519 -0.034143 -1.476896
v 1.413675 -0.034497 -1.514750
v 1.400136 -0.026870 -1.432614
v 1.375328 -0.018861 -1.347508
v 1.410472 -0.014349 -1.271725
v 1.403815 -0.050532 -1.674523
v 1.459147 -0.052973 -1.666456
v 1.518065 -0.056596 -1.656411
v 1.382268 -0.060795 -1.765832
v 1.443545 -0.064289 -1.762791
v 1.505059 -0.068382 -1.755128
v 1.354135 -0.073006 -1.868019
v 1.419176 -0.076830 -1.863760
v 1.482214 -0.081107 -1.855753
v 1.272453 -0.101215 -2.091246
v 1.336538 -0.104111 -2.079327
v 1.396439 -0.107709 -2.067017
v 1.224466 -0.116924 -2.202046
v 1.286947 -0.118726 -2.185851
v 1.343736 -0.121223 -2.169206
v 1.182012 -0.134162 -2.304280
v 1.246132 -0.134396 -2.281577
v 1.301216 -0.134941 -2.257035
v 1.219991 -0.044406 -1.668880
v 1.229068 -0.065153 -1.853437
v 1.165617 -0.061573 -1.842515
v 1.094065 -0.059942 -1.849579
v 1.133632 -0.044337 -1.687945
v 1.157777 -0.028773 -1.507733
v 1.228171 -0.028146 -1.488401
v 1.287039 -0.026045 -1.456289
v 1.294696 -0.036049 -1.568019
v 1.319869 -0.043229 -1.636487
v 1.273210 -0.052255 -1.731547
v 0.715948 -0.054943 -1.913652
v 0.674298 -0.053227 -1.918267
v 0.636983 -0.051289 -1.921772
v 0.735391 -0.040027 -1.752451
v 0.690822 -0.038061 -1.756446
v 0.651255 -0.035819 -1.759287
v 0.749270 -0.024801 -1.567088
v 0.702006 -0.022551 -1.570365
v 0.660281 -0.019966 -1.572441
v 0.423775 -0.040534 -1.933699
v 0.384151 -0.039712 -1.935143
v 0.343561 -0.039103 -1.936543
v 0.436343 -0.023538 -1.768419
v 0.396069 -0.022630 -1.769591
v 0.354575 -0.021972 -1.770748
v 0.445739 -0.005962 -1.578389
v 0.405089 -0.004957 -1.579239
v 0.362912 -0.004240 -1.580101
v 0.949284 -0.058728 -1.878136
v 0.881728 -0.058142 -1.889909
v 0.819432 -0.057387 -1.899693
v 0.983141 -0.043825 -1.718014
v 0.912122 -0.043394 -1.729767
v 0.846053 -0.042693 -1.739363
v 1.007186 -0.028693 -1.534940
v 0.934228 -0.028382 -1.545933
v 0.865666 -0.027720 -1.555043
v 0.567839 -0.047104 -1.926837
v 0.533476 -0.045064 -1.928835
v 0.498380 -0.043216 -1.930595
v 0.580143 -0.030991 -1.763142
v 0.545846 -0.028658 -1.764648
v 0.511051 -0.026556 -1.765986
v 0.587616 -0.014411 -1.574915
v 0.553800 -0.011748 -1.575867
v 0.519766 -0.009360 -1.576728
v 0.238243 -0.038361 -1.941106
v 0.173997 -0.038151 -1.943884
v 0.109751 -0.038002 -1.945849
v 0.245729 -0.021118 -1.774460
v 0.178988 -0.020837 -1.776695
v 0.112247 -0.020639 -1.778276
v 0.251354 -0.003247 -1.582758
v 0.182738 -0.002881 -1.584323
v 0.114122 -0.002623 -1.585429
v -0.299669 -0.180040 -2.662356
v -0.203257 -0.221487 -2.753179
v -0.269053 -0.221172 -2.743149
v -0.342766 -0.223352 -2.735603
v -0.365224 -0.188269 -2.667238
v -0.401026 -0.162757 -2.595727
v -0.361392 -0.156380 -2.587183
v -0.351413 -0.144758 -2.553166
v -0.305544 -0.154588 -2.595628
v -0.257019 -0.158644 -2.616905
v -0.229124 -0.185303 -2.686106
v -0.070248 -0.176395 -2.681622
v -0.000480 -0.220248 -2.765010
v -0.047652 -0.219510 -2.762120
v -0.095081 -0.220797 -2.762439
v -0.123896 -0.183821 -2.695019
v -0.164736 -0.156937 -2.624357
v -0.126896 -0.151075 -2.609739
v -0.103692 -0.139400 -2.571933
v -0.056272 -0.150228 -2.611377
v -0.005469 -0.155131 -2.628258
v -0.006520 -0.182703 -2.698045
v -1.640037 -0.044754 -0.998628
v -1.641681 -0.039144 -0.892806
v -1.643961 -0.033126 -0.789571
v -1.602887 -0.036731 -1.008061
v -1.605740 -0.031347 -0.903199
v -1.609184 -0.025628 -0.801021
v -1.561989 -0.027980 -1.017999
v -1.565947 -0.022696 -0.913954
v -1.570304 -0.017180 -0.812744
v -1.747589 -0.162461 -1.952082
v -1.732805 -0.185430 -2.060879
v -1.682660 -0.207065 -2.198138
v -1.582886 -0.106149 -1.831589
v -1.605841 -0.094776 -1.731419
v -1.619489 -0.084513 -1.630883
v -1.543225 -0.099259 -1.835233
v -1.565953 -0.087416 -1.735068
v -1.578908 -0.076640 -1.635026
v -1.499302 -0.092424 -1.840234
v -1.521895 -0.080104 -1.739960
v -1.534399 -0.068773 -1.640329
v -0.662756 -0.191115 -2.607064
v -0.533760 -0.229044 -2.711461
v -0.653570 -0.231888 -2.692536
v -0.782319 -0.235714 -2.671997
v -0.799298 -0.200865 -2.597450
v -0.838892 -0.173959 -2.520242
v -0.744393 -0.166837 -2.522393
v -0.689218 -0.154276 -2.494446
v -0.618048 -0.164283 -2.544369
v -0.537351 -0.167166 -2.573532
v -0.536686 -0.193829 -2.642270
v -1.599317 0.020563 0.011345
v -0.948690 0.054103 -0.265450
v -1.103050 0.055800 -0.249399
v -1.069969 0.053928 -0.235293
v -1.053924 0.048843 -0.257333
v -0.934014 0.048413 -0.276614
v -0.817559 0.046781 -0.290386
v -0.824961 0.052689 -0.278647
v -0.818258 0.053701 -0.317889
v -0.902826 0.053490 -0.322482
v -0.970439 0.052061 -0.358403
v -1.022796 0.054628 -0.297420
v -1.481353 0.041083 -0.061865
v -1.391762 0.047013 -0.106502
v -1.394917 0.042557 -0.117452
v -1.295027 0.052024 -0.154834
v -1.290173 0.048286 -0.162792
v -1.291138 0.042684 -0.192775
v -0.181357 0.072422 -0.296726
v -0.311922 0.077556 -0.326276
v -0.281759 0.067925 -0.295140
v -0.260565 0.050512 -0.314859
v -0.163818 0.051437 -0.314786
v -0.060171 0.050981 -0.315990
v -0.062439 0.069736 -0.295756
v -0.052503 0.080503 -0.326875
v -0.140682 0.081692 -0.339260
v -0.205517 0.082771 -0.381694
v -0.249216 0.080488 -0.338872
v -0.534557 0.060537 -0.296967
v -0.648703 0.057314 -0.329062
v -0.628957 0.054956 -0.292167
v -0.612162 0.045830 -0.305135
v -0.521653 0.047145 -0.308738
v -0.435628 0.048200 -0.312130
v -0.444951 0.062737 -0.295071
v -0.443118 0.071582 -0.327505
v -0.498663 0.068390 -0.341734
v -0.538229 0.064707 -0.386835
v -0.581113 0.061298 -0.343723
v -1.617649 0.030077 0.002046
v -1.674407 0.021418 0.028116
v -1.660826 0.025615 0.015613
v -1.721527 0.013250 0.055736
v -1.704544 0.017946 0.035382
v -1.689889 0.021500 0.013800
v -1.479121 0.042483 -0.131971
v -1.401389 0.047719 -0.177632
v -1.322252 0.050977 -0.241497
v -1.484093 0.039029 -0.209160
v -1.412470 0.044242 -0.253291
v -1.341857 0.047043 -0.319289
v -1.489820 0.033949 -0.300176
v -1.424017 0.039495 -0.337594
v -1.361600 0.042653 -0.391388
v -0.937713 0.005220 -1.075861
v -0.938376 0.022357 -0.828773
v -0.936648 0.036620 -0.614301
v -0.864569 0.005331 -1.083770
v -0.867804 0.022646 -0.830644
v -0.871132 0.037536 -0.603139
v -0.795508 0.005925 -1.091233
v -0.799842 0.023297 -0.835297
v -0.803403 0.038357 -0.602342
v -0.501058 0.022879 -1.103681
v -0.501646 0.041272 -0.851803
v -0.504809 0.055667 -0.635021
v -0.468378 0.026355 -1.102583
v -0.469278 0.045291 -0.844935
v -0.472413 0.060290 -0.615214
v -0.436157 0.029437 -1.101979
v -0.436742 0.048782 -0.841455
v -0.437186 0.064159 -0.606071
v -0.168762 0.036928 -1.104868
v -0.171218 0.056571 -0.851113
v -0.172617 0.071822 -0.633475
v -0.097612 0.037455 -1.104599
v -0.101157 0.057354 -0.844786
v -0.106871 0.073043 -0.613650
v -0.026148 0.037812 -1.104667
v -0.028580 0.057785 -0.842383
v -0.033007 0.073534 -0.605936
v -1.670147 0.011390 -0.229235
v -1.672786 0.017281 -0.142656
v -1.674940 0.021350 -0.070583
v -1.639174 0.016237 -0.241183
v -1.641774 0.022045 -0.150464
v -1.644941 0.026006 -0.072909
v -1.600266 0.021582 -0.255348
v -1.601400 0.027221 -0.162064
v -1.603487 0.031048 -0.082158
v -1.739372 -0.001501 -0.189290
v -1.738860 0.004239 -0.105961
v -1.734352 0.009552 -0.033021
v -1.718828 0.002714 -0.202623
v -1.719117 0.008662 -0.120392
v -1.716017 0.013507 -0.053201
v -1.738558 -0.030368 -0.550551
v -1.738274 -0.022545 -0.454151
v -1.738078 -0.014921 -0.363884
v -1.710377 -0.027831 -0.567564
v -1.712254 -0.019818 -0.473685
v -1.714476 -0.011819 -0.382416
v -1.651583 -0.019152 -0.595485
v -1.656654 -0.011339 -0.503882
v -1.661818 -0.003405 -0.413361
v -1.619124 -0.012594 -0.609450
v -1.625203 -0.005365 -0.518890
v -1.631041 0.002030 -0.428679
v -1.581729 -0.005082 -0.623815
v -1.588255 0.001474 -0.534546
v -1.594096 0.008209 -0.445010
v -0.364848 0.033733 -1.101962
v -0.363732 0.053563 -0.840692
v -0.355764 0.069409 -0.604776
v -0.324647 0.034938 -1.102562
v -0.323101 0.054797 -0.843424
v -0.312456 0.070639 -0.612643
v -0.282632 0.035731 -1.103780
v -0.281595 0.055370 -0.850363
v -0.271229 0.070734 -0.632909
v -0.242553 -0.115131 -2.450710
v -0.272328 -0.095264 -2.340901
v -0.296790 -0.076083 -2.217232
v -0.206522 -0.113175 -2.447033
v -0.235178 -0.094186 -2.340829
v -0.258698 -0.075321 -2.218648
v -0.173684 -0.109988 -2.436733
v -0.198289 -0.092800 -2.338478
v -0.219850 -0.074653 -2.219653
v -0.098780 -0.109197 -2.439286
v -0.110431 -0.092011 -2.342158
v -0.124174 -0.073925 -2.224210
v -0.052180 -0.111541 -2.452171
v -0.058899 -0.092578 -2.348003
v -0.067670 -0.073821 -2.227433
v -0.003791 -0.112601 -2.458431
v -0.006852 -0.092784 -2.351198
v -0.011102 -0.073723 -2.229595
v -0.673883 0.009423 -1.101032
v -0.675965 0.027050 -0.844284
v -0.673124 0.042262 -0.611113
v -0.622286 0.012312 -1.103130
v -0.622618 0.030121 -0.848123
v -0.617761 0.045311 -0.619943
v -0.576626 0.015648 -1.104307
v -0.576362 0.033488 -0.853787
v -0.572955 0.048155 -0.637760
v -0.484080 -0.123274 -2.422074
v -0.526033 -0.104718 -2.313256
v -0.565091 -0.087002 -2.191308
v -0.452253 -0.120897 -2.422868
v -0.492868 -0.103149 -2.317270
v -0.529437 -0.085636 -2.196503
v -0.429178 -0.117490 -2.416840
v -0.464310 -0.101207 -2.318545
v -0.497158 -0.084105 -2.200454
v -0.381523 -0.115443 -2.423537
v -0.407786 -0.098616 -2.325671
v -0.434794 -0.081014 -2.207276
v -0.349806 -0.116726 -2.437269
v -0.376481 -0.098028 -2.332001
v -0.402387 -0.079574 -2.210507
v -0.315653 -0.116917 -2.445700
v -0.343496 -0.097193 -2.336478
v -0.368755 -0.078216 -2.213204
v -1.193790 0.024347 -0.796284
v -1.215337 -0.002928 -1.164304
v -1.240293 0.006251 -1.036783
v -1.275204 0.007798 -1.002518
v -1.263050 0.017473 -0.876051
v -1.285598 0.023261 -0.785858
v -1.264950 0.029891 -0.702817
v -1.276359 0.037332 -0.581237
v -1.230745 0.039812 -0.551323
v -1.185703 0.046969 -0.434744
v -1.127068 0.041202 -0.541219
v -1.062583 0.037766 -0.598612
v -1.089381 0.023236 -0.814782
v -1.091575 0.005502 -1.062446
v -1.163124 0.003573 -1.084070
v -0.939296 -0.132089 -2.339125
v -0.992157 -0.113588 -2.229498
v -1.044223 -0.096330 -2.109958
v -0.863269 -0.129488 -2.347880
v -0.918366 -0.111640 -2.240064
v -0.972870 -0.094266 -2.118605
v -0.798551 -0.125915 -2.349025
v -0.848039 -0.109607 -2.248902
v -0.901202 -0.092683 -2.129715
v -0.684506 -0.124143 -2.369236
v -0.719775 -0.107601 -2.272115
v -0.766623 -0.090676 -2.154725
v -0.627219 -0.125637 -2.389959
v -0.662467 -0.107438 -2.286058
v -0.706978 -0.089937 -2.166211
v -0.573219 -0.125752 -2.405235
v -0.610713 -0.106877 -2.297556
v -0.653242 -0.089129 -2.176217
v -1.720592 -0.132159 -1.844671
v -1.747851 -0.122840 -1.748956
v -1.766203 -0.111053 -1.637492
v -1.691288 -0.124112 -1.830607
v -1.716108 -0.113561 -1.731297
v -1.732676 -0.102881 -1.626495
v -1.657044 -0.118099 -1.827191
v -1.680760 -0.107153 -1.726697
v -1.696141 -0.097051 -1.624638
v -1.551655 -0.176917 -2.211737
v -1.612408 -0.164567 -2.112434
v -1.655850 -0.152046 -2.018092
v -1.500741 -0.169559 -2.211989
v -1.565060 -0.158653 -2.119416
v -1.616814 -0.146811 -2.023736
v -1.463292 -0.163857 -2.205796
v -1.523621 -0.153900 -2.120840
v -1.577756 -0.142156 -2.026330
v -1.383605 -0.155249 -2.214449
v -1.439781 -0.143949 -2.129436
v -1.497271 -0.131387 -2.033367
v -1.335926 -0.150244 -2.227727
v -1.394838 -0.137804 -2.138181
v -1.454823 -0.124861 -2.039316
v -1.294914 -0.143434 -2.232754
v -1.350359 -0.131117 -2.145796
v -1.409673 -0.118279 -2.046610
v -1.770923 -0.060517 -0.979927
v -1.742406 -0.057739 -0.976119
v -1.741416 -0.051730 -0.868891
v -1.740226 -0.045170 -0.760217
v -1.709918 -0.055058 -0.980928
v -1.709151 -0.048986 -0.873247
v -1.708808 -0.042520 -0.767551
v -1.781156 -0.087761 -1.391917
v -1.780562 -0.078783 -1.274637
v -1.775962 -0.071486 -1.170446
v -1.747371 -0.083894 -1.405900
v -1.748316 -0.076279 -1.295310
v -1.746490 -0.069615 -1.187788
v -1.710287 -0.080089 -1.414292
v -1.712201 -0.073155 -1.306575
v -1.712062 -0.066877 -1.198201
v -1.632198 -0.067916 -1.425190
v -1.635335 -0.061391 -1.319650
v -1.637311 -0.055594 -1.212980
v -1.590848 -0.059417 -1.430974
v -1.594473 -0.052872 -1.326340
v -1.597525 -0.047192 -1.220584
v -1.545498 -0.050727 -1.437799
v -1.549434 -0.044026 -1.333989
v -1.553685 -0.038332 -1.229020
v -1.197154 -0.194986 -2.458369
v -1.034273 -0.234105 -2.600580
v -1.148752 -0.231800 -2.559411
v -1.245593 -0.236903 -2.539603
v -1.301522 -0.213425 -2.467261
v -1.386361 -0.199023 -2.390915
v -1.329163 -0.186622 -2.374674
v -1.318847 -0.175432 -2.336756
v -1.245153 -0.173910 -2.371855
v -1.200802 -0.163074 -2.363577
v -1.141298 -0.170641 -2.416795
v -1.052019 -0.175094 -2.462445
v -1.049280 -0.201385 -2.527169
v -1.374759 0.033541 -0.538895
v -1.371920 0.028453 -0.619673
v -1.373682 0.022945 -0.695304
v -1.433096 0.028867 -0.509074
v -1.430669 0.023475 -0.591723
v -1.428036 0.017915 -0.672824
v -1.493073 0.022328 -0.483985
v -1.489494 0.016604 -0.569640
v -1.484366 0.010911 -0.654706
v -1.367078 0.012398 -0.847624
v -1.359493 0.006796 -0.935724
v -1.358147 0.000439 -1.029709
v -1.418963 0.006543 -0.846009
v -1.413197 0.000663 -0.941587
v -1.408569 -0.005456 -1.041253
v -1.473441 -0.000517 -0.836930
v -1.468263 -0.006272 -0.936188
v -1.462771 -0.012027 -1.038888
v -1.368241 -0.024057 -1.358481
v -1.343305 -0.010023 -1.195345
v -1.319462 -0.014349 -1.271726
v -1.284318 -0.018861 -1.347508
v -1.309126 -0.026870 -1.432615
v -1.322664 -0.034497 -1.514750
v -1.376509 -0.034143 -1.476896
v -1.436097 -0.037275 -1.457294
v -1.439037 -0.029657 -1.353030
v -1.447252 -0.023347 -1.247365
v -1.390682 -0.017079 -1.239650
v -1.312805 -0.050532 -1.674523
v -1.291258 -0.060795 -1.765832
v -1.263125 -0.073006 -1.868019
v -1.368137 -0.052973 -1.666456
v -1.352536 -0.064289 -1.762792
v -1.328166 -0.076830 -1.863760
v -1.427055 -0.056596 -1.656411
v -1.414049 -0.068382 -1.755128
v -1.391204 -0.081107 -1.855753
v -1.181443 -0.101215 -2.091245
v -1.133456 -0.116924 -2.202046
v -1.091002 -0.134162 -2.304281
v -1.245528 -0.104111 -2.079327
v -1.195937 -0.118726 -2.185851
v -1.155122 -0.134396 -2.281579
v -1.305429 -0.107709 -2.067017
v -1.252726 -0.121223 -2.169207
v -1.210206 -0.134941 -2.257035
v -1.128981 -0.044406 -1.668880
v -1.138058 -0.065153 -1.853437
v -1.182200 -0.052255 -1.731547
v -1.228859 -0.043229 -1.636487
v -1.203686 -0.036049 -1.568019
v -1.196029 -0.026045 -1.456288
v -1.137161 -0.028146 -1.488400
v -1.066767 -0.028773 -1.507733
v -1.042622 -0.044337 -1.687945
v -1.003054 -0.059942 -1.849579
v -1.074607 -0.061573 -1.842515
v -0.624938 -0.054943 -1.913652
v -0.644381 -0.040027 -1.752451
v -0.658260 -0.024801 -1.567088
v -0.583288 -0.053227 -1.918267
v -0.599812 -0.038061 -1.756446
v -0.610996 -0.022551 -1.570365
v -0.545973 -0.051289 -1.921772
v -0.560245 -0.035819 -1.759287
v -0.569270 -0.019966 -1.572441
v -0.332765 -0.040534 -1.933699
v -0.345333 -0.023538 -1.768419
v -0.354729 -0.005962 -1.578389
v -0.293141 -0.039711 -1.935143
v -0.305059 -0.022630 -1.769591
v -0.314079 -0.004957 -1.579239
v -0.252551 -0.039103 -1.936543
v -0.263565 -0.021972 -1.770748
v -0.271902 -0.004240 -1.580099
v -0.858274 -0.058728 -1.878136
v -0.892131 -0.043825 -1.718014
v -0.916176 -0.028693 -1.534939
v -0.790718 -0.058142 -1.889909
v -0.821112 -0.043394 -1.729767
v -0.843218 -0.028382 -1.545933
v -0.728422 -0.057387 -1.899691
v -0.755043 -0.042693 -1.739363
v -0.774656 -0.027720 -1.555043
v -0.476829 -0.047104 -1.926837
v -0.489133 -0.030991 -1.763142
v -0.496606 -0.014411 -1.574915
v -0.442466 -0.045064 -1.928835
v -0.454836 -0.028657 -1.764648
v -0.462790 -0.011748 -1.575867
v -0.407370 -0.043216 -1.930595
v -0.420041 -0.026556 -1.765985
v -0.428757 -0.009360 -1.576728
v -0.147233 -0.038361 -1.941106
v -0.154719 -0.021118 -1.774460
v -0.160344 -0.003247 -1.582758
v -0.082987 -0.038151 -1.943884
v -0.087978 -0.020837 -1.776695
v -0.091728 -0.002881 -1.584323
v -0.018741 -0.038001 -1.945849
v -0.021236 -0.020639 -1.778276
v -0.023111 -0.002623 -1.585429
v -0.955319 -0.277044 -2.701182
v -1.032115 -0.282116 -2.688002
v -1.055675 -0.283717 -2.683872
v -1.057276 -0.283827 -2.683593
v -1.139954 -0.289913 -2.668716
v -1.154784 -0.290986 -2.666080
v -1.233779 -0.296866 -2.652235
v -1.253138 -0.298329 -2.648741
v -1.307500 -0.285952 -2.610924
v -1.368245 -0.272583 -2.567165
v -1.373333 -0.271441 -2.563501
v -1.381694 -0.269796 -2.556767
v -1.449343 -0.255931 -2.503258
v -1.504132 -0.246753 -2.453979
v -1.533415 -0.241850 -2.427634
v -1.545214 -0.240423 -2.415399
v -1.616437 -0.232346 -2.339401
v -1.623322 -0.231590 -2.332065
v -1.668505 -0.229255 -2.276548
v -1.717449 -0.227283 -2.215420
v -1.743793 -0.188167 -2.052223
v -1.754335 -0.171177 -1.972416
v -1.757674 -0.165920 -1.947003
v -1.718914 -0.225211 -2.207847
v -1.727187 -0.212661 -2.156245
v -1.760236 -0.161887 -1.926636
v -1.774089 -0.137589 -1.788992
v -1.774343 -0.137062 -1.785571
v -1.793112 -0.123191 -1.663223
v -1.781656 -0.119014 -1.658633
v -1.793255 -0.122858 -1.660801
v -1.799018 -0.105209 -1.516557
v -1.782081 -0.117982 -1.651173
v -1.786869 -0.101631 -1.516121
v -1.799908 -0.091134 -1.377175
v -1.799605 -0.089991 -1.362969
v -1.787313 -0.088868 -1.387076
v -1.786692 -0.086697 -1.360223
v -1.780791 -0.071750 -1.162982
v -1.782693 -0.075597 -1.216673
v -1.784924 -0.079218 -1.268543
v -1.790350 -0.067261 -1.063426
v -1.776046 -0.066090 -1.074534
v -1.775225 -0.065439 -1.062685
v -1.786879 -0.063497 -0.995894
v -1.790247 -0.067091 -1.060791
v -1.771523 -0.060629 -0.980527
v -1.770980 -0.059911 -0.968334
v -1.781813 -0.057149 -0.884404
v -1.777324 -0.050118 -0.769144
v -1.766852 -0.054529 -0.874129
v -1.763199 -0.048613 -0.776410
v -1.762630 -0.047570 -0.759830
v -1.759011 -0.039944 -0.644779
v -1.756019 -0.031932 -0.535785
v -1.755190 -0.028054 -0.488267
v -1.773001 -0.041614 -0.638927
v -1.777062 -0.049682 -0.762129
v -1.769446 -0.033270 -0.522815
v -1.768234 -0.029431 -0.473194
v -1.754084 -0.024025 -0.435872
v -1.753311 -0.019920 -0.387420
v -1.752545 -0.016673 -0.347013
v -1.751079 -0.010138 -0.266345
v -1.749196 -0.004727 -0.197066
v -1.743307 0.007370 -0.022641
v -1.748880 -0.003859 -0.185466
v -1.746398 0.002198 -0.102227
v -1.739269 0.010818 0.045236
v -1.733369 0.008788 0.077066
v -1.734750 0.009649 0.073286
v -1.738434 0.010736 0.051696
v 0.109448 -0.249223 -2.801332
v 0.088140 -0.249069 -2.801618
v 0.088060 -0.249069 -2.801619
v 0.066825 -0.248937 -2.801865
v 0.024185 -0.248937 -2.801865
v 0.045505 -0.248864 -2.802001
v 0.002950 -0.249069 -2.801620
v 0.002870 -0.249069 -2.801618
v -0.018438 -0.249223 -2.801332
v -0.039730 -0.249479 -2.800853
v -0.040726 -0.249476 -2.800809
v -0.077861 -0.249212 -2.799412
v -0.086812 -0.249147 -2.799077
v -0.105213 -0.249171 -2.798097
v -0.137682 -0.249273 -2.796252
v -0.171028 -0.249697 -2.793764
v -0.196186 -0.250218 -2.791510
v -0.237044 -0.250968 -2.788028
v -0.303275 -0.252524 -2.781752
v -0.263912 -0.251722 -2.785252
v -0.341700 -0.253472 -2.777930
v -0.432856 -0.255830 -2.768660
v -0.442648 -0.256198 -2.767451
v -0.540211 -0.259127 -2.756772
v -0.580876 -0.260761 -2.751549
v -0.660352 -0.263326 -2.742517
v -0.718102 -0.265532 -2.735314
v -0.745982 -0.266597 -2.731837
v -0.786904 -0.268326 -2.726422
v -0.853342 -0.271500 -2.716948
v -0.911974 -0.274370 -2.708539
v -0.935391 -0.275763 -2.704658
v 1.512930 -0.268330 -2.538200
v 1.472704 -0.269796 -2.556767
v 1.595142 -0.246753 -2.453979
v 1.540353 -0.255931 -2.503258
v 1.489699 -0.272978 -2.556631
v 1.476914 -0.275511 -2.566549
v 1.707447 -0.232346 -2.339401
v 1.636223 -0.240423 -2.415401
v 1.624425 -0.241850 -2.427634
v 1.459257 -0.272582 -2.567165
v 1.464343 -0.271442 -2.563500
v 1.344148 -0.298329 -2.648741
v 1.398511 -0.285952 -2.610924
v 1.366926 -0.300053 -2.643262
v 1.344340 -0.305222 -2.658236
v 1.474908 -0.275903 -2.568122
v 1.404208 -0.291383 -2.618358
v 1.404850 -0.291239 -2.617913
v 1.324789 -0.296866 -2.652235
v 1.311448 -0.302054 -2.664945
v 1.310499 -0.301966 -2.665137
v 1.247357 -0.297231 -2.676079
v 1.328359 -0.303626 -2.661587
v 1.245794 -0.290986 -2.666080
v 1.232923 -0.296187 -2.678643
v 1.148284 -0.283827 -2.683593
v 1.146685 -0.283717 -2.683871
v 1.230964 -0.289913 -2.668716
v 1.148564 -0.290016 -2.693472
v 1.125642 -0.288446 -2.697471
v 1.067200 -0.284561 -2.707460
v 1.048375 -0.283327 -2.710706
v 1.123125 -0.282116 -2.688000
v 1.046329 -0.277044 -2.701182
v 1.002984 -0.274370 -2.708539
v 1.026401 -0.275763 -2.704658
v 1.005079 -0.280640 -2.718095
v 0.946447 -0.277665 -2.726763
v 0.944352 -0.271500 -2.716948
v 0.933984 -0.277018 -2.728651
v 0.878767 -0.274396 -2.736552
v 0.836995 -0.266597 -2.731837
v 0.809113 -0.265532 -2.735314
v 0.877914 -0.268326 -2.726422
v 0.810804 -0.271763 -2.745155
v 0.751362 -0.263326 -2.742517
v 0.671886 -0.260761 -2.751549
v 0.631221 -0.259127 -2.756772
v 0.533658 -0.256198 -2.767451
v 0.523866 -0.255830 -2.768660
v 0.432710 -0.253472 -2.777930
v 0.394285 -0.252524 -2.781750
v 0.354922 -0.251722 -2.785252
v 0.328054 -0.250968 -2.788028
v 0.287196 -0.250218 -2.791510
v 0.262038 -0.249697 -2.793764
v 0.228693 -0.249273 -2.796252
v 0.196223 -0.249171 -2.798097
v 0.168872 -0.249212 -2.799412
v 0.177822 -0.249147 -2.799077
v 0.130740 -0.249479 -2.800853
v 0.131736 -0.249476 -2.800809
v 1.714332 -0.231590 -2.332065
v 1.759515 -0.229254 -2.276546
v 1.808459 -0.227283 -2.215420
v 1.809924 -0.225211 -2.207847
v 1.818197 -0.212661 -2.156245
v 1.731271 -0.236781 -2.328501
v 1.816706 -0.233177 -2.222642
v 1.834803 -0.188167 -2.052223
v 1.845345 -0.171177 -1.972416
v 1.846200 -0.028054 -0.488267
v 1.845094 -0.024025 -0.435873
v 1.844321 -0.019920 -0.387421
v 1.834317 0.007370 -0.022641
v 1.840206 -0.004727 -0.197066
v 1.839889 -0.003859 -0.185466
v 1.837408 0.002198 -0.102227
v 1.830279 0.010818 0.045236
v 1.824379 0.008788 0.077066
v 1.824750 0.008379 0.069952
v 1.829444 0.010736 0.051696
v 1.825760 0.009649 0.073287
v 1.848684 -0.165920 -1.947003
v 1.851246 -0.161887 -1.926636
v 1.865099 -0.137589 -1.788991
v 1.865353 -0.137062 -1.785570
v 1.872666 -0.119014 -1.658633
v 1.873703 -0.075597 -1.216672
v 1.871802 -0.071750 -1.162982
v 1.866235 -0.065439 -1.062685
v 1.867056 -0.066090 -1.074534
v 1.862533 -0.060629 -0.980528
v 1.861990 -0.059910 -0.968329
v 1.857862 -0.054529 -0.874129
v 1.854208 -0.048613 -0.776410
v 1.853640 -0.047570 -0.759830
v 1.850021 -0.039944 -0.644779
v 1.847029 -0.031932 -0.535785
v 1.859245 -0.029431 -0.473194
v 1.843555 -0.016673 -0.347013
v 1.842089 -0.010138 -0.266345
v 1.858005 -0.025247 -0.417458
v 1.854206 -0.012518 -0.256284
v 1.852459 -0.008083 -0.196783
v 1.855928 -0.018024 -0.326333
v 1.873090 -0.117982 -1.651172
v 1.877879 -0.101631 -1.516121
v 1.878323 -0.088868 -1.387076
v 1.877702 -0.086697 -1.360223
vn -0.0730 -0.9908 0.1137
vn -0.0729 -0.9909 0.1127
vn -0.0728 -0.9910 0.1122
vn -0.0727 -0.9911 0.1116
vn -0.0000 -0.9929 0.1194
vn -0.0003 -0.9911 0.1333
vn 0.0002 -0.9910 0.1335
vn 0.0005 -0.9910 0.1340
vn 0.0009 -0.9909 0.1344
vn -0.0197 -0.9930 0.1168
vn -0.0196 -0.9931 0.1157
vn -0.0195 -0.9932 0.1147
vn -0.0194 -0.9933 0.1136
vn 0.0891 -0.9950 0.0455
vn 0.0884 -0.9950 0.0461
vn 0.0896 -0.9950 0.0450
vn 0.0877 -0.9951 0.0466
vn -0.0264 -0.9922 0.1214
vn -0.0310 -0.9818 0.1872
vn -0.0319 -0.9818 0.1870
vn -0.0328 -0.9819 0.1867
vn -0.0337 -0.9819 0.1866
vn -0.0321 -0.9859 0.1640
vn -0.0307 -0.9893 0.1424
vn -0.0307 -0.9894 0.1423
vn -0.0308 -0.9893 0.1425
vn -0.0308 -0.9893 0.1424
vn -0.0290 -0.9923 0.1204
vn -0.0282 -0.9923 0.1210
vn -0.0273 -0.9923 0.1211
vn -0.5868 0.8050 -0.0874
vn -0.6130 0.7856 -0.0840
vn -0.6388 0.7652 -0.0804
vn -0.6639 0.7438 -0.0768
vn -0.6401 0.7651 -0.0696
vn -0.6409 0.7648 -0.0663
vn -0.5879 0.8063 -0.0653
vn -0.5878 0.8061 -0.0687
vn -0.0230 0.8601 0.5096
vn 0.4075 -0.8637 -0.2967
vn 0.3973 -0.8724 -0.2848
vn 0.3842 -0.8814 -0.2748
vn 0.4151 -0.8552 -0.3104
vn 0.6351 -0.7689 0.0738
vn 0.6365 -0.7680 0.0709
vn 0.6372 -0.7677 0.0677
vn -0.4206 0.8527 0.3097
vn -0.4192 0.8525 0.3124
vn -0.4101 0.8606 0.3019
vn -0.4004 0.8690 0.2908
vn -0.3900 0.8775 0.2790
vn 0.0730 -0.9909 0.1134
vn 0.0727 -0.9911 0.1112
vn 0.0728 -0.9910 0.1123
vn 0.0729 -0.9909 0.1127
vn -0.0000 -0.9928 0.1194
vn 0.0197 -0.9930 0.1168
vn 0.0194 -0.9933 0.1136
vn 0.0195 -0.9932 0.1147
vn 0.0196 -0.9931 0.1157
vn -0.0040 -0.9913 0.1319
vn -0.0041 -0.9913 0.1319
vn -0.0040 -0.9913 0.1318
vn -0.0039 -0.9912 0.1320
vn -0.0522 -0.9977 0.0437
vn -0.0519 -0.9977 0.0442
vn -0.0148 -0.9990 0.0412
vn -0.0146 -0.9990 0.0418
vn -0.0145 -0.9990 0.0423
vn -0.0144 -0.9990 0.0429
vn -0.0514 -0.9977 0.0448
vn -0.0526 -0.9977 0.0431
vn 0.0264 -0.9922 0.1214
vn 0.0310 -0.9818 0.1872
vn 0.0294 -0.9859 0.1648
vn 0.0279 -0.9893 0.1429
vn 0.6119 0.7870 -0.0781
vn 0.6125 0.7863 -0.0810
vn 0.6130 0.7856 -0.0840
vn 0.6151 0.7854 -0.0692
vn 0.5878 0.8061 -0.0687
vn 0.5879 0.8063 -0.0653
vn 0.6155 0.7854 -0.0658
vn 0.0229 0.8601 0.5096
vn -0.6080 -0.7902 0.0768
vn -0.6086 -0.7895 0.0797
vn -0.6091 -0.7888 0.0826
vn -0.6114 -0.7882 0.0705
vn -0.6118 -0.7881 0.0672
vn -0.5841 -0.8089 0.0667
vn -0.5840 -0.8087 0.0701
vn 0.3900 0.8775 0.2790
vn 0.0851 0.8692 -0.4870
vn 0.0682 0.9258 -0.3718
vn 0.0817 0.9364 -0.3413
vn 0.0821 0.9272 -0.3654
vn 0.0745 0.8770 -0.4748
vn 0.0635 0.8659 -0.4962
vn 0.0435 0.9584 -0.2822
vn 0.0494 0.9591 -0.2786
vn 0.0536 0.9234 -0.3800
vn 0.0774 0.9638 -0.2551
vn 0.0962 0.9549 -0.2809
vn 0.0544 0.9621 -0.2672
vn 0.0811 0.9551 -0.2848
vn 0.0858 0.9248 -0.3707
vn 0.0865 0.9545 -0.2854
vn 0.0868 0.8772 -0.4722
vn 0.0287 0.8746 -0.4840
vn 0.0124 0.9340 -0.3571
vn 0.0189 0.9456 -0.3247
vn 0.0255 0.9329 -0.3591
vn 0.0106 0.8778 -0.4790
vn 0.0089 0.8713 -0.4907
vn 0.0007 0.9619 -0.2734
vn 0.0031 0.9634 -0.2680
vn 0.0039 0.9295 -0.3688
vn 0.0179 0.9712 -0.2376
vn 0.0325 0.9646 -0.2618
vn 0.0047 0.9669 -0.2552
vn 0.0385 0.9590 -0.2809
vn 0.0386 0.9261 -0.3754
vn 0.0345 0.9609 -0.2746
vn 0.0372 0.8697 -0.4922
vn 0.2256 0.9726 -0.0556
vn 0.2244 0.9728 -0.0570
vn 0.2294 0.9714 -0.0618
vn 0.2289 0.9714 -0.0625
vn 0.1883 0.9807 -0.0517
vn 0.2218 0.9737 -0.0525
vn 0.2183 0.9744 -0.0546
vn 0.1872 0.9807 -0.0572
vn 0.1958 0.9789 -0.0588
vn 0.2020 0.9774 -0.0628
vn 0.2049 0.9763 -0.0699
vn 0.2312 0.9703 -0.0714
vn 0.2324 0.9700 -0.0721
vn 0.1981 0.9776 -0.0713
vn 0.1930 0.9793 -0.0611
vn 0.1900 0.9803 -0.0548
vn 0.3790 0.8837 -0.2747
vn 0.4110 0.8796 -0.2396
vn 0.2645 0.9208 -0.2866
vn 0.2947 0.9193 -0.2607
vn 0.3456 0.8848 -0.3126
vn 0.2984 0.9304 -0.2130
vn 0.3622 0.9109 -0.1977
vn 0.3090 0.9201 -0.2408
vn 0.1880 0.9698 -0.1553
vn 0.1739 0.9722 -0.1565
vn 0.1964 0.9721 -0.1280
vn 0.1821 0.9745 -0.1311
vn 0.1730 0.9687 -0.1781
vn 0.1812 0.9661 -0.1837
vn 0.1695 0.9686 -0.1821
vn 0.1438 0.9741 -0.1744
vn 0.1444 0.9774 -0.1541
vn 0.1490 0.9800 -0.1323
vn 0.1544 0.9820 -0.1091
vn 0.1903 0.9759 -0.1065
vn 0.2038 0.9736 -0.1032
vn 0.1867 0.9773 -0.0998
vn 0.1843 0.9751 -0.1236
vn 0.1798 0.9722 -0.1502
vn 0.0985 0.8901 -0.4450
vn 0.0841 0.9325 -0.3514
vn 0.0758 0.9423 -0.3260
vn 0.0861 0.9296 -0.3584
vn 0.0955 0.8938 -0.4381
vn 0.0932 0.8824 -0.4612
vn 0.0760 0.9565 -0.2815
vn 0.0692 0.9589 -0.2752
vn 0.0865 0.9270 -0.3650
vn 0.0584 0.9670 -0.2480
vn 0.0695 0.9600 -0.2714
vn 0.0584 0.9627 -0.2643
vn 0.0583 0.9627 -0.2643
vn 0.0804 0.9511 -0.2981
vn 0.0990 0.9221 -0.3741
vn 0.0737 0.9551 -0.2870
vn 0.1114 0.8917 -0.4386
vn 0.1125 0.9922 -0.0530
vn -0.0132 0.9997 0.0213
vn -0.0047 0.9997 -0.0230
vn -0.0061 1.0000 0.0075
vn -0.0433 -0.8739 0.4842
vn -0.0748 -0.9261 0.3697
vn 0.0095 0.9998 -0.0190
vn 0.0034 0.9992 -0.0392
vn -0.0492 0.9864 0.1569
vn -0.0019 0.9984 -0.0569
vn -0.0022 0.9986 -0.0524
vn 0.0019 0.9988 -0.0492
vn 0.0159 0.9989 -0.0435
vn 0.0016 0.9993 0.0383
vn 0.0034 0.9988 -0.0478
vn -0.0389 -0.8611 0.5070
vn -0.0753 -0.9685 0.2372
vn -0.2121 -0.9284 0.3052
vn -0.2350 -0.8840 0.4042
vn -0.1479 -0.9748 0.1668
vn -0.1270 -0.9766 0.1734
vn 0.0275 0.9939 0.1067
vn 0.0071 0.9935 0.1136
vn 0.0100 0.9974 0.0707
vn 0.0153 0.9997 0.0183
vn -0.3834 0.1522 0.9109
vn -0.1029 -0.9754 0.1948
vn -0.1696 -0.9701 0.1736
vn -0.2329 -0.9181 0.3208
vn 0.0212 0.9650 0.2614
vn 0.0106 0.9922 0.1239
vn -0.0011 0.9647 0.2632
vn 0.0091 -0.6962 0.7178
vn -0.0245 -0.6885 0.7249
vn 0.0456 0.9988 0.0171
vn 0.0378 0.9992 0.0125
vn 0.0362 0.9459 0.3224
vn 0.0112 0.9995 -0.0301
vn -0.0056 0.9999 -0.0085
vn 0.0328 0.9995 -0.0038
vn -0.0028 0.9999 0.0160
vn -0.0056 0.9405 0.3397
vn -0.0052 1.0000 0.0084
vn -0.0018 -0.7352 0.6778
vn -0.0163 -0.7475 0.6640
vn 0.0496 0.9958 0.0765
vn 0.0868 0.9950 0.0497
vn 0.0569 0.9812 0.1844
vn -0.0192 -0.7107 0.7033
vn -0.0584 -0.7023 0.7094
vn 0.0380 0.9985 -0.0384
vn 0.0641 0.9974 -0.0341
vn 0.0247 0.9974 0.0671
vn 0.0248 0.9974 0.0671
vn 0.1090 0.9931 -0.0425
vn 0.0896 0.9957 -0.0230
vn 0.0977 0.9946 -0.0340
vn 0.0557 0.9984 0.0117
vn 0.0383 0.9566 0.2887
vn 0.0718 0.9974 -0.0023
vn -0.0282 -0.7514 0.6593
vn -0.0413 -0.8138 0.5797
vn -0.2641 -0.9228 0.2804
vn -0.3921 0.4503 0.8022
vn -0.2770 0.5520 0.7865
vn -0.2771 0.5520 0.7865
vn 0.1143 0.9850 0.1293
vn -0.4632 -0.8186 0.3397
vn 0.1889 0.9814 0.0342
vn 0.2114 0.9774 0.0051
vn 0.1963 0.9803 -0.0203
vn 0.1466 0.9892 0.0020
vn 0.0995 0.9945 0.0325
vn 0.0603 0.9957 0.0696
vn -0.3062 -0.8276 0.4705
vn -0.1993 -0.9596 0.1987
vn 0.0910 0.9952 -0.0356
vn 0.1047 0.9935 -0.0454
vn 0.0700 0.9970 -0.0342
vn 0.0822 0.9957 -0.0418
vn 0.0904 0.9957 -0.0181
vn 0.1071 0.9934 -0.0411
vn 0.1208 0.9914 -0.0514
vn 0.1351 0.9891 -0.0593
vn 0.1183 0.9915 -0.0534
vn 0.0966 0.9941 -0.0494
vn 0.0690 0.9965 -0.0480
vn 0.0531 0.9976 -0.0434
vn 0.0454 0.9982 -0.0398
vn 0.0381 0.9989 -0.0289
vn 0.0562 0.9983 -0.0167
vn 0.0739 0.9972 -0.0134
vn 0.0074 0.9976 -0.0688
vn 0.0150 0.9976 -0.0682
vn 0.0044 0.9978 -0.0659
vn 0.0126 0.9978 -0.0651
vn 0.0075 0.9973 -0.0728
vn 0.0107 0.9974 -0.0717
vn 0.0170 0.9973 -0.0713
vn 0.0269 0.9971 -0.0715
vn 0.0269 0.9973 -0.0681
vn 0.0258 0.9976 -0.0646
vn 0.0224 0.9980 -0.0591
vn 0.0090 0.9981 -0.0604
vn 0.0011 0.9981 -0.0619
vn -0.0026 0.9980 -0.0633
vn 0.0001 0.9978 -0.0668
vn 0.0032 0.9976 -0.0698
vn 0.1053 0.9918 -0.0730
vn 0.0961 0.9926 -0.0736
vn 0.1049 0.9922 -0.0668
vn 0.0957 0.9932 -0.0656
vn 0.0956 0.9925 -0.0763
vn 0.0972 0.9922 -0.0777
vn 0.0878 0.9930 -0.0791
vn 0.0685 0.9944 -0.0804
vn 0.0753 0.9944 -0.0743
vn 0.0761 0.9950 -0.0649
vn 0.0684 0.9966 -0.0456
vn 0.0851 0.9951 -0.0495
vn 0.0955 0.9939 -0.0547
vn 0.1030 0.9929 -0.0592
vn 0.1068 0.9920 -0.0675
vn 0.1034 0.9920 -0.0722
vn 0.0057 0.9970 -0.0768
vn 0.0042 0.9971 -0.0762
vn 0.0015 0.9976 -0.0688
vn 0.0017 0.9977 -0.0671
vn 0.0081 0.9966 -0.0820
vn 0.0071 0.9966 -0.0818
vn 0.0051 0.9966 -0.0817
vn 0.0019 0.9967 -0.0816
vn 0.0014 0.9971 -0.0759
vn 0.0006 0.9978 -0.0663
vn -0.0008 0.9989 -0.0461
vn -0.0025 0.9988 -0.0482
vn -0.0046 0.9986 -0.0526
vn -0.0019 0.9983 -0.0577
vn 0.0014 0.9975 -0.0711
vn 0.0063 0.9970 -0.0777
vn 0.1746 0.9822 -0.0700
vn 0.1518 0.9863 -0.0645
vn 0.1618 0.9851 -0.0586
vn 0.1371 0.9891 -0.0535
vn 0.2102 0.9741 -0.0833
vn 0.1913 0.9783 -0.0800
vn 0.1703 0.9826 -0.0737
vn 0.1512 0.9863 -0.0664
vn 0.1346 0.9892 -0.0580
vn 0.1203 0.9916 -0.0475
vn 0.1050 0.9941 -0.0258
vn 0.1243 0.9917 -0.0335
vn 0.1529 0.9874 -0.0409
vn 0.1874 0.9811 -0.0474
vn 0.1948 0.9789 -0.0616
vn 0.2021 0.9766 -0.0732
vn 0.2536 0.9649 -0.0678
vn 0.2625 0.9633 -0.0556
vn 0.2332 0.9694 -0.0766
vn 0.2220 0.9716 -0.0820
vn 0.2290 0.9707 -0.0725
vn 0.2303 0.9712 -0.0604
vn 0.2278 0.9727 -0.0451
vn 0.2524 0.9669 -0.0366
vn 0.1518 0.9849 -0.0832
vn 0.1813 0.9796 -0.0863
vn 0.1244 0.9893 -0.0761
vn 0.1526 0.9850 -0.0811
vn 0.1720 0.9810 -0.0899
vn 0.1926 0.9768 -0.0932
vn 0.2101 0.9735 -0.0903
vn 0.2086 0.9744 -0.0838
vn 0.2324 0.9680 -0.0942
vn 0.2237 0.9705 -0.0901
vn 0.2245 0.9697 -0.0959
vn 0.2105 0.9734 -0.0902
vn 0.2106 0.9734 -0.0902
vn 0.2059 0.9749 -0.0846
vn 0.2344 0.9684 -0.0853
vn 0.2302 0.9696 -0.0829
vn 0.2046 0.9757 -0.0788
vn 0.1984 0.9765 -0.0837
vn 0.1865 0.9790 -0.0824
vn 0.1698 0.9826 -0.0756
vn 0.1915 0.9779 -0.0838
vn 0.2098 0.9736 -0.0903
vn 0.2171 0.9717 -0.0929
vn 0.2181 0.9711 -0.0972
vn 0.2135 0.9724 -0.0941
vn 0.0332 0.9966 -0.0758
vn 0.0238 0.9968 -0.0767
vn 0.0377 0.9971 -0.0662
vn 0.0304 0.9972 -0.0680
vn 0.0457 0.9957 -0.0812
vn 0.0298 0.9962 -0.0815
vn 0.0203 0.9964 -0.0818
vn 0.0160 0.9965 -0.0820
vn 0.0195 0.9968 -0.0777
vn 0.0268 0.9972 -0.0703
vn 0.0288 0.9981 -0.0554
vn 0.0368 0.9981 -0.0500
vn 0.0409 0.9981 -0.0461
vn 0.0510 0.9977 -0.0445
vn 0.0522 0.9965 -0.0650
vn 0.0502 0.9959 -0.0751
vn 0.0312 0.9822 -0.1851
vn 0.0314 0.9828 -0.1821
vn 0.0270 0.9871 -0.1580
vn 0.0240 0.9874 -0.1561
vn 0.0365 0.9739 -0.2241
vn 0.0352 0.9745 -0.2215
vn 0.0367 0.9756 -0.2166
vn 0.0333 0.9775 -0.2085
vn 0.0318 0.9836 -0.1773
vn 0.0228 0.9879 -0.1537
vn 0.0177 0.9906 -0.1353
vn 0.0199 0.9905 -0.1360
vn 0.0249 0.9903 -0.1368
vn 0.0328 0.9899 -0.1378
vn 0.0329 0.9866 -0.1595
vn 0.0341 0.9817 -0.1871
vn 0.0046 0.9842 -0.1772
vn 0.0047 0.9835 -0.1806
vn 0.0086 0.9881 -0.1535
vn 0.0066 0.9879 -0.1547
vn 0.0034 0.9795 -0.2016
vn 0.0010 0.9779 -0.2091
vn 0.0020 0.9765 -0.2153
vn 0.0010 0.9759 -0.2182
vn 0.0022 0.9833 -0.1821
vn 0.0029 0.9879 -0.1550
vn 0.0026 0.9910 -0.1339
vn 0.0068 0.9909 -0.1341
vn 0.0096 0.9909 -0.1342
vn 0.0110 0.9909 -0.1343
vn 0.0093 0.9884 -0.1515
vn 0.0041 0.9851 -0.1719
vn 0.0605 0.9958 -0.0692
vn 0.0778 0.9945 -0.0701
vn 0.0636 0.9959 -0.0646
vn 0.0847 0.9943 -0.0653
vn 0.0414 0.9965 -0.0721
vn 0.0570 0.9957 -0.0731
vn 0.0722 0.9946 -0.0740
vn 0.0857 0.9935 -0.0751
vn 0.0930 0.9931 -0.0713
vn 0.1014 0.9926 -0.0667
vn 0.1114 0.9920 -0.0590
vn 0.0925 0.9941 -0.0568
vn 0.0655 0.9962 -0.0566
vn 0.0425 0.9974 -0.0577
vn 0.0441 0.9969 -0.0644
vn 0.0432 0.9967 -0.0686
vn 0.0737 0.9782 -0.1940
vn 0.0834 0.9774 -0.1941
vn 0.0637 0.9846 -0.1628
vn 0.0702 0.9841 -0.1630
vn 0.0741 0.9701 -0.2312
vn 0.0831 0.9689 -0.2330
vn 0.0965 0.9675 -0.2338
vn 0.0948 0.9698 -0.2248
vn 0.0948 0.9698 -0.2249
vn 0.0791 0.9788 -0.1888
vn 0.0697 0.9844 -0.1615
vn 0.0663 0.9880 -0.1392
vn 0.0633 0.9883 -0.1386
vn 0.0570 0.9889 -0.1375
vn 0.0493 0.9895 -0.1362
vn 0.0566 0.9852 -0.1618
vn 0.0655 0.9790 -0.1929
vn 0.0478 0.9817 -0.1841
vn 0.0455 0.9812 -0.1873
vn 0.0555 0.9855 -0.1603
vn 0.0498 0.9857 -0.1611
vn 0.0514 0.9764 -0.2099
vn 0.0429 0.9754 -0.2161
vn 0.0429 0.9740 -0.2224
vn 0.0404 0.9736 -0.2248
vn 0.0408 0.9813 -0.1882
vn 0.0422 0.9861 -0.1608
vn 0.0435 0.9894 -0.1388
vn 0.0530 0.9888 -0.1395
vn 0.0601 0.9884 -0.1396
vn 0.0645 0.9881 -0.1395
vn 0.0623 0.9852 -0.1599
vn 0.0580 0.9814 -0.1827
vn 0.0104 0.9973 -0.0734
vn 0.0034 0.9974 -0.0719
vn 0.0027 0.9978 -0.0659
vn 0.0073 0.9980 -0.0623
vn 0.0084 0.9979 -0.0635
vn 0.0199 0.9972 -0.0718
vn 0.0194 0.9972 -0.0724
vn 0.0143 0.9969 -0.0775
vn 0.0073 0.9970 -0.0768
vn 0.0228 0.9969 -0.0755
vn 0.0064 0.9972 -0.0742
vn 0.0020 0.9975 -0.0708
vn 0.0062 0.9971 -0.0757
vn 0.0002 0.9980 -0.0630
vn 0.0036 0.9982 -0.0600
vn -0.0003 0.9977 -0.0672
vn 0.0192 0.9988 -0.0444
vn 0.0211 0.9985 -0.0514
vn 0.0077 0.9985 -0.0549
vn 0.0454 0.9974 -0.0565
vn 0.0439 0.9970 -0.0644
vn 0.0239 0.9983 -0.0525
vn 0.0656 0.9951 -0.0740
vn 0.0537 0.9958 -0.0745
vn 0.0502 0.9963 -0.0693
vn 0.0529 0.9960 -0.0714
vn 0.0340 0.9967 -0.0743
vn 0.0511 0.9961 -0.0714
vn 0.0543 0.9801 -0.1908
vn 0.0546 0.9805 -0.1886
vn 0.0488 0.9854 -0.1632
vn 0.0477 0.9857 -0.1619
vn 0.0642 0.9701 -0.2340
vn 0.0626 0.9711 -0.2301
vn 0.0630 0.9724 -0.2246
vn 0.0598 0.9747 -0.2152
vn 0.0515 0.9815 -0.1843
vn 0.0459 0.9860 -0.1601
vn 0.0409 0.9894 -0.1395
vn 0.0429 0.9891 -0.1410
vn 0.0446 0.9888 -0.1427
vn 0.0497 0.9880 -0.1459
vn 0.0531 0.9849 -0.1647
vn 0.0564 0.9798 -0.1920
vn 0.0447 0.9817 -0.1853
vn 0.0528 0.9804 -0.1896
vn 0.0422 0.9863 -0.1594
vn 0.0455 0.9860 -0.1605
vn 0.0447 0.9767 -0.2099
vn 0.0480 0.9747 -0.2185
vn 0.0593 0.9724 -0.2255
vn 0.0681 0.9710 -0.2292
vn 0.0592 0.9796 -0.1919
vn 0.0502 0.9857 -0.1611
vn 0.0423 0.9899 -0.1353
vn 0.0384 0.9900 -0.1354
vn 0.0372 0.9900 -0.1363
vn 0.0383 0.9897 -0.1378
vn 0.0427 0.9864 -0.1589
vn 0.0444 0.9823 -0.1818
vn 0.1964 0.9688 -0.1512
vn 0.1579 0.9770 -0.1435
vn 0.2010 0.9705 -0.1333
vn 0.1559 0.9801 -0.1225
vn 0.2332 0.9555 -0.1803
vn 0.1773 0.9697 -0.1679
vn 0.1492 0.9752 -0.1635
vn 0.1512 0.9742 -0.1678
vn 0.1512 0.9742 -0.1677
vn 0.1563 0.9772 -0.1436
vn 0.1545 0.9807 -0.1197
vn 0.1486 0.9840 -0.0978
vn 0.1433 0.9845 -0.1014
vn 0.1870 0.9760 -0.1118
vn 0.2931 0.9443 -0.1497
vn 0.2705 0.9479 -0.1683
vn 0.1461 0.9662 -0.2124
vn 0.1171 0.9735 -0.1966
vn 0.1543 0.9673 -0.2013
vn 0.1233 0.9741 -0.1895
vn 0.1877 0.9480 -0.2570
vn 0.1367 0.9641 -0.2275
vn 0.1170 0.9705 -0.2107
vn 0.1174 0.9711 -0.2077
vn 0.1184 0.9728 -0.1992
vn 0.1268 0.9723 -0.1961
vn 0.1398 0.9723 -0.1873
vn 0.1353 0.9744 -0.1797
vn 0.1614 0.9693 -0.1855
vn 0.2161 0.9550 -0.2033
vn 0.2205 0.9491 -0.2248
vn 0.2082 0.9485 -0.2387
vn 0.1728 0.9543 -0.2437
vn 0.1875 0.9487 -0.2545
vn 0.1777 0.9563 -0.2322
vn 0.1802 0.9556 -0.2330
vn 0.1355 0.9653 -0.2234
vn 0.1618 0.9554 -0.2471
vn 0.1879 0.9449 -0.2681
vn 0.1894 0.9447 -0.2679
vn 0.1764 0.9535 -0.2445
vn 0.1608 0.9626 -0.2181
vn 0.1488 0.9695 -0.1949
vn 0.1720 0.9629 -0.2082
vn 0.1786 0.9609 -0.2116
vn 0.1653 0.9651 -0.2033
vn 0.1566 0.9634 -0.2174
vn 0.1462 0.9641 -0.2216
vn 0.0938 0.9941 -0.0537
vn 0.0911 0.9943 -0.0552
vn 0.0951 0.9937 -0.0597
vn 0.0883 0.9947 -0.0529
vn 0.0905 0.9945 -0.0532
vn 0.1279 0.9904 -0.0522
vn 0.1278 0.9903 -0.0549
vn 0.1307 0.9896 -0.0605
vn 0.1381 0.9880 -0.0694
vn 0.1332 0.9885 -0.0722
vn 0.1120 0.9914 -0.0675
vn 0.1086 0.9921 -0.0621
vn 0.1006 0.9932 -0.0586
vn 0.1613 0.9829 -0.0888
vn 0.1268 0.9886 -0.0818
vn 0.1419 0.9867 -0.0791
vn 0.1363 0.9885 -0.0655
vn 0.1322 0.9896 -0.0568
vn 0.1294 0.9902 -0.0525
vn 0.0932 0.9942 -0.0540
vn 0.0918 0.9942 -0.0559
vn 0.2121 0.9749 -0.0674
vn 0.2007 0.9772 -0.0694
vn 0.2149 0.9749 -0.0577
vn 0.2054 0.9768 -0.0598
vn 0.1874 0.9790 -0.0803
vn 0.2089 0.9745 -0.0825
vn 0.1964 0.9768 -0.0849
vn 0.1587 0.9835 -0.0871
vn 0.1629 0.9841 -0.0713
vn 0.1690 0.9836 -0.0624
vn 0.1776 0.9824 -0.0580
vn 0.2115 0.9758 -0.0551
vn 0.2179 0.9745 -0.0530
vn 0.1876 0.9809 -0.0519
vn 0.1873 0.9807 -0.0566
vn 0.1876 0.9800 -0.0658
vn 0.1423 0.9006 -0.4107
vn 0.1364 0.9191 -0.3697
vn 0.1365 0.9191 -0.3697
vn 0.1679 0.9323 -0.3203
vn 0.1339 0.9487 -0.2866
vn 0.1312 0.9411 -0.3116
vn 0.1277 0.9104 -0.3936
vn 0.1303 0.8926 -0.4317
vn 0.1430 0.8751 -0.4623
vn 0.0912 0.9480 -0.3050
vn 0.1111 0.9456 -0.3058
vn 0.1164 0.9181 -0.3789
vn 0.1822 0.9416 -0.2831
vn 0.1816 0.9430 -0.2789
vn 0.1463 0.9441 -0.2953
vn 0.1241 0.9663 -0.2255
vn 0.1216 0.9638 -0.2372
vn 0.1464 0.9572 -0.2498
vn 0.1675 0.9413 -0.2931
vn 0.1523 0.9261 -0.3452
vn 0.1306 0.9574 -0.2574
vn 0.1408 0.8797 -0.4543
vn 0.1385 0.8802 -0.4539
vn 0.1428 0.9026 -0.4061
vn 0.1149 0.9911 -0.0673
vn 0.1394 0.9877 -0.0702
vn 0.1191 0.9904 -0.0706
vn 0.1446 0.9868 -0.0736
vn 0.0835 0.9947 -0.0601
vn 0.1086 0.9923 -0.0597
vn 0.1307 0.9894 -0.0626
vn 0.1496 0.9864 -0.0681
vn 0.1615 0.9840 -0.0752
vn 0.1692 0.9825 -0.0777
vn 0.1721 0.9822 -0.0749
vn 0.1461 0.9866 -0.0731
vn 0.1216 0.9899 -0.0722
vn 0.0947 0.9930 -0.0712
vn 0.0882 0.9937 -0.0687
vn 0.0843 0.9943 -0.0659
vn 0.1098 0.9915 -0.0700
vn 0.1351 0.9886 -0.0666
vn 0.1034 0.9924 -0.0671
vn 0.1269 0.9898 -0.0644
vn 0.0927 0.9928 -0.0755
vn 0.1178 0.9904 -0.0725
vn 0.1425 0.9873 -0.0699
vn 0.1700 0.9830 -0.0687
vn 0.1644 0.9843 -0.0639
vn 0.1561 0.9858 -0.0612
vn 0.1458 0.9875 -0.0604
vn 0.1181 0.9909 -0.0642
vn 0.0979 0.9929 -0.0671
vn 0.0775 0.9946 -0.0684
vn 0.0794 0.9944 -0.0693
vn 0.0840 0.9938 -0.0730
vn 0.0717 0.9946 -0.0746
vn 0.0913 0.9933 -0.0712
vn 0.0814 0.9937 -0.0770
vn 0.0534 0.9952 -0.0821
vn 0.0511 0.9954 -0.0807
vn 0.0675 0.9951 -0.0722
vn 0.0880 0.9937 -0.0698
vn 0.0513 0.9959 -0.0751
vn 0.1343 0.9890 -0.0615
vn 0.1232 0.9902 -0.0656
vn 0.1070 0.9921 -0.0659
vn 0.1122 0.9897 -0.0890
vn 0.0801 0.9926 -0.0910
vn 0.1155 0.9906 -0.0736
vn 0.0394 0.9947 -0.0953
vn 0.0337 0.9955 -0.0881
vn 0.0338 0.9955 -0.0881
vn 0.0574 0.9940 -0.0934
vn 0.0269 0.9964 -0.0807
vn 0.0373 0.9963 -0.0778
vn 0.0317 0.9959 -0.0850
vn 0.0623 0.9900 -0.1263
vn 0.0819 0.9882 -0.1293
vn 0.0652 0.9884 -0.1373
vn 0.0844 0.9861 -0.1433
vn 0.0448 0.9929 -0.1102
vn 0.0610 0.9919 -0.1112
vn 0.0814 0.9905 -0.1110
vn 0.1109 0.9877 -0.1104
vn 0.1099 0.9853 -0.1311
vn 0.1099 0.9827 -0.1489
vn 0.1121 0.9801 -0.1638
vn 0.0878 0.9841 -0.1546
vn 0.0697 0.9867 -0.1467
vn 0.0555 0.9887 -0.1392
vn 0.0496 0.9903 -0.1299
vn 0.0453 0.9916 -0.1209
vn 0.0743 0.9826 -0.1705
vn 0.0955 0.9792 -0.1788
vn 0.0754 0.9780 -0.1943
vn 0.1008 0.9742 -0.2017
vn 0.0600 0.9868 -0.1504
vn 0.0736 0.9850 -0.1561
vn 0.0917 0.9821 -0.1646
vn 0.1173 0.9771 -0.1775
vn 0.1259 0.9726 -0.1952
vn 0.1383 0.9658 -0.2195
vn 0.1516 0.9569 -0.2479
vn 0.1143 0.9639 -0.2405
vn 0.0846 0.9678 -0.2372
vn 0.0699 0.9693 -0.2357
vn 0.0620 0.9793 -0.1925
vn 0.0607 0.9841 -0.1669
vn 0.0277 0.9935 -0.1103
vn 0.0281 0.9941 -0.1050
vn 0.0185 0.9958 -0.0895
vn 0.0112 0.9959 -0.0895
vn 0.0211 0.9946 -0.1013
vn 0.0446 0.9903 -0.1319
vn 0.0386 0.9913 -0.1259
vn 0.0373 0.9919 -0.1211
vn 0.0349 0.9922 -0.1194
vn 0.0269 0.9945 -0.1014
vn 0.0371 0.9918 -0.1222
vn 0.0123 0.9968 -0.0789
vn 0.0110 0.9967 -0.0806
vn 0.0190 0.9960 -0.0875
vn 0.0123 0.9965 -0.0825
vn 0.0180 0.9960 -0.0873
vn 0.0079 0.9966 -0.0815
vn 0.0294 0.9943 -0.1024
vn 0.0313 0.9932 -0.1121
vn 0.0229 0.9953 -0.0939
vn 0.0526 0.9938 -0.0983
vn 0.0622 0.9931 -0.0997
vn 0.0525 0.9949 -0.0859
vn 0.0643 0.9941 -0.0871
vn 0.0442 0.9924 -0.1145
vn 0.0537 0.9918 -0.1158
vn 0.0618 0.9912 -0.1172
vn 0.0666 0.9907 -0.1184
vn 0.0692 0.9925 -0.1011
vn 0.0735 0.9934 -0.0884
vn 0.0792 0.9936 -0.0801
vn 0.0677 0.9946 -0.0789
vn 0.0541 0.9955 -0.0778
vn 0.0402 0.9962 -0.0768
vn 0.0400 0.9956 -0.0847
vn 0.0413 0.9944 -0.0971
vn 0.0250 0.9942 -0.1043
vn 0.0187 0.9944 -0.1039
vn 0.0259 0.9953 -0.0935
vn 0.0188 0.9955 -0.0933
vn 0.0336 0.9923 -0.1195
vn 0.0246 0.9926 -0.1189
vn 0.0190 0.9928 -0.1185
vn 0.0161 0.9929 -0.1182
vn 0.0154 0.9945 -0.1038
vn 0.0152 0.9955 -0.0933
vn 0.0153 0.9961 -0.0863
vn 0.0191 0.9961 -0.0864
vn 0.0275 0.9959 -0.0863
vn 0.0412 0.9954 -0.0862
vn 0.0378 0.9949 -0.0935
vn 0.0351 0.9939 -0.1046
vn 0.0237 0.9950 -0.0969
vn 0.0258 0.9950 -0.0960
vn 0.0183 0.9963 -0.0842
vn 0.0218 0.9963 -0.0836
vn 0.0318 0.9926 -0.1168
vn 0.0318 0.9927 -0.1168
vn 0.0303 0.9929 -0.1147
vn 0.0303 0.9929 -0.1148
vn 0.0314 0.9930 -0.1136
vn 0.0359 0.9929 -0.1135
vn 0.0314 0.9949 -0.0961
vn 0.0285 0.9961 -0.0838
vn 0.0272 0.9967 -0.0760
vn 0.0190 0.9969 -0.0757
vn 0.0142 0.9970 -0.0762
vn 0.0124 0.9969 -0.0773
vn 0.0179 0.9962 -0.0855
vn 0.0244 0.9948 -0.0987
vn 0.0685 0.9923 -0.1036
vn 0.0608 0.9927 -0.1044
vn 0.0761 0.9929 -0.0913
vn 0.0678 0.9934 -0.0926
vn 0.0671 0.9906 -0.1194
vn 0.0633 0.9907 -0.1201
vn 0.0559 0.9912 -0.1204
vn 0.0454 0.9917 -0.1202
vn 0.0489 0.9933 -0.1048
vn 0.0538 0.9942 -0.0934
vn 0.0605 0.9945 -0.0857
vn 0.0770 0.9934 -0.0846
vn 0.0861 0.9928 -0.0830
vn 0.0863 0.9929 -0.0814
vn 0.0780 0.9929 -0.0898
vn 0.0714 0.9922 -0.1024
vn 0.0076 0.9946 -0.1033
vn 0.0054 0.9946 -0.1032
vn 0.0074 0.9956 -0.0930
vn 0.0052 0.9956 -0.0930
vn 0.0096 0.9930 -0.1176
vn 0.0088 0.9931 -0.1171
vn 0.0059 0.9931 -0.1170
vn 0.0022 0.9932 -0.1168
vn 0.0020 0.9947 -0.1031
vn 0.0020 0.9957 -0.0930
vn 0.0020 0.9963 -0.0863
vn 0.0053 0.9963 -0.0863
vn 0.0075 0.9962 -0.0862
vn 0.0086 0.9962 -0.0862
vn 0.0085 0.9956 -0.0930
vn 0.0087 0.9946 -0.1034
vn -0.0851 0.8692 -0.4870
vn -0.0745 0.8770 -0.4747
vn -0.0821 0.9272 -0.3654
vn -0.0817 0.9364 -0.3413
vn -0.0682 0.9258 -0.3718
vn -0.0635 0.8659 -0.4962
vn -0.0868 0.8772 -0.4722
vn -0.0811 0.9551 -0.2848
vn -0.0865 0.9545 -0.2854
vn -0.0859 0.9248 -0.3707
vn -0.0774 0.9638 -0.2551
vn -0.0544 0.9621 -0.2672
vn -0.0962 0.9549 -0.2809
vn -0.0436 0.9584 -0.2822
vn -0.0436 0.9584 -0.2821
vn -0.0536 0.9234 -0.3800
vn -0.0494 0.9591 -0.2786
vn -0.0287 0.8746 -0.4840
vn -0.0107 0.8778 -0.4790
vn -0.0255 0.9329 -0.3591
vn -0.0189 0.9456 -0.3247
vn -0.0124 0.9340 -0.3571
vn -0.0089 0.8713 -0.4907
vn -0.0370 0.8696 -0.4923
vn -0.0385 0.9590 -0.2809
vn -0.0345 0.9609 -0.2746
vn -0.0386 0.9261 -0.3754
vn -0.0179 0.9712 -0.2376
vn -0.0047 0.9669 -0.2552
vn -0.0325 0.9646 -0.2618
vn -0.0007 0.9619 -0.2734
vn -0.0039 0.9295 -0.3688
vn -0.0031 0.9634 -0.2680
vn -0.2256 0.9726 -0.0556
vn -0.2291 0.9714 -0.0619
vn -0.2244 0.9728 -0.0570
vn -0.2290 0.9714 -0.0624
vn -0.1879 0.9808 -0.0519
vn -0.1900 0.9803 -0.0548
vn -0.1930 0.9793 -0.0611
vn -0.1981 0.9776 -0.0713
vn -0.2323 0.9700 -0.0721
vn -0.2311 0.9703 -0.0714
vn -0.2050 0.9763 -0.0698
vn -0.2020 0.9774 -0.0628
vn -0.1958 0.9789 -0.0588
vn -0.1872 0.9807 -0.0572
vn -0.2183 0.9744 -0.0546
vn -0.2217 0.9737 -0.0526
vn -0.4110 0.8796 -0.2396
vn -0.3790 0.8837 -0.2747
vn -0.2983 0.9304 -0.2130
vn -0.2984 0.9304 -0.2130
vn -0.3091 0.9201 -0.2407
vn -0.3623 0.9109 -0.1977
vn -0.2644 0.9208 -0.2866
vn -0.3456 0.8848 -0.3126
vn -0.2947 0.9193 -0.2607
vn -0.1879 0.9698 -0.1553
vn -0.1964 0.9721 -0.1280
vn -0.1739 0.9722 -0.1565
vn -0.1821 0.9745 -0.1311
vn -0.1731 0.9687 -0.1781
vn -0.1797 0.9722 -0.1502
vn -0.1843 0.9751 -0.1236
vn -0.1866 0.9774 -0.0999
vn -0.2038 0.9736 -0.1032
vn -0.1903 0.9759 -0.1065
vn -0.1544 0.9820 -0.1091
vn -0.1490 0.9800 -0.1323
vn -0.1444 0.9774 -0.1541
vn -0.1435 0.9742 -0.1744
vn -0.1694 0.9686 -0.1821
vn -0.1811 0.9661 -0.1837
vn -0.0984 0.8901 -0.4450
vn -0.0956 0.8939 -0.4380
vn -0.0861 0.9296 -0.3584
vn -0.0757 0.9423 -0.3260
vn -0.0841 0.9325 -0.3513
vn -0.0932 0.8824 -0.4612
vn -0.1114 0.8917 -0.4386
vn -0.0804 0.9511 -0.2981
vn -0.0736 0.9551 -0.2870
vn -0.0990 0.9221 -0.3741
vn -0.0584 0.9670 -0.2479
vn -0.0584 0.9627 -0.2643
vn -0.0694 0.9600 -0.2714
vn -0.0760 0.9566 -0.2815
vn -0.0865 0.9270 -0.3649
vn -0.0692 0.9589 -0.2753
vn -0.1125 0.9922 -0.0530
vn 0.0132 0.9997 0.0213
vn 0.0748 -0.9261 0.3697
vn 0.0433 -0.8739 0.4842
vn 0.0061 1.0000 0.0075
vn 0.0047 0.9997 -0.0230
vn -0.0095 0.9998 -0.0190
vn 0.0492 0.9864 0.1569
vn -0.0034 0.9992 -0.0392
vn 0.0753 -0.9685 0.2372
vn 0.0389 -0.8611 0.5070
vn -0.0159 0.9989 -0.0435
vn -0.0034 0.9988 -0.0478
vn -0.0016 0.9993 0.0383
vn 0.0019 0.9984 -0.0569
vn -0.0019 0.9988 -0.0492
vn 0.0022 0.9986 -0.0524
vn 0.2350 -0.8840 0.4042
vn -0.0275 0.9939 0.1067
vn 0.1029 -0.9754 0.1948
vn -0.0153 0.9997 0.0184
vn -0.0100 0.9974 0.0707
vn -0.0071 0.9935 0.1136
vn -0.0212 0.9650 0.2614
vn 0.0245 -0.6885 0.7249
vn -0.0091 -0.6962 0.7178
vn 0.0011 0.9647 0.2632
vn -0.0105 0.9922 0.1238
vn -0.0105 0.9922 0.1239
vn -0.0456 0.9988 0.0171
vn -0.0362 0.9459 0.3224
vn -0.0378 0.9992 0.0125
vn 0.0163 -0.7475 0.6640
vn 0.0018 -0.7352 0.6778
vn 0.0028 0.9999 0.0160
vn 0.0052 1.0000 0.0084
vn 0.0056 0.9405 0.3397
vn -0.0112 0.9995 -0.0301
vn -0.0328 0.9995 -0.0038
vn 0.0056 0.9999 -0.0085
vn -0.0496 0.9958 0.0765
vn 0.0584 -0.7023 0.7094
vn 0.0192 -0.7107 0.7033
vn -0.0569 0.9812 0.1844
vn -0.0868 0.9950 0.0497
vn -0.0380 0.9985 -0.0384
vn -0.0248 0.9974 0.0671
vn -0.0247 0.9974 0.0671
vn -0.0641 0.9974 -0.0341
vn 0.0413 -0.8138 0.5797
vn 0.0282 -0.7514 0.6593
vn -0.0556 0.9984 0.0117
vn -0.0718 0.9974 -0.0023
vn -0.0383 0.9567 0.2887
vn -0.1090 0.9931 -0.0425
vn -0.0977 0.9946 -0.0340
vn -0.0896 0.9957 -0.0230
vn -0.1143 0.9850 0.1293
vn -0.0603 0.9957 0.0696
vn -0.0995 0.9945 0.0325
vn -0.1465 0.9892 0.0019
vn -0.1964 0.9803 -0.0207
vn -0.2114 0.9774 0.0051
vn -0.1889 0.9814 0.0342
vn -0.0910 0.9952 -0.0356
vn -0.0700 0.9970 -0.0342
vn -0.1047 0.9935 -0.0454
vn -0.0822 0.9957 -0.0418
vn -0.0904 0.9957 -0.0181
vn -0.0739 0.9972 -0.0134
vn -0.0562 0.9983 -0.0167
vn -0.0381 0.9989 -0.0289
vn -0.0454 0.9982 -0.0398
vn -0.0531 0.9976 -0.0434
vn -0.0532 0.9976 -0.0433
vn -0.0690 0.9965 -0.0480
vn -0.0966 0.9941 -0.0494
vn -0.1183 0.9915 -0.0534
vn -0.1351 0.9891 -0.0593
vn -0.1208 0.9914 -0.0514
vn -0.1071 0.9934 -0.0411
vn -0.0075 0.9976 -0.0688
vn -0.0044 0.9978 -0.0658
vn -0.0152 0.9976 -0.0682
vn -0.0128 0.9978 -0.0651
vn -0.0075 0.9973 -0.0728
vn -0.0032 0.9976 -0.0697
vn 0.0001 0.9978 -0.0667
vn 0.0026 0.9980 -0.0633
vn -0.0011 0.9981 -0.0619
vn -0.0090 0.9981 -0.0604
vn -0.0224 0.9980 -0.0591
vn -0.0258 0.9976 -0.0646
vn -0.0269 0.9973 -0.0682
vn -0.0267 0.9971 -0.0715
vn -0.0169 0.9973 -0.0713
vn -0.0108 0.9974 -0.0717
vn -0.1053 0.9918 -0.0730
vn -0.1049 0.9922 -0.0668
vn -0.0961 0.9926 -0.0736
vn -0.0956 0.9933 -0.0656
vn -0.0956 0.9925 -0.0763
vn -0.1033 0.9920 -0.0722
vn -0.1071 0.9919 -0.0675
vn -0.1030 0.9929 -0.0592
vn -0.0955 0.9939 -0.0547
vn -0.0851 0.9951 -0.0495
vn -0.0684 0.9966 -0.0456
vn -0.0761 0.9950 -0.0649
vn -0.0753 0.9944 -0.0743
vn -0.0685 0.9944 -0.0804
vn -0.0878 0.9930 -0.0791
vn -0.0972 0.9922 -0.0777
vn -0.0057 0.9970 -0.0768
vn -0.0015 0.9976 -0.0688
vn -0.0042 0.9971 -0.0762
vn -0.0017 0.9977 -0.0671
vn -0.0085 0.9966 -0.0819
vn -0.0063 0.9970 -0.0777
vn -0.0014 0.9975 -0.0711
vn 0.0019 0.9983 -0.0577
vn 0.0046 0.9986 -0.0526
vn 0.0025 0.9988 -0.0482
vn 0.0007 0.9989 -0.0460
vn -0.0010 0.9978 -0.0662
vn -0.0019 0.9971 -0.0758
vn -0.0020 0.9967 -0.0816
vn -0.0053 0.9966 -0.0817
vn -0.0071 0.9966 -0.0818
vn -0.1746 0.9821 -0.0700
vn -0.1618 0.9851 -0.0586
vn -0.1518 0.9863 -0.0644
vn -0.1371 0.9891 -0.0535
vn -0.2102 0.9741 -0.0833
vn -0.2021 0.9766 -0.0732
vn -0.1949 0.9789 -0.0616
vn -0.1874 0.9811 -0.0474
vn -0.1529 0.9874 -0.0409
vn -0.1243 0.9917 -0.0335
vn -0.1050 0.9941 -0.0258
vn -0.1203 0.9916 -0.0475
vn -0.1346 0.9892 -0.0580
vn -0.1512 0.9863 -0.0664
vn -0.1703 0.9826 -0.0737
vn -0.1913 0.9783 -0.0800
vn -0.2536 0.9649 -0.0678
vn -0.2625 0.9633 -0.0556
vn -0.2524 0.9669 -0.0366
vn -0.2278 0.9727 -0.0452
vn -0.2304 0.9712 -0.0604
vn -0.2290 0.9707 -0.0725
vn -0.2220 0.9716 -0.0820
vn -0.2332 0.9694 -0.0766
vn -0.1518 0.9849 -0.0832
vn -0.1813 0.9796 -0.0863
vn -0.2086 0.9744 -0.0838
vn -0.2101 0.9735 -0.0903
vn -0.1926 0.9768 -0.0932
vn -0.1720 0.9810 -0.0899
vn -0.1525 0.9850 -0.0812
vn -0.1244 0.9893 -0.0761
vn -0.2325 0.9680 -0.0942
vn -0.2245 0.9697 -0.0959
vn -0.2237 0.9705 -0.0901
vn -0.2105 0.9734 -0.0902
vn -0.2058 0.9749 -0.0846
vn -0.2135 0.9724 -0.0942
vn -0.2180 0.9711 -0.0972
vn -0.2168 0.9718 -0.0930
vn -0.2098 0.9736 -0.0903
vn -0.1915 0.9779 -0.0838
vn -0.1698 0.9826 -0.0756
vn -0.1865 0.9790 -0.0824
vn -0.1985 0.9765 -0.0837
vn -0.2046 0.9757 -0.0788
vn -0.2303 0.9696 -0.0829
vn -0.2343 0.9684 -0.0853
vn -0.0332 0.9966 -0.0758
vn -0.0376 0.9971 -0.0662
vn -0.0237 0.9968 -0.0767
vn -0.0304 0.9972 -0.0680
vn -0.0457 0.9957 -0.0812
vn -0.0501 0.9959 -0.0751
vn -0.0522 0.9965 -0.0650
vn -0.0511 0.9977 -0.0445
vn -0.0409 0.9981 -0.0461
vn -0.0368 0.9981 -0.0500
vn -0.0288 0.9981 -0.0554
vn -0.0267 0.9972 -0.0703
vn -0.0195 0.9968 -0.0777
vn -0.0159 0.9965 -0.0820
vn -0.0202 0.9964 -0.0818
vn -0.0296 0.9962 -0.0816
vn -0.0312 0.9822 -0.1851
vn -0.0270 0.9871 -0.1580
vn -0.0314 0.9828 -0.1821
vn -0.0240 0.9874 -0.1561
vn -0.0368 0.9739 -0.2241
vn -0.0344 0.9817 -0.1871
vn -0.0329 0.9866 -0.1595
vn -0.0325 0.9899 -0.1378
vn -0.0249 0.9903 -0.1368
vn -0.0200 0.9905 -0.1360
vn -0.0177 0.9906 -0.1353
vn -0.0228 0.9879 -0.1537
vn -0.0318 0.9836 -0.1773
vn -0.0333 0.9775 -0.2085
vn -0.0367 0.9756 -0.2166
vn -0.0353 0.9745 -0.2215
vn -0.0046 0.9842 -0.1772
vn -0.0087 0.9881 -0.1534
vn -0.0046 0.9835 -0.1807
vn -0.0067 0.9880 -0.1546
vn -0.0034 0.9795 -0.2016
vn -0.0041 0.9851 -0.1719
vn -0.0094 0.9884 -0.1514
vn -0.0108 0.9909 -0.1343
vn -0.0095 0.9909 -0.1343
vn -0.0068 0.9909 -0.1341
vn -0.0027 0.9910 -0.1339
vn -0.0027 0.9879 -0.1550
vn -0.0021 0.9833 -0.1821
vn -0.0010 0.9759 -0.2183
vn -0.0020 0.9765 -0.2153
vn -0.0010 0.9779 -0.2091
vn -0.0605 0.9958 -0.0692
vn -0.0636 0.9959 -0.0646
vn -0.0777 0.9945 -0.0701
vn -0.0846 0.9943 -0.0653
vn -0.0414 0.9965 -0.0721
vn -0.0430 0.9967 -0.0686
vn -0.0439 0.9970 -0.0645
vn -0.0428 0.9974 -0.0576
vn -0.0654 0.9963 -0.0567
vn -0.0925 0.9941 -0.0568
vn -0.1113 0.9920 -0.0590
vn -0.1113 0.9920 -0.0589
vn -0.1014 0.9926 -0.0667
vn -0.0930 0.9931 -0.0713
vn -0.0857 0.9935 -0.0751
vn -0.0721 0.9946 -0.0741
vn -0.0721 0.9946 -0.0740
vn -0.0570 0.9957 -0.0731
vn -0.0738 0.9782 -0.1940
vn -0.0638 0.9846 -0.1628
vn -0.0834 0.9774 -0.1941
vn -0.0702 0.9841 -0.1630
vn -0.0743 0.9701 -0.2312
vn -0.0655 0.9790 -0.1929
vn -0.0566 0.9852 -0.1618
vn -0.0494 0.9894 -0.1362
vn -0.0573 0.9888 -0.1375
vn -0.0638 0.9883 -0.1386
vn -0.0662 0.9880 -0.1392
vn -0.0698 0.9844 -0.1615
vn -0.0791 0.9788 -0.1888
vn -0.0948 0.9698 -0.2248
vn -0.0965 0.9675 -0.2338
vn -0.0831 0.9689 -0.2330
vn -0.0478 0.9817 -0.1841
vn -0.0554 0.9855 -0.1604
vn -0.0454 0.9813 -0.1873
vn -0.0498 0.9857 -0.1611
vn -0.0514 0.9764 -0.2099
vn -0.0580 0.9814 -0.1827
vn -0.0621 0.9852 -0.1599
vn -0.0646 0.9881 -0.1395
vn -0.0600 0.9884 -0.1396
vn -0.0529 0.9888 -0.1395
vn -0.0434 0.9894 -0.1388
vn -0.0421 0.9861 -0.1608
vn -0.0407 0.9813 -0.1882
vn -0.0403 0.9736 -0.2248
vn -0.0429 0.9740 -0.2224
vn -0.0429 0.9754 -0.2161
vn -0.0104 0.9972 -0.0735
vn -0.0194 0.9972 -0.0724
vn -0.0199 0.9972 -0.0717
vn -0.0084 0.9979 -0.0635
vn -0.0073 0.9980 -0.0623
vn -0.0028 0.9978 -0.0659
vn -0.0033 0.9974 -0.0719
vn -0.0142 0.9969 -0.0775
vn -0.0228 0.9969 -0.0755
vn -0.0074 0.9970 -0.0769
vn -0.0529 0.9960 -0.0714
vn -0.0514 0.9961 -0.0715
vn -0.0340 0.9967 -0.0742
vn -0.0656 0.9951 -0.0740
vn -0.0502 0.9963 -0.0693
vn -0.0536 0.9958 -0.0745
vn -0.0454 0.9974 -0.0565
vn -0.0240 0.9983 -0.0525
vn -0.0439 0.9970 -0.0644
vn -0.0192 0.9988 -0.0444
vn -0.0077 0.9985 -0.0549
vn -0.0211 0.9985 -0.0514
vn -0.0003 0.9980 -0.0629
vn -0.0000 0.9977 -0.0671
vn -0.0036 0.9982 -0.0599
vn -0.0064 0.9972 -0.0742
vn -0.0062 0.9971 -0.0757
vn -0.0019 0.9975 -0.0709
vn -0.0544 0.9801 -0.1908
vn -0.0494 0.9854 -0.1631
vn -0.0547 0.9805 -0.1885
vn -0.0479 0.9856 -0.1619
vn -0.0644 0.9701 -0.2338
vn -0.0562 0.9798 -0.1920
vn -0.0527 0.9849 -0.1648
vn -0.0498 0.9880 -0.1459
vn -0.0447 0.9888 -0.1427
vn -0.0431 0.9891 -0.1409
vn -0.0410 0.9894 -0.1395
vn -0.0458 0.9860 -0.1602
vn -0.0516 0.9815 -0.1843
vn -0.0599 0.9747 -0.2152
vn -0.0631 0.9724 -0.2246
vn -0.0627 0.9711 -0.2301
vn -0.0447 0.9817 -0.1853
vn -0.0421 0.9863 -0.1594
vn -0.0521 0.9804 -0.1898
vn -0.0455 0.9860 -0.1605
vn -0.0447 0.9767 -0.2099
vn -0.0443 0.9823 -0.1819
vn -0.0426 0.9864 -0.1589
vn -0.0385 0.9897 -0.1378
vn -0.0372 0.9900 -0.1363
vn -0.0384 0.9900 -0.1355
vn -0.0423 0.9899 -0.1353
vn -0.0504 0.9857 -0.1611
vn -0.0595 0.9796 -0.1918
vn -0.0675 0.9710 -0.2293
vn -0.0593 0.9724 -0.2255
vn -0.0480 0.9747 -0.2185
vn -0.1964 0.9688 -0.1512
vn -0.2010 0.9705 -0.1333
vn -0.1580 0.9770 -0.1434
vn -0.1559 0.9801 -0.1225
vn -0.2332 0.9555 -0.1804
vn -0.2705 0.9479 -0.1682
vn -0.2931 0.9443 -0.1497
vn -0.1870 0.9760 -0.1118
vn -0.1433 0.9845 -0.1014
vn -0.1487 0.9840 -0.0978
vn -0.1545 0.9807 -0.1197
vn -0.1562 0.9772 -0.1436
vn -0.1512 0.9742 -0.1678
vn -0.1512 0.9742 -0.1677
vn -0.1491 0.9752 -0.1635
vn -0.1773 0.9697 -0.1679
vn -0.1461 0.9662 -0.2124
vn -0.1542 0.9673 -0.2013
vn -0.1171 0.9735 -0.1966
vn -0.1233 0.9741 -0.1895
vn -0.1877 0.9480 -0.2570
vn -0.2082 0.9485 -0.2387
vn -0.2205 0.9491 -0.2248
vn -0.2162 0.9550 -0.2033
vn -0.1614 0.9693 -0.1855
vn -0.1353 0.9744 -0.1797
vn -0.1398 0.9723 -0.1873
vn -0.1268 0.9723 -0.1961
vn -0.1183 0.9728 -0.1992
vn -0.1175 0.9711 -0.2077
vn -0.1170 0.9705 -0.2107
vn -0.1367 0.9641 -0.2275
vn -0.1728 0.9543 -0.2437
vn -0.1777 0.9563 -0.2322
vn -0.1875 0.9487 -0.2545
vn -0.1803 0.9556 -0.2330
vn -0.1355 0.9653 -0.2234
vn -0.1461 0.9641 -0.2216
vn -0.1566 0.9634 -0.2174
vn -0.1653 0.9651 -0.2033
vn -0.1784 0.9609 -0.2116
vn -0.1721 0.9628 -0.2082
vn -0.1488 0.9695 -0.1949
vn -0.1608 0.9626 -0.2181
vn -0.1763 0.9535 -0.2445
vn -0.1893 0.9447 -0.2679
vn -0.1878 0.9449 -0.2681
vn -0.1618 0.9554 -0.2471
vn -0.0938 0.9941 -0.0538
vn -0.0938 0.9941 -0.0537
vn -0.0910 0.9943 -0.0552
vn -0.0951 0.9937 -0.0597
vn -0.1381 0.9880 -0.0695
vn -0.1305 0.9896 -0.0605
vn -0.1279 0.9903 -0.0549
vn -0.1279 0.9904 -0.0522
vn -0.0905 0.9945 -0.0532
vn -0.0881 0.9947 -0.0530
vn -0.1333 0.9884 -0.0722
vn -0.1086 0.9921 -0.0621
vn -0.1120 0.9914 -0.0675
vn -0.1005 0.9932 -0.0586
vn -0.0917 0.9942 -0.0559
vn -0.0933 0.9942 -0.0540
vn -0.1296 0.9902 -0.0524
vn -0.1322 0.9896 -0.0568
vn -0.1364 0.9885 -0.0655
vn -0.1419 0.9867 -0.0791
vn -0.1268 0.9886 -0.0817
vn -0.1613 0.9829 -0.0888
vn -0.2119 0.9749 -0.0675
vn -0.2148 0.9749 -0.0578
vn -0.2006 0.9772 -0.0694
vn -0.2054 0.9768 -0.0598
vn -0.1875 0.9790 -0.0802
vn -0.1873 0.9801 -0.0659
vn -0.1873 0.9807 -0.0566
vn -0.1874 0.9809 -0.0520
vn -0.2180 0.9745 -0.0530
vn -0.2116 0.9758 -0.0551
vn -0.1777 0.9824 -0.0580
vn -0.1690 0.9836 -0.0624
vn -0.1629 0.9841 -0.0714
vn -0.1587 0.9835 -0.0871
vn -0.1964 0.9768 -0.0849
vn -0.2088 0.9745 -0.0826
vn -0.1423 0.9006 -0.4107
vn -0.1280 0.9104 -0.3935
vn -0.1312 0.9411 -0.3116
vn -0.1339 0.9487 -0.2866
vn -0.1680 0.9323 -0.3203
vn -0.1364 0.9191 -0.3697
vn -0.1429 0.8751 -0.4623
vn -0.1303 0.8926 -0.4317
vn -0.1409 0.8797 -0.4542
vn -0.1429 0.9026 -0.4061
vn -0.1385 0.8802 -0.4540
vn -0.1675 0.9413 -0.2931
vn -0.1306 0.9574 -0.2574
vn -0.1523 0.9261 -0.3452
vn -0.1241 0.9663 -0.2255
vn -0.1464 0.9572 -0.2498
vn -0.1216 0.9638 -0.2372
vn -0.1822 0.9416 -0.2831
vn -0.1463 0.9441 -0.2953
vn -0.1816 0.9430 -0.2789
vn -0.0912 0.9480 -0.3050
vn -0.1164 0.9181 -0.3789
vn -0.1111 0.9456 -0.3058
vn -0.1149 0.9911 -0.0672
vn -0.1191 0.9904 -0.0706
vn -0.1394 0.9877 -0.0702
vn -0.1446 0.9868 -0.0736
vn -0.0835 0.9947 -0.0601
vn -0.0843 0.9943 -0.0658
vn -0.0883 0.9937 -0.0687
vn -0.0946 0.9930 -0.0712
vn -0.1215 0.9900 -0.0723
vn -0.1462 0.9866 -0.0731
vn -0.1719 0.9823 -0.0751
vn -0.1692 0.9825 -0.0777
vn -0.1615 0.9840 -0.0752
vn -0.1495 0.9864 -0.0681
vn -0.1307 0.9894 -0.0626
vn -0.1085 0.9923 -0.0598
vn -0.1098 0.9915 -0.0700
vn -0.1034 0.9924 -0.0671
vn -0.1351 0.9886 -0.0666
vn -0.1269 0.9898 -0.0644
vn -0.0927 0.9928 -0.0755
vn -0.0840 0.9938 -0.0730
vn -0.0794 0.9944 -0.0693
vn -0.0778 0.9946 -0.0686
vn -0.0979 0.9929 -0.0671
vn -0.1181 0.9909 -0.0642
vn -0.1458 0.9875 -0.0604
vn -0.1561 0.9858 -0.0612
vn -0.1644 0.9843 -0.0639
vn -0.1701 0.9830 -0.0687
vn -0.1425 0.9873 -0.0699
vn -0.1178 0.9904 -0.0725
vn -0.0717 0.9946 -0.0746
vn -0.0511 0.9954 -0.0807
vn -0.0534 0.9952 -0.0821
vn -0.0814 0.9937 -0.0771
vn -0.0913 0.9933 -0.0713
vn -0.0675 0.9951 -0.0722
vn -0.0513 0.9959 -0.0751
vn -0.0880 0.9937 -0.0698
vn -0.0269 0.9964 -0.0808
vn -0.0318 0.9959 -0.0848
vn -0.0373 0.9963 -0.0779
vn -0.0394 0.9947 -0.0952
vn -0.0574 0.9940 -0.0933
vn -0.0338 0.9955 -0.0881
vn -0.1122 0.9897 -0.0890
vn -0.1155 0.9906 -0.0736
vn -0.0800 0.9926 -0.0911
vn -0.1343 0.9890 -0.0615
vn -0.1070 0.9921 -0.0659
vn -0.1232 0.9902 -0.0656
vn -0.0621 0.9900 -0.1264
vn -0.0652 0.9884 -0.1373
vn -0.0827 0.9882 -0.1289
vn -0.0842 0.9861 -0.1434
vn -0.0450 0.9929 -0.1102
vn -0.0452 0.9916 -0.1209
vn -0.0496 0.9903 -0.1299
vn -0.0554 0.9887 -0.1392
vn -0.0697 0.9867 -0.1467
vn -0.0879 0.9841 -0.1546
vn -0.1121 0.9801 -0.1638
vn -0.1101 0.9827 -0.1488
vn -0.1099 0.9853 -0.1311
vn -0.1110 0.9877 -0.1104
vn -0.0814 0.9905 -0.1110
vn -0.0612 0.9919 -0.1111
vn -0.0744 0.9826 -0.1705
vn -0.0754 0.9780 -0.1943
vn -0.0956 0.9792 -0.1788
vn -0.1008 0.9742 -0.2017
vn -0.0594 0.9868 -0.1505
vn -0.0608 0.9841 -0.1668
vn -0.0619 0.9793 -0.1925
vn -0.0700 0.9693 -0.2357
vn -0.0846 0.9678 -0.2371
vn -0.1144 0.9639 -0.2404
vn -0.1516 0.9569 -0.2479
vn -0.1383 0.9658 -0.2195
vn -0.1259 0.9727 -0.1952
vn -0.1172 0.9771 -0.1775
vn -0.0917 0.9821 -0.1646
vn -0.0729 0.9850 -0.1563
vn -0.0277 0.9935 -0.1103
vn -0.0211 0.9946 -0.1014
vn -0.0112 0.9959 -0.0895
vn -0.0184 0.9958 -0.0895
vn -0.0281 0.9941 -0.1050
vn -0.0447 0.9903 -0.1319
vn -0.0373 0.9919 -0.1211
vn -0.0386 0.9913 -0.1259
vn -0.0294 0.9943 -0.1024
vn -0.0229 0.9953 -0.0940
vn -0.0313 0.9932 -0.1121
vn -0.0123 0.9965 -0.0824
vn -0.0080 0.9966 -0.0815
vn -0.0179 0.9960 -0.0876
vn -0.0122 0.9968 -0.0789
vn -0.0189 0.9960 -0.0875
vn -0.0110 0.9967 -0.0805
vn -0.0349 0.9922 -0.1194
vn -0.0371 0.9918 -0.1222
vn -0.0269 0.9945 -0.1014
vn -0.0523 0.9938 -0.0984
vn -0.0524 0.9949 -0.0859
vn -0.0622 0.9931 -0.0997
vn -0.0644 0.9941 -0.0871
vn -0.0444 0.9924 -0.1144
vn -0.0412 0.9944 -0.0971
vn -0.0400 0.9956 -0.0847
vn -0.0398 0.9962 -0.0769
vn -0.0541 0.9955 -0.0779
vn -0.0676 0.9946 -0.0789
vn -0.0791 0.9936 -0.0801
vn -0.0735 0.9934 -0.0884
vn -0.0692 0.9925 -0.1011
vn -0.0666 0.9907 -0.1185
vn -0.0617 0.9912 -0.1172
vn -0.0538 0.9918 -0.1158
vn -0.0249 0.9942 -0.1043
vn -0.0257 0.9953 -0.0935
vn -0.0185 0.9944 -0.1040
vn -0.0184 0.9955 -0.0934
vn -0.0334 0.9923 -0.1196
vn -0.0352 0.9939 -0.1046
vn -0.0377 0.9949 -0.0936
vn -0.0412 0.9954 -0.0862
vn -0.0274 0.9959 -0.0863
vn -0.0187 0.9961 -0.0864
vn -0.0151 0.9961 -0.0864
vn -0.0152 0.9955 -0.0933
vn -0.0156 0.9945 -0.1038
vn -0.0164 0.9929 -0.1182
vn -0.0189 0.9928 -0.1185
vn -0.0246 0.9926 -0.1189
vn -0.0238 0.9950 -0.0969
vn -0.0185 0.9963 -0.0842
vn -0.0258 0.9950 -0.0960
vn -0.0217 0.9963 -0.0836
vn -0.0318 0.9926 -0.1168
vn -0.0245 0.9948 -0.0987
vn -0.0178 0.9962 -0.0855
vn -0.0124 0.9969 -0.0773
vn -0.0143 0.9970 -0.0762
vn -0.0188 0.9969 -0.0758
vn -0.0273 0.9967 -0.0760
vn -0.0285 0.9961 -0.0838
vn -0.0313 0.9949 -0.0961
vn -0.0359 0.9929 -0.1135
vn -0.0315 0.9930 -0.1136
vn -0.0303 0.9929 -0.1147
vn -0.0685 0.9923 -0.1036
vn -0.0761 0.9929 -0.0913
vn -0.0607 0.9927 -0.1045
vn -0.0677 0.9934 -0.0926
vn -0.0669 0.9906 -0.1194
vn -0.0714 0.9922 -0.1024
vn -0.0780 0.9929 -0.0898
vn -0.0863 0.9929 -0.0815
vn -0.0860 0.9928 -0.0830
vn -0.0771 0.9934 -0.0846
vn -0.0605 0.9945 -0.0857
vn -0.0538 0.9942 -0.0934
vn -0.0488 0.9933 -0.1048
vn -0.0454 0.9917 -0.1202
vn -0.0559 0.9912 -0.1204
vn -0.0633 0.9907 -0.1201
vn -0.0077 0.9946 -0.1032
vn -0.0073 0.9956 -0.0931
vn -0.0055 0.9947 -0.1031
vn -0.0052 0.9956 -0.0931
vn -0.0100 0.9930 -0.1174
vn -0.0089 0.9946 -0.1033
vn -0.0083 0.9956 -0.0931
vn -0.0083 0.9962 -0.0863
vn -0.0073 0.9962 -0.0863
vn -0.0051 0.9963 -0.0863
vn -0.0020 0.9963 -0.0863
vn -0.0020 0.9957 -0.0931
vn -0.0021 0.9947 -0.1031
vn -0.0023 0.9932 -0.1168
vn -0.0062 0.9931 -0.1169
vn -0.0087 0.9931 -0.1171
vn -0.2670 0.9590 -0.0948
vn 0.1529 0.8506 -0.5031
vn 0.2670 0.9590 -0.0948
vn -0.0983 0.8404 -0.5330
vn 0.1452 0.8399 -0.5229
vn 0.0676 0.7898 -0.6096
vn 0.1936 0.9778 -0.0799
vn -0.0800 0.7984 -0.5968
vn -0.0783 0.8079 -0.5840
vn 0.1625 0.9837 -0.0770
vn 0.0245 -0.8831 -0.4685
vn 0.0800 0.7984 -0.5968
vn -0.6394 0.7654 -0.0727
vn 0.3949 0.8746 0.2813
vn -0.1645 0.8614 -0.4806
vn -0.1306 0.9901 -0.0513
vn 0.0848 0.8165 -0.5711
vn 0.0240 -0.8722 -0.4885
vn 0.0783 0.8079 -0.5841
vn 0.1286 0.9901 -0.0558
vn 0.2465 0.9666 -0.0707
vn -0.6069 -0.7914 0.0731
vn -0.2225 0.9721 -0.0740
vn 0.0256 -0.8761 -0.4814
vn 0.5954 0.8003 -0.0713
vn 0.1647 0.9833 0.0776
vn -0.0676 0.7898 -0.6096
vn -0.1625 0.9837 -0.0770
vn -0.2887 0.9560 -0.0513
vn -0.0173 0.7889 -0.6143
vn -0.1144 0.9914 -0.0635
vn -0.1172 0.8612 -0.4946
vn -0.2679 0.9629 -0.0324
vn 0.2755 0.9592 -0.0630
vn -0.1287 0.9901 -0.0558
vn -0.1530 0.8505 -0.5032
vn -0.2275 0.9155 -0.3318
vn 0.1645 0.8614 -0.4806
vn 0.3989 0.8726 0.2820
vn 0.2223 0.9719 -0.0773
vn -0.2943 0.9477 -0.1237
vn 0.3908 -0.8769 -0.2798
vn 0.1732 0.8817 -0.4389
vn 0.2996 0.8778 -0.3738
vn -0.1950 0.9020 -0.3852
vn -0.1751 0.9826 -0.0619
vn -0.5954 0.8003 -0.0713
vn 0.0111 0.7845 -0.6200
vn -0.2223 0.9719 -0.0773
vn 0.2678 0.9629 -0.0324
vn 0.0222 0.7872 -0.6163
vn -0.1647 0.9833 0.0776
vn 0.6125 0.7872 -0.0721
vn 0.1029 0.9930 -0.0577
vn 0.4150 -0.8567 -0.3064
vn 0.0378 0.7876 -0.6150
vn 0.1028 0.8537 -0.5106
vn -0.1542 0.8473 -0.5083
vn 0.2225 0.9721 -0.0740
vn -0.0378 0.7876 -0.6150
vn 0.0230 -0.8534 -0.5208
vn -0.1029 0.9930 -0.0577
vn 0.0983 0.8404 -0.5330
vn -0.1452 0.8400 -0.5229
vn -0.1936 0.9778 -0.0799
vn 0.1947 0.9021 -0.3852
vn 0.1358 0.8679 -0.4778
vn 0.1751 0.9826 -0.0619
vn -0.0848 0.8165 -0.5711
vn -0.0222 0.7872 -0.6163
vn -0.2755 0.9592 -0.0630
vn -0.6026 -0.7945 0.0752
vn 0.0173 0.7889 -0.6143
vn -0.1731 0.8817 -0.4389
vn -0.1542 0.8513 -0.5016
vn -0.1357 0.8679 -0.4778
vn 0.2887 0.9560 -0.0513
vn -0.0111 0.7845 -0.6200
vn 0.2275 0.9155 -0.3318
vn 0.1542 0.8513 -0.5016
vn 0.2943 0.9477 -0.1237
vn -0.1361 0.9882 -0.0709
vn -0.6351 0.7688 -0.0751
vn -0.0928 0.8282 -0.5527
vn 0.1172 0.8612 -0.4946
vn 0.0928 0.8282 -0.5527
vn 0.4111 0.8624 0.2953
vn -0.2465 0.9666 -0.0707
vn 0.0249 -0.8837 -0.4675
vn -0.5931 -0.8019 0.0724
vn 0.4081 0.8648 0.2925
vn 0.6098 0.7889 -0.0758
vn 0.1361 0.9882 -0.0709
vn 0.1360 0.9882 -0.0709
vn -0.2994 0.8778 -0.3739
vn 0.1144 0.9914 -0.0635
vn 0.0244 -0.8583 -0.5125
vn -0.1028 0.8537 -0.5106
vn 0.0241 -0.8653 -0.5007
vn 0.0745 0.8770 -0.4747
vn 0.0807 0.9551 -0.2850
vn 0.0859 0.9248 -0.3707
vn 0.0866 0.9545 -0.2854
vn 0.0107 0.8778 -0.4790
vn 0.0090 0.8713 -0.4907
vn 0.0388 0.9590 -0.2808
vn 0.0388 0.9261 -0.3753
vn 0.2291 0.9714 -0.0619
vn 0.2290 0.9714 -0.0624
vn 0.1879 0.9808 -0.0518
vn 0.2216 0.9737 -0.0526
vn 0.1957 0.9789 -0.0588
vn 0.2021 0.9774 -0.0628
vn 0.2055 0.9762 -0.0696
vn 0.2323 0.9700 -0.0721
vn 0.2644 0.9209 -0.2866
vn 0.2983 0.9304 -0.2130
vn 0.3621 0.9109 -0.1978
vn 0.3621 0.9109 -0.1977
vn 0.3090 0.9201 -0.2407
vn 0.1880 0.9698 -0.1552
vn 0.1731 0.9687 -0.1781
vn 0.1811 0.9661 -0.1837
vn 0.1694 0.9686 -0.1821
vn 0.1434 0.9742 -0.1744
vn 0.1866 0.9774 -0.0999
vn 0.1797 0.9722 -0.1502
vn 0.0841 0.9325 -0.3513
vn 0.0757 0.9423 -0.3260
vn 0.0956 0.8939 -0.4379
vn 0.0933 0.8824 -0.4611
vn 0.0761 0.9566 -0.2814
vn 0.0692 0.9589 -0.2753
vn 0.0584 0.9670 -0.2479
vn 0.0694 0.9600 -0.2714
vn 0.0991 0.9221 -0.3740
vn -0.0019 0.9984 -0.0568
vn -0.0022 0.9986 -0.0523
vn 0.0019 0.9988 -0.0491
vn 0.0153 0.9997 0.0184
vn 0.0105 0.9922 0.1238
vn 0.0105 0.9922 0.1239
vn 0.0378 0.9992 0.0124
vn -0.0028 0.9999 0.0161
vn -0.0053 1.0000 0.0084
vn 0.0496 0.9958 0.0764
vn 0.0976 0.9946 -0.0341
vn 0.0556 0.9984 0.0117
vn 0.0383 0.9567 0.2887
vn 0.1890 0.9814 0.0342
vn 0.2114 0.9774 0.0052
vn 0.1965 0.9803 -0.0208
vn 0.1465 0.9892 0.0019
vn 0.1047 0.9935 -0.0453
vn 0.0700 0.9970 -0.0341
vn 0.0822 0.9957 -0.0417
vn 0.0904 0.9957 -0.0182
vn 0.1207 0.9914 -0.0514
vn 0.1184 0.9915 -0.0533
vn 0.0531 0.9976 -0.0433
vn 0.0454 0.9982 -0.0397
vn 0.0075 0.9976 -0.0688
vn 0.0152 0.9976 -0.0682
vn 0.0043 0.9978 -0.0658
vn 0.0127 0.9978 -0.0651
vn 0.0108 0.9974 -0.0717
vn 0.0169 0.9973 -0.0713
vn 0.0267 0.9971 -0.0715
vn 0.0257 0.9976 -0.0647
vn 0.0089 0.9981 -0.0604
vn 0.0010 0.9981 -0.0618
vn -0.0027 0.9980 -0.0633
vn -0.0001 0.9978 -0.0668
vn 0.0032 0.9976 -0.0697
vn 0.1054 0.9917 -0.0730
vn 0.0760 0.9950 -0.0648
vn 0.0850 0.9951 -0.0495
vn 0.1070 0.9920 -0.0675
vn 0.1035 0.9920 -0.0723
vn 0.0056 0.9970 -0.0768
vn 0.0041 0.9971 -0.0762
vn 0.0014 0.9976 -0.0688
vn 0.0016 0.9977 -0.0671
vn 0.0085 0.9966 -0.0819
vn 0.0074 0.9966 -0.0817
vn 0.0053 0.9966 -0.0817
vn 0.0020 0.9967 -0.0816
vn 0.0019 0.9971 -0.0758
vn 0.0010 0.9978 -0.0662
vn -0.0007 0.9989 -0.0460
vn -0.0020 0.9983 -0.0576
vn 0.1746 0.9821 -0.0700
vn 0.1518 0.9863 -0.0644
vn 0.1372 0.9891 -0.0535
vn 0.1051 0.9941 -0.0257
vn 0.1525 0.9850 -0.0812
vn 0.2325 0.9680 -0.0942
vn 0.2058 0.9749 -0.0846
vn 0.2343 0.9684 -0.0852
vn 0.2343 0.9684 -0.0853
vn 0.2303 0.9696 -0.0829
vn 0.2046 0.9757 -0.0787
vn 0.1985 0.9765 -0.0837
vn 0.1915 0.9779 -0.0837
vn 0.2168 0.9718 -0.0930
vn 0.2180 0.9711 -0.0972
vn 0.2135 0.9724 -0.0942
vn 0.0237 0.9968 -0.0767
vn 0.0376 0.9971 -0.0662
vn 0.0297 0.9962 -0.0816
vn 0.0202 0.9964 -0.0818
vn 0.0157 0.9965 -0.0820
vn 0.0267 0.9972 -0.0703
vn 0.0509 0.9977 -0.0445
vn 0.0529 0.9965 -0.0651
vn 0.0503 0.9959 -0.0751
vn 0.0313 0.9822 -0.1851
vn 0.0315 0.9828 -0.1821
vn 0.0368 0.9739 -0.2241
vn 0.0353 0.9745 -0.2215
vn 0.0332 0.9775 -0.2084
vn 0.0178 0.9906 -0.1353
vn 0.0202 0.9905 -0.1360
vn 0.0349 0.9817 -0.1871
vn 0.0046 0.9835 -0.1807
vn 0.0067 0.9880 -0.1546
vn 0.0035 0.9795 -0.2016
vn 0.0024 0.9879 -0.1552
vn 0.0027 0.9910 -0.1339
vn 0.0095 0.9909 -0.1342
vn 0.0108 0.9909 -0.1343
vn 0.0094 0.9884 -0.1514
vn 0.0042 0.9851 -0.1719
vn 0.0604 0.9958 -0.0692
vn 0.0777 0.9945 -0.0701
vn 0.0846 0.9943 -0.0653
vn 0.0721 0.9946 -0.0741
vn 0.1113 0.9920 -0.0590
vn 0.0654 0.9962 -0.0566
vn 0.0427 0.9974 -0.0577
vn 0.0439 0.9970 -0.0645
vn 0.0430 0.9967 -0.0686
vn 0.0638 0.9846 -0.1628
vn 0.0743 0.9701 -0.2312
vn 0.0947 0.9698 -0.2248
vn 0.0790 0.9788 -0.1888
vn 0.0638 0.9883 -0.1386
vn 0.0572 0.9889 -0.1375
vn 0.0494 0.9894 -0.1362
vn 0.0454 0.9812 -0.1873
vn 0.0554 0.9855 -0.1603
vn 0.0403 0.9736 -0.2248
vn 0.0407 0.9813 -0.1882
vn 0.0421 0.9861 -0.1608
vn 0.0433 0.9894 -0.1388
vn 0.0529 0.9888 -0.1395
vn 0.0600 0.9884 -0.1396
vn 0.0646 0.9881 -0.1395
vn 0.0621 0.9852 -0.1599
vn 0.0102 0.9973 -0.0731
vn 0.0028 0.9978 -0.0659
vn 0.0083 0.9979 -0.0635
vn 0.0199 0.9972 -0.0717
vn 0.0193 0.9972 -0.0724
vn 0.0144 0.9969 -0.0777
vn 0.0071 0.9970 -0.0767
vn 0.0228 0.9969 -0.0754
vn 0.0018 0.9975 -0.0709
vn 0.0003 0.9980 -0.0629
vn 0.0036 0.9982 -0.0599
vn 0.0437 0.9970 -0.0644
vn 0.0240 0.9983 -0.0525
vn 0.0536 0.9958 -0.0745
vn 0.0530 0.9960 -0.0714
vn 0.0340 0.9967 -0.0742
vn 0.0513 0.9961 -0.0714
vn 0.0544 0.9801 -0.1908
vn 0.0547 0.9805 -0.1885
vn 0.0494 0.9854 -0.1631
vn 0.0479 0.9856 -0.1619
vn 0.0647 0.9701 -0.2337
vn 0.0631 0.9724 -0.2246
vn 0.0516 0.9815 -0.1843
vn 0.0458 0.9860 -0.1602
vn 0.0410 0.9894 -0.1395
vn 0.0431 0.9891 -0.1409
vn 0.0447 0.9888 -0.1427
vn 0.0498 0.9880 -0.1459
vn 0.0526 0.9849 -0.1648
vn 0.0562 0.9798 -0.1920
vn 0.0521 0.9804 -0.1897
vn 0.0421 0.9863 -0.1594
vn 0.0675 0.9710 -0.2293
vn 0.0594 0.9796 -0.1918
vn 0.0504 0.9857 -0.1611
vn 0.0384 0.9900 -0.1355
vn 0.0371 0.9900 -0.1363
vn 0.0384 0.9897 -0.1378
vn 0.1964 0.9688 -0.1511
vn 0.1558 0.9802 -0.1225
vn 0.2333 0.9555 -0.1804
vn 0.1491 0.9752 -0.1635
vn 0.1562 0.9772 -0.1436
vn 0.1546 0.9807 -0.1196
vn 0.1487 0.9840 -0.0978
vn 0.2932 0.9443 -0.1498
vn 0.1175 0.9711 -0.2077
vn 0.1183 0.9728 -0.1992
vn 0.1878 0.9449 -0.2681
vn 0.1763 0.9535 -0.2445
vn 0.1609 0.9626 -0.2181
vn 0.1721 0.9628 -0.2082
vn 0.1784 0.9609 -0.2116
vn 0.0938 0.9941 -0.0538
vn 0.0910 0.9943 -0.0552
vn 0.0881 0.9947 -0.0530
vn 0.1279 0.9903 -0.0549
vn 0.1305 0.9896 -0.0605
vn 0.1381 0.9880 -0.0695
vn 0.1268 0.9886 -0.0817
vn 0.1364 0.9885 -0.0655
vn 0.1296 0.9902 -0.0524
vn 0.0933 0.9942 -0.0540
vn 0.0917 0.9942 -0.0559
vn 0.2120 0.9749 -0.0675
vn 0.2006 0.9772 -0.0694
vn 0.2148 0.9749 -0.0578
vn 0.1875 0.9790 -0.0802
vn 0.2088 0.9745 -0.0826
vn 0.1629 0.9841 -0.0714
vn 0.1777 0.9824 -0.0580
vn 0.2180 0.9745 -0.0530
vn 0.1871 0.9810 -0.0521
vn 0.1873 0.9801 -0.0659
vn 0.1680 0.9323 -0.3203
vn 0.1339 0.9487 -0.2865
vn 0.1280 0.9104 -0.3935
vn 0.0911 0.9479 -0.3051
vn 0.1164 0.9181 -0.3788
vn 0.1216 0.9638 -0.2373
vn 0.1463 0.9572 -0.2499
vn 0.1385 0.8802 -0.4540
vn 0.1429 0.9026 -0.4061
vn 0.1149 0.9911 -0.0672
vn 0.1085 0.9923 -0.0598
vn 0.1495 0.9864 -0.0681
vn 0.1720 0.9822 -0.0750
vn 0.1462 0.9866 -0.0731
vn 0.1215 0.9900 -0.0723
vn 0.0946 0.9930 -0.0712
vn 0.0883 0.9937 -0.0687
vn 0.0843 0.9943 -0.0658
vn 0.0978 0.9929 -0.0671
vn 0.0774 0.9947 -0.0684
vn 0.0793 0.9944 -0.0693
vn 0.0839 0.9938 -0.0730
vn 0.0913 0.9933 -0.0713
vn 0.0814 0.9937 -0.0771
vn 0.0535 0.9952 -0.0821
vn 0.0511 0.9954 -0.0808
vn 0.0514 0.9959 -0.0751
vn 0.0800 0.9926 -0.0911
vn 0.0395 0.9947 -0.0951
vn 0.0338 0.9955 -0.0880
vn 0.0574 0.9940 -0.0933
vn 0.0269 0.9964 -0.0808
vn 0.0373 0.9963 -0.0779
vn 0.0319 0.9959 -0.0844
vn 0.0621 0.9900 -0.1264
vn 0.0824 0.9882 -0.1290
vn 0.0843 0.9861 -0.1433
vn 0.0450 0.9929 -0.1102
vn 0.0612 0.9919 -0.1111
vn 0.1101 0.9827 -0.1488
vn 0.1122 0.9801 -0.1638
vn 0.0879 0.9841 -0.1546
vn 0.0452 0.9916 -0.1209
vn 0.0956 0.9792 -0.1788
vn 0.1007 0.9742 -0.2017
vn 0.0591 0.9868 -0.1506
vn 0.0729 0.9850 -0.1563
vn 0.1172 0.9771 -0.1775
vn 0.1259 0.9727 -0.1952
vn 0.0846 0.9678 -0.2371
vn 0.0699 0.9693 -0.2358
vn 0.0608 0.9841 -0.1668
vn 0.0280 0.9941 -0.1050
vn 0.0183 0.9958 -0.0895
vn 0.0111 0.9959 -0.0896
vn 0.0211 0.9946 -0.1014
vn 0.0122 0.9968 -0.0789
vn 0.0110 0.9967 -0.0805
vn 0.0123 0.9965 -0.0824
vn 0.0176 0.9960 -0.0880
vn 0.0081 0.9966 -0.0815
vn 0.0229 0.9953 -0.0940
vn 0.0523 0.9938 -0.0984
vn 0.0524 0.9949 -0.0859
vn 0.0444 0.9924 -0.1144
vn 0.0538 0.9918 -0.1158
vn 0.0617 0.9912 -0.1172
vn 0.0666 0.9907 -0.1185
vn 0.0691 0.9925 -0.1011
vn 0.0734 0.9934 -0.0884
vn 0.0791 0.9936 -0.0801
vn 0.0676 0.9946 -0.0789
vn 0.0541 0.9955 -0.0779
vn 0.0399 0.9962 -0.0768
vn 0.0397 0.9956 -0.0848
vn 0.0415 0.9944 -0.0970
vn 0.0244 0.9942 -0.1043
vn 0.0185 0.9944 -0.1040
vn 0.0257 0.9953 -0.0935
vn 0.0184 0.9955 -0.0934
vn 0.0337 0.9923 -0.1195
vn 0.0189 0.9928 -0.1185
vn 0.0163 0.9929 -0.1182
vn 0.0156 0.9945 -0.1038
vn 0.0151 0.9961 -0.0864
vn 0.0190 0.9961 -0.0864
vn 0.0274 0.9959 -0.0863
vn 0.0377 0.9949 -0.0936
vn 0.0352 0.9939 -0.1046
vn 0.0238 0.9950 -0.0969
vn 0.0185 0.9963 -0.0841
vn 0.0217 0.9963 -0.0836
vn 0.0315 0.9930 -0.1135
vn 0.0315 0.9930 -0.1136
vn 0.0359 0.9929 -0.1134
vn 0.0313 0.9949 -0.0961
vn 0.0290 0.9961 -0.0837
vn 0.0273 0.9967 -0.0760
vn 0.0189 0.9969 -0.0758
vn 0.0143 0.9970 -0.0762
vn 0.0123 0.9969 -0.0773
vn 0.0245 0.9948 -0.0987
vn 0.0607 0.9927 -0.1045
vn 0.0669 0.9906 -0.1194
vn 0.0488 0.9933 -0.1048
vn 0.0860 0.9928 -0.0830
vn 0.0863 0.9929 -0.0815
vn 0.0077 0.9946 -0.1032
vn 0.0055 0.9947 -0.1031
vn 0.0073 0.9956 -0.0931
vn 0.0052 0.9956 -0.0931
vn 0.0100 0.9930 -0.1174
vn 0.0084 0.9931 -0.1172
vn 0.0023 0.9932 -0.1168
vn 0.0021 0.9947 -0.1031
vn 0.0020 0.9957 -0.0931
vn 0.0051 0.9963 -0.0863
vn 0.0073 0.9962 -0.0863
vn 0.0083 0.9962 -0.0863
vn 0.0083 0.9956 -0.0931
vn 0.0089 0.9946 -0.1033
vn -0.0747 0.8770 -0.4746
vn -0.0807 0.9551 -0.2850
vn -0.0866 0.9545 -0.2854
vn -0.0858 0.9248 -0.3707
vn -0.0435 0.9584 -0.2822
vn -0.0090 0.8713 -0.4907
vn -0.0374 0.8697 -0.4922
vn -0.0388 0.9590 -0.2808
vn -0.0388 0.9261 -0.3753
vn -0.0038 0.9295 -0.3689
vn -0.2293 0.9714 -0.0619
vn -0.1884 0.9807 -0.0517
vn -0.1931 0.9793 -0.0611
vn -0.1983 0.9775 -0.0712
vn -0.2324 0.9700 -0.0721
vn -0.2312 0.9703 -0.0714
vn -0.2052 0.9762 -0.0697
vn -0.2021 0.9774 -0.0628
vn -0.4109 0.8796 -0.2397
vn -0.2983 0.9304 -0.2131
vn -0.3090 0.9201 -0.2408
vn -0.3620 0.9110 -0.1977
vn -0.3621 0.9109 -0.1978
vn -0.1867 0.9773 -0.0998
vn -0.1904 0.9759 -0.1065
vn -0.1695 0.9686 -0.1821
vn -0.1812 0.9661 -0.1837
vn -0.0955 0.8939 -0.4381
vn -0.0862 0.9296 -0.3584
vn -0.0758 0.9423 -0.3260
vn -0.0933 0.8824 -0.4611
vn -0.0737 0.9551 -0.2870
vn -0.0695 0.9600 -0.2714
vn -0.0760 0.9565 -0.2815
vn -0.0865 0.9270 -0.3650
vn -0.0692 0.9589 -0.2752
vn 0.0019 0.9984 -0.0568
vn -0.0019 0.9988 -0.0491
vn 0.0022 0.9986 -0.0523
vn 0.3834 0.1522 0.9110
vn 0.3833 0.1522 0.9110
vn -0.0153 0.9997 0.0183
vn -0.0071 0.9935 0.1135
vn -0.0106 0.9922 0.1239
vn -0.0378 0.9992 0.0124
vn 0.0028 0.9999 0.0161
vn 0.0053 1.0000 0.0084
vn -0.0496 0.9958 0.0764
vn -0.0557 0.9984 0.0117
vn -0.0383 0.9566 0.2887
vn -0.0976 0.9946 -0.0341
vn -0.1890 0.9814 0.0342
vn -0.0700 0.9970 -0.0341
vn -0.1047 0.9935 -0.0453
vn -0.0822 0.9957 -0.0417
vn -0.0904 0.9957 -0.0182
vn -0.0454 0.9982 -0.0400
vn -0.0531 0.9976 -0.0433
vn -0.1184 0.9915 -0.0533
vn -0.1207 0.9914 -0.0514
vn -0.0074 0.9976 -0.0688
vn -0.0043 0.9978 -0.0658
vn -0.0151 0.9976 -0.0682
vn -0.0126 0.9978 -0.0651
vn -0.0032 0.9976 -0.0698
vn -0.0000 0.9978 -0.0668
vn 0.0027 0.9980 -0.0633
vn -0.0010 0.9981 -0.0618
vn -0.0089 0.9981 -0.0604
vn -0.0223 0.9980 -0.0591
vn -0.0269 0.9973 -0.0681
vn -0.0272 0.9971 -0.0714
vn -0.0170 0.9973 -0.0713
vn -0.0107 0.9974 -0.0717
vn -0.1054 0.9917 -0.0730
vn -0.0957 0.9932 -0.0656
vn -0.1034 0.9920 -0.0723
vn -0.1035 0.9920 -0.0723
vn -0.1065 0.9920 -0.0674
vn -0.0850 0.9951 -0.0495
vn -0.0760 0.9950 -0.0648
vn -0.0056 0.9970 -0.0768
vn -0.0014 0.9976 -0.0688
vn -0.0041 0.9971 -0.0762
vn -0.0016 0.9977 -0.0671
vn -0.0081 0.9966 -0.0820
vn 0.0020 0.9983 -0.0576
vn 0.0008 0.9989 -0.0461
vn -0.0006 0.9978 -0.0663
vn -0.0014 0.9971 -0.0759
vn -0.0019 0.9967 -0.0816
vn -0.0051 0.9966 -0.0817
vn -0.0074 0.9966 -0.0817
vn -0.1746 0.9822 -0.0700
vn -0.1948 0.9789 -0.0616
vn -0.2278 0.9727 -0.0451
vn -0.2303 0.9712 -0.0604
vn -0.1526 0.9850 -0.0811
vn -0.2324 0.9680 -0.0942
vn -0.2059 0.9749 -0.0845
vn -0.2136 0.9724 -0.0941
vn -0.2181 0.9711 -0.0971
vn -0.2171 0.9717 -0.0929
vn -0.1984 0.9765 -0.0837
vn -0.2302 0.9696 -0.0829
vn -0.2344 0.9684 -0.0853
vn -0.0377 0.9971 -0.0662
vn -0.0238 0.9968 -0.0767
vn -0.0503 0.9959 -0.0751
vn -0.0529 0.9965 -0.0651
vn -0.0509 0.9977 -0.0445
vn -0.0268 0.9972 -0.0703
vn -0.0160 0.9965 -0.0820
vn -0.0204 0.9964 -0.0818
vn -0.0297 0.9962 -0.0816
vn -0.0367 0.9739 -0.2241
vn -0.0332 0.9866 -0.1595
vn -0.0330 0.9899 -0.1377
vn -0.0176 0.9906 -0.1354
vn -0.0332 0.9775 -0.2084
vn -0.0046 0.9835 -0.1806
vn -0.0066 0.9879 -0.1547
vn -0.0110 0.9909 -0.1343
vn -0.0096 0.9909 -0.1342
vn -0.0026 0.9910 -0.1339
vn -0.0026 0.9879 -0.1551
vn -0.0021 0.9833 -0.1822
vn -0.0011 0.9759 -0.2182
vn -0.0604 0.9958 -0.0692
vn -0.0777 0.9945 -0.0702
vn -0.0847 0.9943 -0.0653
vn -0.0413 0.9965 -0.0722
vn -0.0434 0.9967 -0.0685
vn -0.0438 0.9970 -0.0645
vn -0.0426 0.9974 -0.0577
vn -0.0655 0.9962 -0.0566
vn -0.1114 0.9920 -0.0590
vn -0.0722 0.9946 -0.0740
vn -0.0571 0.9957 -0.0731
vn -0.0737 0.9782 -0.1940
vn -0.0637 0.9846 -0.1628
vn -0.0740 0.9701 -0.2312
vn -0.0493 0.9895 -0.1362
vn -0.0570 0.9889 -0.1375
vn -0.0633 0.9883 -0.1386
vn -0.0663 0.9880 -0.1392
vn -0.0697 0.9844 -0.1615
vn -0.0966 0.9675 -0.2338
vn -0.0554 0.9855 -0.1603
vn -0.0455 0.9812 -0.1873
vn -0.0498 0.9857 -0.1612
vn -0.0622 0.9852 -0.1599
vn -0.0645 0.9881 -0.1395
vn -0.0530 0.9888 -0.1395
vn -0.0422 0.9861 -0.1608
vn -0.0408 0.9813 -0.1882
vn -0.0102 0.9973 -0.0731
vn -0.0193 0.9972 -0.0724
vn -0.0199 0.9972 -0.0718
vn -0.0083 0.9979 -0.0635
vn -0.0073 0.9980 -0.0624
vn -0.0027 0.9978 -0.0659
vn -0.0034 0.9974 -0.0719
vn -0.0144 0.9969 -0.0777
vn -0.0070 0.9970 -0.0767
vn -0.0530 0.9960 -0.0713
vn -0.0510 0.9962 -0.0713
vn -0.0340 0.9967 -0.0743
vn -0.0537 0.9958 -0.0745
vn -0.0437 0.9970 -0.0644
vn -0.0211 0.9985 -0.0513
vn 0.0003 0.9977 -0.0672
vn -0.0036 0.9982 -0.0600
vn -0.0063 0.9971 -0.0757
vn -0.0543 0.9801 -0.1909
vn -0.0486 0.9854 -0.1632
vn -0.0546 0.9805 -0.1886
vn -0.0477 0.9857 -0.1619
vn -0.0643 0.9701 -0.2339
vn -0.0531 0.9849 -0.1647
vn -0.0497 0.9880 -0.1459
vn -0.0445 0.9888 -0.1427
vn -0.0429 0.9891 -0.1410
vn -0.0409 0.9894 -0.1395
vn -0.0515 0.9815 -0.1843
vn -0.0598 0.9747 -0.2152
vn -0.0630 0.9724 -0.2246
vn -0.0626 0.9711 -0.2301
vn -0.0446 0.9817 -0.1853
vn -0.0424 0.9863 -0.1594
vn -0.0528 0.9804 -0.1896
vn -0.0448 0.9767 -0.2099
vn -0.0444 0.9823 -0.1818
vn -0.0427 0.9864 -0.1589
vn -0.0383 0.9897 -0.1378
vn -0.0383 0.9900 -0.1355
vn -0.0502 0.9857 -0.1611
vn -0.0592 0.9796 -0.1919
vn -0.0681 0.9710 -0.2292
vn -0.1578 0.9770 -0.1435
vn -0.1558 0.9802 -0.1225
vn -0.1558 0.9802 -0.1226
vn -0.2332 0.9556 -0.1803
vn -0.2705 0.9479 -0.1683
vn -0.1486 0.9840 -0.0978
vn -0.1563 0.9772 -0.1436
vn -0.1543 0.9673 -0.2013
vn -0.2161 0.9550 -0.2033
vn -0.1729 0.9543 -0.2437
vn -0.1874 0.9487 -0.2545
vn -0.1802 0.9557 -0.2330
vn -0.1462 0.9641 -0.2216
vn -0.1786 0.9609 -0.2116
vn -0.1720 0.9629 -0.2082
vn -0.1487 0.9695 -0.1949
vn -0.1894 0.9447 -0.2679
vn -0.1879 0.9449 -0.2681
vn -0.0911 0.9943 -0.0552
vn -0.0952 0.9937 -0.0597
vn -0.1382 0.9880 -0.0694
vn -0.1307 0.9896 -0.0605
vn -0.1278 0.9903 -0.0549
vn -0.0882 0.9947 -0.0529
vn -0.1332 0.9885 -0.0722
vn -0.1333 0.9885 -0.0722
vn -0.1294 0.9902 -0.0525
vn -0.1363 0.9885 -0.0655
vn -0.1268 0.9886 -0.0818
vn -0.2121 0.9749 -0.0674
vn -0.2149 0.9749 -0.0577
vn -0.2007 0.9772 -0.0694
vn -0.1874 0.9790 -0.0803
vn -0.1876 0.9800 -0.0658
vn -0.1879 0.9808 -0.0518
vn -0.2180 0.9745 -0.0529
vn -0.2115 0.9758 -0.0551
vn -0.1776 0.9824 -0.0580
vn -0.1629 0.9841 -0.0713
vn -0.2089 0.9745 -0.0825
vn -0.1277 0.9104 -0.3936
vn -0.1339 0.9487 -0.2865
vn -0.1679 0.9323 -0.3203
vn -0.1430 0.8751 -0.4623
vn -0.1408 0.8797 -0.4543
vn -0.1428 0.9026 -0.4061
vn -0.1385 0.8802 -0.4539
vn -0.1463 0.9572 -0.2499
vn -0.1216 0.9638 -0.2373
vn -0.1822 0.9416 -0.2832
vn -0.1815 0.9430 -0.2789
vn -0.0911 0.9479 -0.3051
vn -0.1163 0.9180 -0.3792
vn -0.1149 0.9911 -0.0673
vn -0.1445 0.9868 -0.0736
vn -0.0843 0.9943 -0.0659
vn -0.0882 0.9937 -0.0687
vn -0.0947 0.9930 -0.0712
vn -0.1216 0.9899 -0.0722
vn -0.1461 0.9866 -0.0731
vn -0.1721 0.9822 -0.0749
vn -0.1496 0.9864 -0.0681
vn -0.1086 0.9923 -0.0597
vn -0.0839 0.9938 -0.0730
vn -0.0793 0.9944 -0.0693
vn -0.0774 0.9947 -0.0684
vn -0.0978 0.9929 -0.0671
vn -0.1560 0.9859 -0.0612
vn -0.1700 0.9830 -0.0687
vn -0.0511 0.9954 -0.0808
vn -0.0535 0.9952 -0.0821
vn -0.0814 0.9937 -0.0770
vn -0.0514 0.9959 -0.0751
vn -0.0269 0.9964 -0.0807
vn -0.0317 0.9959 -0.0850
vn -0.0374 0.9963 -0.0776
vn -0.0395 0.9947 -0.0951
vn -0.0338 0.9956 -0.0879
vn -0.1123 0.9897 -0.0890
vn -0.0801 0.9926 -0.0911
vn -0.0627 0.9900 -0.1261
vn -0.0822 0.9882 -0.1292
vn -0.0448 0.9929 -0.1102
vn -0.0453 0.9916 -0.1209
vn -0.0497 0.9903 -0.1299
vn -0.0555 0.9887 -0.1392
vn -0.0878 0.9841 -0.1546
vn -0.1122 0.9801 -0.1638
vn -0.1100 0.9827 -0.1489
vn -0.1109 0.9877 -0.1104
vn -0.0813 0.9905 -0.1110
vn -0.0610 0.9919 -0.1112
vn -0.0743 0.9826 -0.1705
vn -0.0955 0.9792 -0.1788
vn -0.0600 0.9868 -0.1504
vn -0.0607 0.9841 -0.1669
vn -0.0620 0.9793 -0.1925
vn -0.0698 0.9693 -0.2358
vn -0.0846 0.9678 -0.2372
vn -0.1143 0.9639 -0.2405
vn -0.1259 0.9726 -0.1952
vn -0.1173 0.9771 -0.1775
vn -0.0919 0.9821 -0.1646
vn -0.0735 0.9850 -0.1561
vn -0.0211 0.9946 -0.1013
vn -0.0111 0.9959 -0.0896
vn -0.0446 0.9903 -0.1319
vn -0.0229 0.9953 -0.0939
vn -0.0124 0.9965 -0.0824
vn -0.0178 0.9960 -0.0877
vn -0.0123 0.9968 -0.0789
vn -0.0190 0.9960 -0.0875
vn -0.0110 0.9967 -0.0806
vn -0.0348 0.9922 -0.1195
vn -0.0526 0.9938 -0.0983
vn -0.0525 0.9949 -0.0859
vn -0.0643 0.9941 -0.0871
vn -0.0441 0.9924 -0.1145
vn -0.0414 0.9944 -0.0970
vn -0.0397 0.9956 -0.0847
vn -0.0400 0.9962 -0.0768
vn -0.0542 0.9955 -0.0778
vn -0.0677 0.9946 -0.0789
vn -0.0792 0.9936 -0.0801
vn -0.0665 0.9907 -0.1185
vn -0.0618 0.9912 -0.1172
vn -0.0537 0.9918 -0.1158
vn -0.0258 0.9953 -0.0935
vn -0.0187 0.9944 -0.1039
vn -0.0185 0.9955 -0.0934
vn -0.0338 0.9923 -0.1195
vn -0.0351 0.9939 -0.1046
vn -0.0378 0.9949 -0.0935
vn -0.0276 0.9959 -0.0863
vn -0.0191 0.9961 -0.0864
vn -0.0153 0.9961 -0.0863
vn -0.0154 0.9945 -0.1038
vn -0.0161 0.9929 -0.1182
vn -0.0190 0.9928 -0.1185
vn -0.0237 0.9950 -0.0969
vn -0.0184 0.9963 -0.0842
vn -0.0216 0.9963 -0.0836
vn -0.0244 0.9948 -0.0987
vn -0.0179 0.9962 -0.0855
vn -0.0190 0.9969 -0.0757
vn -0.0272 0.9967 -0.0760
vn -0.0359 0.9929 -0.1134
vn -0.0314 0.9930 -0.1136
vn -0.0762 0.9929 -0.0913
vn -0.0678 0.9934 -0.0926
vn -0.0671 0.9906 -0.1194
vn -0.0714 0.9922 -0.1023
vn -0.0863 0.9929 -0.0814
vn -0.0861 0.9928 -0.0830
vn -0.0770 0.9934 -0.0846
vn -0.0489 0.9933 -0.1048
vn -0.0076 0.9946 -0.1033
vn -0.0074 0.9956 -0.0930
vn -0.0054 0.9946 -0.1032
vn -0.0052 0.9956 -0.0930
vn -0.0096 0.9930 -0.1176
vn -0.0087 0.9946 -0.1034
vn -0.0085 0.9956 -0.0930
vn -0.0086 0.9962 -0.0862
vn -0.0075 0.9962 -0.0862
vn -0.0053 0.9963 -0.0863
vn -0.0020 0.9957 -0.0930
vn -0.0020 0.9947 -0.1031
vn -0.0022 0.9932 -0.1168
vn -0.0059 0.9931 -0.1170
vn -0.0083 0.9931 -0.1173
vn 0.1530 0.8506 -0.5031
vn 0.1452 0.8400 -0.5229
vn 0.0676 0.7898 -0.6097
vn 0.1937 0.9778 -0.0799
vn 0.0783 0.8080 -0.5840
vn 0.1287 0.9901 -0.0558
vn 0.2465 0.9665 -0.0707
vn -0.0676 0.7898 -0.6097
vn -0.0175 0.7890 -0.6142
vn -0.1172 0.8612 -0.4947
vn -0.2678 0.9629 -0.0324
vn 0.1542 0.8473 -0.5083
vn -0.1286 0.9901 -0.0558
vn -0.1529 0.8505 -0.5032
vn -0.1530 0.8506 -0.5032
vn -0.2276 0.9155 -0.3318
vn 0.2994 0.8778 -0.3739
vn -0.1947 0.9021 -0.3852
vn -0.1951 0.9020 -0.3852
vn 0.0112 0.7846 -0.6199
vn 0.0112 0.7845 -0.6200
vn 0.0223 0.7872 -0.6163
vn 0.0229 0.7872 -0.6162
vn -0.1541 0.8473 -0.5083
vn -0.1542 0.8472 -0.5084
vn -0.0378 0.7875 -0.6151
vn -0.1452 0.8399 -0.5229
vn -0.1937 0.9778 -0.0799
vn 0.1955 0.9019 -0.3851
vn 0.1954 0.9019 -0.3852
vn -0.0235 0.7872 -0.6163
vn -0.0223 0.7872 -0.6163
vn 0.0175 0.7890 -0.6142
vn -0.1732 0.8817 -0.4389
vn -0.1543 0.8513 -0.5015
vn -0.1543 0.8512 -0.5016
vn -0.1358 0.8679 -0.4778
vn -0.0112 0.7845 -0.6200
vn 0.2276 0.9155 -0.3318
vn 0.1543 0.8512 -0.5016
vn 0.1544 0.8513 -0.5014
vn -0.1360 0.9882 -0.0709
vn -0.0928 0.8282 -0.5526
vn 0.0928 0.8282 -0.5526
vn -0.2996 0.8778 -0.3738
vn -0.1028 0.8536 -0.5106
vt 0.000000 0.000000
vt 0.602301 0.413632
vt 0.597614 0.421875
vt 0.597481 0.414022
vt 0.605806 0.412488
vt 0.603183 0.421875
vt 0.606436 0.425720
vt 0.606457 0.418030
vt 0.607776 0.421875
vt 0.602272 0.430118
vt 0.605762 0.431262
vt 0.597465 0.429728
vt 0.602116 0.406250
vt 0.597386 0.406250
vt 0.608211 0.406250
vt 0.605655 0.406250
vt 0.608289 0.411370
vt 0.609183 0.424177
vt 0.609198 0.419573
vt 0.609705 0.421875
vt 0.608574 0.427789
vt 0.608609 0.415961
vt 0.605589 0.437500
vt 0.608232 0.432380
vt 0.608135 0.437500
vt 0.602066 0.437500
vt 0.597354 0.437500
vt 0.601973 0.382382
vt 0.597555 0.390625
vt 0.597217 0.382772
vt 0.605536 0.381238
vt 0.603139 0.390625
vt 0.606477 0.394470
vt 0.606400 0.386780
vt 0.607803 0.390625
vt 0.602307 0.398868
vt 0.605819 0.400012
vt 0.597482 0.398478
vt 0.601304 0.375000
vt 0.596734 0.375000
vt 0.607825 0.375000
vt 0.604992 0.375000
vt 0.608127 0.380120
vt 0.609234 0.392927
vt 0.609220 0.388323
vt 0.609782 0.390625
vt 0.608633 0.396539
vt 0.608572 0.384711
vt 0.608302 0.401130
vt 0.383676 0.328662
vt 0.329725 0.279168
vt 0.366906 0.314180
vt 0.349539 0.295948
vt 0.311489 0.258984
vt 0.310748 0.263079
vt 0.350799 0.300257
vt 0.290991 0.241821
vt 0.439982 0.380140
vt 0.426642 0.368262
vt 0.400787 0.343430
vt 0.369849 0.313126
vt 0.333059 0.277003
vt 0.355425 0.295632
vt 0.343065 0.278715
vt 0.321674 0.261042
vt 0.301676 0.244443
vt 0.283152 0.229024
vt 0.271840 0.225761
vt 0.292950 0.247972
vt 0.335676 0.287166
vt 0.400997 0.345394
vt 0.389209 0.334850
vt 0.413561 0.356605
vt 0.586258 0.511557
vt 0.585011 0.512056
vt 0.582189 0.508891
vt 0.587331 0.514952
vt 0.594189 0.505005
vt 0.585700 0.501922
vt 0.594791 0.502604
vt 0.593880 0.508138
vt 0.585587 0.506807
vt 0.580764 0.507052
vt 0.582775 0.504338
vt 0.593750 0.515625
vt 0.589452 0.515566
vt 0.593766 0.511760
vt 0.588336 0.516431
vt 0.593489 0.519221
vt 0.591598 0.520935
vt 0.519010 0.439206
vt 0.488675 0.411020
vt 0.502807 0.427404
vt 0.508005 0.426041
vt 0.482532 0.400671
vt 0.469603 0.396154
vt 0.487138 0.416135
vt 0.461785 0.383880
vt 0.546756 0.463901
vt 0.533525 0.454969
vt 0.535486 0.451325
vt 0.527081 0.440880
vt 0.503979 0.418015
vt 0.524678 0.434888
vt 0.509345 0.416557
vt 0.487830 0.398773
vt 0.467978 0.382353
vt 0.449323 0.366760
vt 0.441553 0.367331
vt 0.450462 0.380882
vt 0.471284 0.404229
vt 0.509111 0.439510
vt 0.501298 0.437100
vt 0.520768 0.446593
vt 0.602241 0.444881
vt 0.597499 0.453023
vt 0.597437 0.445259
vt 0.605735 0.443739
vt 0.603083 0.453143
vt 0.607711 0.453144
vt 0.606382 0.449284
vt 0.602003 0.461417
vt 0.606431 0.457126
vt 0.605864 0.462986
vt 0.597151 0.460631
vt 0.608209 0.442620
vt 0.609133 0.455455
vt 0.609121 0.450823
vt 0.609632 0.453125
vt 0.608530 0.447211
vt 0.605648 0.469387
vt 0.608736 0.464412
vt 0.610111 0.471354
vt 0.601375 0.468677
vt 0.608664 0.459258
vt 0.596643 0.467904
vt 0.625372 0.527344
vt 0.625000 0.526597
vt 0.625000 0.523438
vt 0.667497 0.502762
vt 0.663869 0.507094
vt 0.662252 0.503403
vt 0.671883 0.501487
vt 0.671953 0.506156
vt 0.680252 0.506952
vt 0.676332 0.502737
vt 0.681751 0.503303
vt 0.679750 0.511167
vt 0.671946 0.511080
vt 0.664259 0.511265
vt 0.656250 0.500000
vt 0.656847 0.503668
vt 0.660156 0.500000
vt 0.657118 0.507465
vt 0.675781 0.500000
vt 0.667969 0.500000
vt 0.671875 0.500000
vt 0.679688 0.500000
vt 0.664063 0.500000
vt 0.687500 0.503429
vt 0.683594 0.500000
vt 0.687500 0.500000
vt 0.687500 0.507118
vt 0.687500 0.511241
vt 0.656847 0.511480
vt 0.641611 0.503903
vt 0.646559 0.503876
vt 0.644640 0.507769
vt 0.638686 0.507807
vt 0.651619 0.503806
vt 0.650757 0.507666
vt 0.642653 0.511689
vt 0.635752 0.511715
vt 0.649666 0.511618
vt 0.640625 0.500000
vt 0.636719 0.503906
vt 0.644531 0.500000
vt 0.648438 0.500000
vt 0.652344 0.500000
vt 0.632813 0.507813
vt 0.628906 0.511719
vt 0.729926 0.502740
vt 0.726006 0.506956
vt 0.724501 0.503304
vt 0.734375 0.501491
vt 0.734375 0.506187
vt 0.742744 0.507239
vt 0.738824 0.502790
vt 0.744249 0.503504
vt 0.734375 0.511109
vt 0.742242 0.511365
vt 0.726508 0.511171
vt 0.722656 0.500000
vt 0.718750 0.503429
vt 0.718750 0.500000
vt 0.726563 0.500000
vt 0.718750 0.507118
vt 0.738281 0.500000
vt 0.730469 0.500000
vt 0.734375 0.500000
vt 0.742188 0.500000
vt 0.750000 0.503906
vt 0.746094 0.500000
vt 0.750000 0.500000
vt 0.750000 0.507813
vt 0.750000 0.511719
vt 0.718750 0.511241
vt 0.698676 0.502733
vt 0.694757 0.506949
vt 0.693251 0.503303
vt 0.707574 0.502733
vt 0.703125 0.501484
vt 0.711494 0.506949
vt 0.712999 0.503303
vt 0.710992 0.511164
vt 0.703125 0.511052
vt 0.703125 0.506125
vt 0.695258 0.511164
vt 0.691406 0.500000
vt 0.707031 0.500000
vt 0.699219 0.500000
vt 0.703125 0.500000
vt 0.710938 0.500000
vt 0.695313 0.500000
vt 0.714844 0.500000
vt 0.488098 0.406090
vt 0.506344 0.424497
vt 0.387706 0.325598
vt 0.351198 0.292653
vt 0.522062 0.440709
vt 0.419682 0.354625
vt 0.269098 0.226766
vt 0.214301 0.179225
vt 0.317368 0.268738
vt 0.595450 0.502474
vt 0.517051 0.439305
vt 0.444174 0.377203
vt 0.355760 0.302283
vt 0.215002 0.182892
vt 0.150510 0.127975
vt 0.077407 0.065802
vt 0.156250 0.128906
vt 0.312500 0.257813
vt 0.468750 0.386719
vt 0.256936 0.199380
vt 0.356788 0.272980
vt 0.244562 0.189110
vt 0.269294 0.209636
vt 0.365254 0.279998
vt 0.498250 0.379944
vt 0.373692 0.286993
vt 0.501769 0.382877
vt 0.176189 0.139882
vt 0.232178 0.178833
vt 0.161458 0.127604
vt 0.190915 0.152155
vt 0.205631 0.164421
vt 0.220334 0.176677
vt 0.281624 0.219871
vt 0.382086 0.293953
vt 0.505247 0.385777
vt 0.508662 0.388627
vt 0.650380 0.495275
vt 0.652383 0.496887
vt 0.654330 0.498455
vt 0.494710 0.376994
vt 0.348307 0.265951
vt 0.619571 0.449532
vt 0.621296 0.445414
vt 0.621296 0.449561
vt 0.619571 0.445405
vt 0.621297 0.441419
vt 0.623123 0.449438
vt 0.623123 0.441414
vt 0.623123 0.445378
vt 0.618007 0.453671
vt 0.619576 0.453867
vt 0.618001 0.449449
vt 0.618000 0.445381
vt 0.619573 0.441418
vt 0.618002 0.441415
vt 0.619577 0.437500
vt 0.621300 0.437500
vt 0.623125 0.437500
vt 0.625000 0.437500
vt 0.625000 0.441406
vt 0.625000 0.445313
vt 0.625000 0.449219
vt 0.625000 0.453125
vt 0.623125 0.453645
vt 0.621300 0.453937
vt 0.619605 0.414063
vt 0.621317 0.417969
vt 0.619600 0.417969
vt 0.619609 0.410156
vt 0.621320 0.414063
vt 0.623133 0.417969
vt 0.621323 0.410156
vt 0.623135 0.414063
vt 0.618034 0.417969
vt 0.619595 0.421875
vt 0.618028 0.421875
vt 0.618040 0.414063
vt 0.618046 0.410156
vt 0.619612 0.406250
vt 0.621325 0.406250
vt 0.623136 0.410156
vt 0.623138 0.406250
vt 0.625000 0.410156
vt 0.625000 0.414063
vt 0.625000 0.417969
vt 0.625000 0.421875
vt 0.623131 0.421875
vt 0.621313 0.421875
vt 0.619606 0.382813
vt 0.621325 0.386719
vt 0.619609 0.386719
vt 0.619603 0.378906
vt 0.621324 0.382813
vt 0.623138 0.386719
vt 0.621323 0.378906
vt 0.623138 0.382813
vt 0.618046 0.390625
vt 0.619612 0.390625
vt 0.618040 0.386719
vt 0.618034 0.382813
vt 0.618028 0.378906
vt 0.619601 0.375000
vt 0.621322 0.375000
vt 0.623137 0.375000
vt 0.623137 0.378906
vt 0.625000 0.375000
vt 0.625000 0.378906
vt 0.625000 0.382813
vt 0.625000 0.386719
vt 0.625000 0.390625
vt 0.623138 0.390625
vt 0.621325 0.390625
vt 0.272635 0.232342
vt 0.204556 0.172723
vt 0.260723 0.221965
vt 0.218617 0.184702
vt 0.176588 0.145743
vt 0.190495 0.160743
vt 0.248810 0.211589
vt 0.161415 0.132992
vt 0.349475 0.299051
vt 0.340231 0.290695
vt 0.284547 0.242718
vt 0.232676 0.196680
vt 0.191756 0.158491
vt 0.206919 0.171234
vt 0.146240 0.120239
vt 0.176432 0.148763
vt 0.236898 0.201213
vt 0.312500 0.265625
vt 0.321744 0.273982
vt 0.330987 0.282338
vt 0.471367 0.404236
vt 0.398490 0.340288
vt 0.467113 0.399666
vt 0.382038 0.325490
vt 0.459180 0.391586
vt 0.474856 0.408051
vt 0.408521 0.349568
vt 0.415475 0.356214
vt 0.339514 0.290090
vt 0.325247 0.277501
vt 0.302371 0.257655
vt 0.266579 0.226925
vt 0.489949 0.424147
vt 0.429026 0.369262
vt 0.485059 0.418883
vt 0.422127 0.362624
vt 0.479665 0.413167
vt 0.494675 0.429240
vt 0.436209 0.376149
vt 0.443893 0.383474
vt 0.378370 0.325122
vt 0.368307 0.316061
vt 0.358762 0.307445
vt 0.321751 0.275087
vt 0.261295 0.221055
vt 0.308806 0.263837
vt 0.276553 0.234036
vt 0.237766 0.197155
vt 0.246796 0.208709
vt 0.296513 0.253140
vt 0.222143 0.184028
vt 0.254196 0.210953
vt 0.266101 0.214820
vt 0.250209 0.201578
vt 0.235084 0.188972
vt 0.619614 0.402344
vt 0.621326 0.398438
vt 0.621326 0.402344
vt 0.619614 0.398438
vt 0.621326 0.394531
vt 0.623138 0.398438
vt 0.623138 0.402344
vt 0.623138 0.394531
vt 0.618049 0.406250
vt 0.618051 0.402344
vt 0.618050 0.398438
vt 0.619613 0.394531
vt 0.618048 0.394531
vt 0.625000 0.394531
vt 0.625000 0.398438
vt 0.625000 0.402344
vt 0.625000 0.406250
vt 0.610105 0.401838
vt 0.611476 0.398221
vt 0.611439 0.402195
vt 0.610241 0.397685
vt 0.611548 0.394382
vt 0.612482 0.398410
vt 0.612481 0.402325
vt 0.612485 0.394513
vt 0.610067 0.406250
vt 0.610491 0.393985
vt 0.610781 0.390625
vt 0.612489 0.390625
vt 0.613392 0.390625
vt 0.613400 0.394531
vt 0.613407 0.398438
vt 0.613411 0.402344
vt 0.612479 0.406250
vt 0.613411 0.406250
vt 0.611426 0.406250
vt 0.610473 0.387266
vt 0.611426 0.383030
vt 0.611524 0.386868
vt 0.610192 0.383565
vt 0.611357 0.379056
vt 0.612426 0.382840
vt 0.612457 0.386737
vt 0.612399 0.378925
vt 0.609999 0.379412
vt 0.609864 0.375000
vt 0.611303 0.375000
vt 0.612373 0.375000
vt 0.613303 0.375000
vt 0.613325 0.378906
vt 0.613347 0.382813
vt 0.613369 0.386719
vt 0.611639 0.390625
vt 0.619581 0.433594
vt 0.621306 0.429688
vt 0.621303 0.433594
vt 0.619586 0.429688
vt 0.621309 0.425781
vt 0.623128 0.429688
vt 0.623126 0.433594
vt 0.623130 0.425781
vt 0.618007 0.437500
vt 0.618012 0.433594
vt 0.618016 0.429688
vt 0.619590 0.425781
vt 0.618022 0.425781
vt 0.625000 0.425781
vt 0.625000 0.429688
vt 0.625000 0.433594
vt 0.610034 0.433088
vt 0.611420 0.429471
vt 0.611372 0.433445
vt 0.610180 0.428935
vt 0.611496 0.425632
vt 0.612433 0.429660
vt 0.612422 0.433575
vt 0.612448 0.425763
vt 0.609988 0.437500
vt 0.610425 0.425234
vt 0.611544 0.421875
vt 0.612461 0.421875
vt 0.613377 0.421875
vt 0.613370 0.425781
vt 0.613365 0.429688
vt 0.613360 0.433594
vt 0.612414 0.437500
vt 0.613355 0.437500
vt 0.611354 0.437500
vt 0.610446 0.418516
vt 0.611460 0.414280
vt 0.611517 0.418118
vt 0.610221 0.414815
vt 0.611430 0.410305
vt 0.612470 0.414090
vt 0.612467 0.417987
vt 0.612474 0.410175
vt 0.610577 0.421875
vt 0.610095 0.410662
vt 0.613406 0.410156
vt 0.613397 0.414063
vt 0.613387 0.417969
vt 0.619314 0.462675
vt 0.619345 0.466689
vt 0.618601 0.465966
vt 0.619555 0.458401
vt 0.621278 0.464388
vt 0.623149 0.458003
vt 0.621302 0.458639
vt 0.623115 0.466608
vt 0.623345 0.462202
vt 0.623932 0.465650
vt 0.622061 0.467163
vt 0.622948 0.467706
vt 0.621425 0.467760
vt 0.620592 0.467165
vt 0.619518 0.467714
vt 0.617694 0.465603
vt 0.617731 0.468750
vt 0.617381 0.468750
vt 0.617921 0.462097
vt 0.618069 0.468750
vt 0.618006 0.458012
vt 0.625000 0.457031
vt 0.624626 0.468750
vt 0.625000 0.464844
vt 0.625000 0.468750
vt 0.624253 0.468750
vt 0.625000 0.460938
vt 0.623505 0.468750
vt 0.623879 0.468750
vt 0.622585 0.468750
vt 0.623045 0.468750
vt 0.621665 0.468750
vt 0.622125 0.468750
vt 0.620930 0.468750
vt 0.618724 0.468750
vt 0.619459 0.468750
vt 0.618398 0.468750
vt 0.620195 0.468750
vt 0.610394 0.464857
vt 0.611421 0.460821
vt 0.611464 0.464894
vt 0.610250 0.460347
vt 0.611454 0.456928
vt 0.612404 0.461073
vt 0.612375 0.464948
vt 0.612418 0.457145
vt 0.610803 0.469849
vt 0.610380 0.456509
vt 0.610509 0.453128
vt 0.611487 0.453147
vt 0.612418 0.453198
vt 0.613350 0.453299
vt 0.613358 0.457343
vt 0.613330 0.461306
vt 0.613238 0.465085
vt 0.612337 0.468791
vt 0.613106 0.468750
vt 0.611557 0.469076
vt 0.610371 0.449767
vt 0.611388 0.445532
vt 0.611451 0.449377
vt 0.610142 0.446066
vt 0.611356 0.441556
vt 0.612408 0.445349
vt 0.612413 0.449268
vt 0.612409 0.441426
vt 0.610014 0.441912
vt 0.613349 0.441409
vt 0.613345 0.445334
vt 0.613344 0.449292
vt 0.563618 0.487228
vt 0.575367 0.504065
vt 0.578677 0.503371
vt 0.539003 0.465801
vt 0.557105 0.484838
vt 0.572082 0.504790
vt 0.530090 0.461285
vt 0.550794 0.482691
vt 0.582002 0.502694
vt 0.593750 0.519531
vt 0.570253 0.489763
vt 0.548580 0.471109
vt 0.558505 0.476832
vt 0.521857 0.457587
vt 0.544605 0.480688
vt 0.568813 0.505533
vt 0.584630 0.517608
vt 0.593750 0.523522
vt 0.593750 0.523438
vt 0.591985 0.500674
vt 0.583564 0.494882
vt 0.588657 0.501347
vt 0.590219 0.497441
vt 0.578471 0.488416
vt 0.576908 0.492322
vt 0.585329 0.502021
vt 0.568488 0.482624
vt 0.593750 0.500000
vt 0.593750 0.503906
vt 0.595312 0.500000
vt 0.596874 0.500000
vt 0.588454 0.494208
vt 0.598437 0.500000
vt 0.586688 0.490975
vt 0.573378 0.481951
vt 0.560067 0.472926
vt 0.593750 0.511719
vt 0.593750 0.507813
vt 0.584934 0.487751
vt 0.563937 0.469575
vt 0.568378 0.475555
vt 0.583250 0.484579
vt 0.560429 0.464290
vt 0.545474 0.455204
vt 0.551927 0.463437
vt 0.542100 0.449265
vt 0.599999 0.500000
vt 0.601561 0.500000
vt 0.603123 0.500000
vt 0.581683 0.481494
vt 0.604685 0.500000
vt 0.580186 0.478461
vt 0.557479 0.459422
vt 0.541485 0.445384
vt 0.535558 0.438847
vt 0.504954 0.440026
vt 0.535750 0.469294
vt 0.541888 0.475605
vt 0.510079 0.445286
vt 0.461160 0.399779
vt 0.452258 0.391394
vt 0.499749 0.434611
vt 0.543465 0.477776
vt 0.541961 0.475734
vt 0.515654 0.450996
vt 0.470399 0.408450
vt 0.479869 0.417330
vt 0.557973 0.493810
vt 0.528929 0.464593
vt 0.553660 0.489388
vt 0.535371 0.471005
vt 0.499132 0.435414
vt 0.522135 0.457666
vt 0.548205 0.483271
vt 0.489481 0.426356
vt 0.561643 0.497016
vt 0.541544 0.477045
vt 0.508739 0.444407
vt 0.518312 0.453354
vt 0.480131 0.415887
vt 0.466748 0.403971
vt 0.453365 0.392056
vt 0.453620 0.389325
vt 0.410731 0.347674
vt 0.435584 0.373576
vt 0.430828 0.364633
vt 0.400403 0.333026
vt 0.390331 0.330431
vt 0.418022 0.358317
vt 0.378181 0.314535
vt 0.483415 0.419809
vt 0.421350 0.350537
vt 0.431196 0.351404
vt 0.411680 0.334994
vt 0.389321 0.316590
vt 0.365771 0.297354
vt 0.453486 0.392201
vt 0.467721 0.405133
vt 0.600656 0.475756
vt 0.594720 0.480738
vt 0.596004 0.474767
vt 0.605149 0.475028
vt 0.599455 0.484638
vt 0.605298 0.484458
vt 0.604819 0.480183
vt 0.598092 0.493472
vt 0.602341 0.488939
vt 0.600202 0.494376
vt 0.594570 0.488713
vt 0.595392 0.494525
vt 0.592153 0.484771
vt 0.590013 0.478574
vt 0.590817 0.473373
vt 0.609509 0.473755
vt 0.606035 0.488281
vt 0.608501 0.480509
vt 0.608047 0.484375
vt 0.608980 0.476888
vt 0.598453 0.500041
vt 0.602011 0.496094
vt 0.597005 0.500326
vt 0.604023 0.492188
vt 0.591500 0.495996
vt 0.595752 0.501099
vt 0.590163 0.490877
vt 0.586955 0.484714
vt 0.588546 0.487071
vt 0.588527 0.482407
vt 0.512011 0.391424
vt 0.399001 0.307982
vt 0.515365 0.394228
vt 0.390462 0.300899
vt 0.306619 0.240618
vt 0.407925 0.315385
vt 0.518810 0.397110
vt 0.319882 0.251627
vt 0.648294 0.493597
vt 0.646093 0.491825
vt 0.293976 0.230123
vt 0.334092 0.263420
vt 0.417455 0.323291
vt 0.522433 0.400144
vt 0.641115 0.487819
vt 0.638219 0.485488
vt 0.643720 0.489915
vt 0.526379 0.403439
vt 0.439550 0.341504
vt 0.531022 0.407257
vt 0.427853 0.331903
vt 0.366546 0.290251
vt 0.536794 0.411894
vt 0.385282 0.305561
vt 0.453017 0.352397
vt 0.635017 0.482910
vt 0.349562 0.276246
vt 0.406010 0.322301
vt 0.468724 0.364885
vt 0.544126 0.417649
vt 0.625489 0.475242
vt 0.628432 0.477610
vt 0.631681 0.480226
vt 0.487415 0.379427
vt 0.568631 0.435720
vt 0.553803 0.425025
vt 0.449370 0.357151
vt 0.428468 0.340250
vt 0.463805 0.369690
vt 0.513674 0.399040
vt 0.570299 0.437461
vt 0.511710 0.399906
vt 0.563748 0.433979
vt 0.591565 0.451481
vt 0.623013 0.473249
vt 0.620931 0.471573
vt 0.476549 0.381031
vt 0.616179 0.468750
vt 0.565127 0.436119
vt 0.615686 0.468750
vt 0.616622 0.468750
vt 0.517498 0.405890
vt 0.617031 0.468750
vt 0.619112 0.470109
vt 0.568833 0.439879
vt 0.536537 0.422811
vt 0.573699 0.444393
vt 0.526073 0.413737
vt 0.506681 0.406740
vt 0.548328 0.432640
vt 0.579343 0.449342
vt 0.524180 0.421226
vt 0.615129 0.468750
vt 0.490717 0.393278
vt 0.541399 0.434934
vt 0.560381 0.442219
vt 0.585320 0.454338
vt 0.613834 0.468750
vt 0.614510 0.468750
vt 0.591268 0.459073
vt 0.583472 0.458960
vt 0.597221 0.463626
vt 0.571877 0.450770
vt 0.570649 0.455056
vt 0.595928 0.467594
vt 0.603275 0.468143
vt 0.588697 0.467139
vt 0.555540 0.444982
vt 0.541935 0.441478
vt 0.558379 0.451610
vt 0.581535 0.466742
vt 0.608947 0.476563
vt 0.609397 0.472656
vt 0.610691 0.468750
vt 0.609847 0.468750
vt 0.611524 0.468750
vt 0.614302 0.461698
vt 0.614923 0.465996
vt 0.614097 0.465352
vt 0.615451 0.457885
vt 0.614355 0.457624
vt 0.616656 0.457896
vt 0.615483 0.462669
vt 0.616145 0.466050
vt 0.616714 0.462021
vt 0.616859 0.465568
vt 0.615625 0.467267
vt 0.614341 0.453446
vt 0.615426 0.453562
vt 0.616634 0.453597
vt 0.615865 0.468750
vt 0.616254 0.468750
vt 0.615204 0.468750
vt 0.614339 0.433594
vt 0.615423 0.429688
vt 0.615418 0.433594
vt 0.614344 0.429688
vt 0.615428 0.425781
vt 0.616636 0.429688
vt 0.616631 0.433594
vt 0.616641 0.425781
vt 0.614335 0.437500
vt 0.614349 0.425781
vt 0.614355 0.421875
vt 0.615434 0.421875
vt 0.616647 0.421875
vt 0.616626 0.437500
vt 0.615414 0.437500
vt 0.614386 0.402344
vt 0.615460 0.398438
vt 0.615463 0.402344
vt 0.614383 0.398438
vt 0.615455 0.394531
vt 0.616672 0.398438
vt 0.616673 0.402344
vt 0.616668 0.394531
vt 0.614386 0.406250
vt 0.614376 0.394531
vt 0.614368 0.390625
vt 0.615449 0.390625
vt 0.616664 0.390625
vt 0.616672 0.406250
vt 0.615463 0.406250
vt 0.614330 0.449354
vt 0.615407 0.445367
vt 0.615411 0.449403
vt 0.614327 0.445353
vt 0.615409 0.441413
vt 0.616619 0.445371
vt 0.616622 0.449418
vt 0.616621 0.441414
vt 0.614330 0.441411
vt 0.614364 0.417969
vt 0.615451 0.414063
vt 0.615442 0.417969
vt 0.614373 0.414062
vt 0.615458 0.410156
vt 0.616662 0.414063
vt 0.616654 0.417969
vt 0.616668 0.410156
vt 0.614381 0.410156
vt 0.614348 0.386719
vt 0.615417 0.382812
vt 0.615433 0.386719
vt 0.614327 0.382813
vt 0.615400 0.378906
vt 0.616643 0.382813
vt 0.616653 0.386719
vt 0.616632 0.378906
vt 0.614307 0.378906
vt 0.614287 0.375000
vt 0.615384 0.375000
vt 0.616621 0.375000
vt 0.618022 0.375000
vt 0.597464 0.429728
vt 0.329724 0.279168
vt 0.283152 0.229023
vt 0.587971 0.515821
vt 0.589451 0.515566
vt 0.581011 0.507297
vt 0.482532 0.400672
vt 0.606431 0.457127
vt 0.608663 0.459258
vt 0.632813 0.527344
vt 0.679750 0.511168
vt 0.707574 0.502734
vt 0.244561 0.189110
vt 0.623122 0.445378
vt 0.618003 0.441415
vt 0.621320 0.414062
vt 0.618040 0.414062
vt 0.621324 0.386719
vt 0.621323 0.382812
vt 0.618034 0.382812
vt 0.276552 0.234036
vt 0.611426 0.383029
vt 0.611357 0.379055
vt 0.613347 0.382812
vt 0.618017 0.429688
vt 0.611430 0.410306
vt 0.613397 0.414062
vt 0.618601 0.465967
vt 0.606247 0.500000
vt 0.493514 0.427802
vt 0.590014 0.478574
vt 0.631681 0.480225
vt 0.544126 0.417650
vt 0.511710 0.399907
vt 0.541400 0.434934
vt 0.583473 0.458960
vt 0.615462 0.406250
vt 0.615451 0.414062
vt 0.616662 0.414062
vt 0.566990 0.502011
vt 0.586430 0.478394
vt 0.561393 0.497521
vt 0.593375 0.447881
vt 0.590770 0.469378
vt 0.589434 0.473146
vt 0.593919 0.410688
vt 0.513176 0.443846
vt 0.593767 0.418760
vt 0.593626 0.425826
vt 0.517433 0.448952
vt 0.584503 0.487572
vt 0.584545 0.487819
vt 0.547626 0.481968
vt 0.546771 0.481046
vt 0.542513 0.476299
vt 0.593465 0.437500
vt 0.593626 0.425827
vt 0.551985 0.487157
vt 0.499073 0.429023
vt 0.560203 0.496283
vt 0.529682 0.449529
vt 0.593918 0.410688
vt 0.517434 0.448953
vt 0.490356 0.420277
vt 0.593992 0.396941
vt 0.529573 0.462716
vt 0.592058 0.463979
vt 0.492116 0.420288
vt 0.497771 0.427762
vt 0.551985 0.487156
vt 0.585254 0.497381
vt 0.584011 0.484616
vt 0.511773 0.441993
vt 0.506901 0.436601
vt 0.577470 0.514462
vt 0.583955 0.517148
vt 0.584614 0.488267
vt 0.584540 0.501538
vt 0.584441 0.501932
vt 0.585281 0.495016
vt 0.585355 0.496701
vt 0.553980 0.489559
vt 0.593655 0.378910
vt 0.593517 0.375000
vt 0.593852 0.386641
vt 0.530487 0.463683
vt 0.594002 0.401275
vt 0.594011 0.398454
vt 0.592984 0.456322
vt 0.588830 0.474246
vt 0.593991 0.406250
vt 0.530488 0.463684
vt 0.591115 0.468394
vt 0.585091 0.491829
vt 0.593560 0.429701
vt 0.497771 0.427763
vt 0.584615 0.488267
vt 0.583529 0.481982
vt 0.585253 0.497381
vt 0.524315 0.456862
vt 0.593465 0.438213
vt 0.499074 0.429024
vt 0.519481 0.451340
vt 0.587971 0.515822
vt 0.591662 0.520957
vt 0.584143 0.481331
vt 0.586856 0.477836
vt 0.593422 0.445279
vt 0.593242 0.452951
vt 0.593876 0.414047
vt 0.515580 0.446638
vt 0.593711 0.421875
vt 0.556524 0.492453
vt 0.515581 0.446639
vt 0.593921 0.390625
vt 0.592692 0.460339
vt 0.591506 0.467185
vt 0.588868 0.474176
vt 0.585090 0.491829
vt 0.593796 0.382796
vt 0.593916 0.390449
vt 0.593796 0.382811
vt 0.592861 0.457948
vt 0.585354 0.496701
s 0
usemtl Gloss_Red.001
f 1/1/1 42/1/1 95/1/1 17/1/1
f 17/1/2 95/1/2 96/1/2 18/1/2
f 18/1/3 96/1/3 97/1/3 19/1/3
f 19/1/4 97/1/4 43/1/4 2/1/4
f 12/1/5 44/1/5 98/1/5 20/1/5
f 20/1/5 98/1/5 99/1/5 21/1/5
f 21/1/5 99/1/5 100/1/5 22/1/5
f 22/1/5 100/1/5 42/1/5 1/1/5
f 25/1/6 101/1/6 48/1/6 5/1/6
f 101/1/7 102/1/7 49/1/7 48/1/7
f 102/1/8 103/1/8 50/1/8 49/1/8
f 103/1/9 35/1/9 8/1/9 50/1/9
f 2/1/10 43/1/10 104/1/10 26/1/10
f 26/1/11 104/1/11 105/1/11 27/1/11
f 27/1/12 105/1/12 106/1/12 28/1/12
f 28/1/13 106/1/13 51/1/13 6/1/13
f 107/1/14 109/1/14 110/1/14 108/1/14
f 109/1/15 111/1/15 112/1/15 110/1/15
f 40/1/16 107/1/16 108/1/16 39/1/16
f 111/1/17 61/1/17 60/1/17 112/1/17
f 6/1/18 51/1/18 113/1/18 32/1/18
f 33/1/19 114/1/19 47/1/19 4/1/19
f 114/1/20 116/1/20 46/1/20 47/1/20
f 116/1/21 119/1/21 45/1/21 46/1/21
f 119/1/22 38/1/22 7/1/22 45/1/22
f 118/1/23 37/1/23 38/1/23 119/1/23
f 117/1/24 36/1/25 37/1/26 118/1/27
f 53/1/28 9/1/28 36/1/28 117/1/28
f 52/1/29 53/1/29 117/1/29 115/1/29
f 51/1/30 52/1/30 115/1/30 113/1/30
f 122/1/31 31/1/31 3/1/31 55/1/31
f 121/1/32 30/1/32 31/1/32 122/1/32
f 120/1/33 29/1/33 30/1/33 121/1/33
f 56/1/34 5/1/34 29/1/34 120/1/34
f 125/1/35 128/1/35 129/1/35 126/1/35
f 128/1/36 40/1/36 39/1/36 129/1/36
f 55/1/37 3/1/37 41/1/37 127/1/37
f 54/1/38 55/1/38 127/1/38 124/1/38
f 130/1/39 33/1/39 4/1/39 57/1/39
f 131/1/40 133/1/40 134/1/40 132/1/40
f 132/1/41 134/1/41 135/1/41 1798/1/41 1797/1/41 1793/1/41
f 135/1/42 34/1/42 7/1/42 1807/1/42 1806/1/42
f 58/1/43 8/1/43 35/1/43 133/1/43
f 137/1/44 138/1/44 139/1/44 1892/1/44 1895/1/44 1898/1/44 1896/1/44 1897/1/44
f 138/1/45 140/1/45 141/1/45 139/1/45
f 140/1/46 60/1/46 61/1/46 141/1/46
f 142/1/47 145/1/47 56/1/47 1857/1/47 1856/1/47
f 145/1/48 25/1/48 5/1/48 56/1/48
f 144/1/49 24/1/49 25/1/49 145/1/49
f 143/1/50 23/1/50 24/1/50 144/1/50
f 57/1/51 4/1/51 23/1/51 143/1/51
f 10/1/52 62/1/52 150/1/52 81/1/52
f 64/1/53 11/1/53 82/1/53 152/1/53
f 63/1/54 64/1/54 152/1/54 151/1/54
f 62/1/55 63/1/55 151/1/55 150/1/55
f 12/1/5 65/1/5 153/1/5 44/1/5
f 67/1/56 10/1/56 81/1/56 155/1/56
f 66/1/5 67/1/5 155/1/5 154/1/5
f 65/1/5 66/1/5 154/1/5 153/1/5
f 11/1/57 69/1/57 156/1/57 82/1/57
f 71/1/58 15/1/58 87/1/58 158/1/58
f 70/1/59 71/1/59 158/1/59 157/1/59
f 69/1/60 70/1/60 157/1/60 156/1/60
f 159/1/61 162/1/61 163/1/61 160/1/61
f 160/1/62 163/1/62 164/1/62 161/1/62
f 161/1/63 164/1/63 78/1/63 77/1/63
f 72/1/64 73/1/64 162/1/64 159/1/64
f 165/1/65 168/1/65 169/1/65 166/1/65
f 166/1/66 169/1/66 170/1/66 167/1/66
f 13/1/67 80/1/67 165/1/67 85/1/67
f 85/1/68 165/1/68 166/1/68 84/1/68
f 84/1/69 166/1/69 167/1/69 83/1/69
f 83/1/70 167/1/70 94/1/70 16/1/70
f 167/1/71 170/1/71 93/1/71 94/1/71
f 80/1/72 79/1/72 168/1/72 165/1/72
f 15/1/73 74/1/73 171/1/73 87/1/73
f 76/1/74 14/1/74 86/1/74 173/1/74
f 75/1/75 76/1/75 173/1/75 172/1/75
f 74/1/76 75/1/76 172/1/76 171/1/76
f 174/1/77 177/1/77 178/1/77 175/1/77
f 175/1/78 178/1/78 179/1/78 176/1/78
f 176/1/79 179/1/79 73/1/79 72/1/79
f 180/1/80 182/1/80 183/1/80 181/1/80
f 88/1/81 180/1/81 181/1/81 89/1/81
f 89/1/82 181/1/82 80/1/82 13/1/82
f 181/1/83 183/1/83 79/1/83 80/1/83
f 184/1/84 92/1/84 14/1/84 76/1/84
f 185/1/85 188/1/85 189/1/85 186/1/85
f 186/1/86 189/1/86 190/1/86 187/1/86
f 187/1/87 190/1/87 77/1/87 78/1/87
f 191/1/88 193/1/88 194/1/88 192/1/88
f 192/1/89 194/1/89 94/1/89 93/1/89
f 194/1/90 90/1/90 16/1/90 94/1/90
f 193/1/91 91/1/91 90/1/91 194/1/91
f 92/1/92 196/1/92 68/1/92 14/1/92
f 844/2/93 852/3/93 843/4/93
f 845/5/94 842/6/94 844/2/94
f 848/7/95 846/8/95 847/9/95
f 850/10/96 848/7/96 849/11/96
f 851/12/97 842/6/97 850/10/97
f 313/13/98 843/4/98 314/14/98
f 207/15/99 845/5/99 312/16/99
f 361/17/100 846/8/100 845/5/100
f 312/16/101 844/2/101 313/13/101
f 415/18/102 359/19/102 222/20/102
f 414/21/103 847/9/103 415/18/103
f 847/9/104 360/22/104 359/19/104
f 309/23/105 413/24/105 206/25/105
f 310/26/106 849/11/106 309/23/106
f 849/11/107 414/21/107 413/24/107
f 311/27/108 850/10/108 310/26/108
f 855/28/109 863/29/109 854/30/109
f 856/31/110 853/32/110 855/28/110
f 859/33/111 857/34/111 858/35/111
f 861/36/112 859/33/112 860/37/112
f 862/38/113 853/32/113 861/36/113
f 307/39/114 854/30/114 308/40/114
f 254/41/115 856/31/115 306/42/115
f 367/43/116 857/34/116 856/31/116
f 306/42/117 855/28/117 307/39/117
f 421/44/118 365/45/118 223/46/118
f 420/47/119 858/35/119 421/44/119
f 858/35/120 366/48/120 365/45/120
f 312/16/121 419/49/121 207/15/121
f 313/13/122 860/37/122 312/16/122
f 860/37/123 420/47/123 419/49/123
f 314/14/124 861/36/124 313/13/124
f 864/50/125 868/51/125 867/52/125
f 865/53/126 869/54/126 868/51/126
f 867/52/127 871/55/127 870/56/127
f 868/51/128 872/57/128 871/55/128
f 232/58/129 864/50/129 489/59/129
f 500/60/130 865/53/130 864/50/130
f 499/61/131 866/62/131 865/53/131
f 498/63/132 397/64/132 866/62/132
f 866/62/133 396/65/133 869/54/133
f 869/54/134 395/66/134 872/57/134
f 872/57/135 209/67/135 376/68/135
f 871/55/136 376/68/136 375/69/136
f 870/56/137 375/69/137 374/70/137
f 491/71/138 374/70/138 226/72/138
f 490/73/139 870/56/139 491/71/139
f 489/59/140 867/52/140 490/73/140
f 874/74/141 1862/75/141 1859/76/141
f 1863/77/142 1862/75/142 874/74/142
f 389/78/143 296/79/143 203/80/143
f 390/81/144 873/82/144 389/78/144
f 1857/83/145 1856/84/145 873/82/145
f 214/85/146 875/86/146 391/87/146
f 1877/88/147 315/89/147 1878/90/147
f 391/87/148 874/74/148 390/81/148
f 876/91/149 880/92/149 879/93/149
f 877/94/150 881/95/150 880/92/150
f 879/93/151 883/96/151 882/97/151
f 880/92/152 884/98/152 883/96/152
f 231/99/153 876/91/153 477/100/153
f 488/101/154 877/94/154 876/91/154
f 487/102/155 878/103/155 877/94/155
f 486/104/156 394/105/156 878/103/156
f 878/103/157 393/106/157 881/95/157
f 881/95/158 392/107/158 884/98/158
f 884/98/159 208/108/159 370/109/159
f 883/96/160 370/109/160 369/110/160
f 882/97/161 369/110/161 368/111/161
f 479/112/162 368/111/162 224/113/162
f 478/114/163 882/97/163 479/112/163
f 477/100/164 879/93/164 478/114/164
f 887/115/165 895/116/165 886/117/165
f 888/118/166 885/119/166 887/115/166
f 890/120/167 885/119/167 889/121/167
f 893/122/168 891/123/168 892/124/168
f 894/125/169 885/119/169 893/122/169
f 310/26/170 886/117/170 311/27/170
f 206/25/171 888/118/171 309/23/171
f 355/126/172 889/121/172 888/118/172
f 309/23/173 887/115/173 310/26/173
f 409/127/174 353/128/174 220/129/174
f 409/127/175 891/123/175 890/120/175
f 890/120/176 354/130/177 353/128/176
f 320/131/178 407/132/178 205/133/178
f 321/134/179 892/124/179 320/131/179
f 892/124/180 408/135/180 407/132/180
f 322/136/181 893/122/181 321/134/181
f 1872/137/182 1873/138/182 344/139/182
f 898/140/183 906/141/183 897/142/183
f 899/143/184 896/144/184 898/140/184
f 902/145/185 900/146/185 901/147/185
f 903/148/186 904/149/186 896/144/186 902/145/186
f 905/150/187 896/144/187 904/149/187
f 201/151/188 897/142/188 341/152/188
f 299/153/189 898/140/189 897/142/189
f 897/142/190 342/154/190 341/152/190
f 382/155/191 297/156/191 211/157/191
f 381/158/192 899/143/192 382/155/192
f 899/143/193 298/159/193 297/156/193
f 335/160/194 380/161/194 200/162/194
f 336/163/195 901/147/195 335/160/195
f 901/147/196 381/158/196 380/161/196
f 337/164/197 903/148/197 902/145/197 336/163/197
f 343/165/198 342/154/198 906/141/198 905/150/198
f 907/166/199 908/167/199 911/168/199 910/169/199
f 908/167/200 909/170/200 912/171/200 911/168/200
f 910/169/201 911/168/201 914/172/201 913/173/201
f 911/168/202 912/171/202 915/174/202 914/172/202
f 199/175/203 907/166/203 329/176/203
f 569/177/204 908/167/204 907/166/204
f 568/178/205 909/170/205 908/167/205
f 567/179/206 341/152/206 909/170/206
f 909/170/207 341/152/207 342/154/207 912/171/207
f 342/154/208 915/174/208 912/171/208
f 330/180/209 910/169/209 913/173/209 331/181/209
f 329/176/210 910/169/210 330/180/210
f 918/182/211 926/183/211 917/184/211
f 919/185/212 916/186/212 918/182/212
f 922/187/213 920/188/213 921/189/213
f 924/190/214 922/187/214 923/191/214
f 925/192/215 926/183/215 916/186/215 924/190/215
f 302/193/216 338/194/216 202/195/216
f 301/196/217 917/184/217 302/193/217
f 917/184/218 339/197/218 338/194/218
f 385/198/219 300/199/219 212/200/219
f 384/201/220 919/185/220 385/198/220
f 919/185/221 301/196/221 300/199/221
f 332/202/222 383/203/222 245/204/222
f 333/205/223 921/189/223 332/202/223
f 921/189/224 384/201/224 383/203/224
f 334/206/225 923/191/225 922/187/225 333/205/225
f 340/207/226 339/197/226 926/183/226 925/192/226
f 929/208/227 937/209/227 928/210/227
f 931/211/228 929/208/228 930/212/228
f 933/213/229 931/211/229 932/214/229
f 934/215/230 935/216/230 927/217/230 933/213/230
f 936/218/231 937/209/231 927/217/231 935/216/231
f 295/219/232 335/160/232 200/162/232
f 295/219/233 929/208/233 928/210/233
f 928/210/234 336/163/235 335/160/235
f 379/220/236 293/221/236 210/222/236
f 378/223/237 930/212/237 379/220/237
f 930/212/238 294/224/238 293/221/238
f 202/195/239 932/214/239 377/225/239
f 338/194/240 933/213/240 932/214/240
f 377/225/241 931/211/241 378/223/241
f 340/207/242 934/215/242 933/213/242 339/197/242
f 337/164/243 336/163/243 937/209/243 936/218/243
f 938/226/244 939/227/244 942/228/244 941/229/244
f 939/227/245 940/230/245 943/231/245 942/228/245
f 941/229/246 945/232/247 944/233/247
f 942/228/248 946/234/248 945/232/248
f 344/139/249 1873/138/249 1875/235/249 940/230/249 939/227/249
f 1871/236/250 346/237/250 943/231/250
f 346/237/251 946/234/251 943/231/251
f 345/238/252 400/239/252 946/234/252
f 945/232/253 400/239/253 399/240/253
f 944/233/254 399/240/254 398/241/254
f 329/242/255 398/241/255 199/1/255
f 330/243/256 941/229/256 944/233/256 329/242/256
f 331/244/257 938/226/257 941/229/257 330/243/257
f 948/245/258 950/246/258 947/247/258
f 949/248/259 951/249/259 948/245/259
f 951/249/260 953/250/260 950/246/260
f 952/251/261 954/252/261 951/249/261
f 425/253/262 569/254/262 199/255/262
f 426/256/263 947/247/263 425/253/263
f 427/257/264 948/245/264 426/256/264
f 225/258/265 949/248/265 427/257/265
f 504/259/266 952/251/266 949/248/266
f 505/260/267 955/261/267 952/251/267
f 506/262/268 503/263/268 955/261/268
f 955/261/269 502/264/269 954/252/269
f 954/252/270 501/265/270 953/250/270
f 953/250/271 201/151/271 567/266/271
f 950/246/272 567/266/272 568/267/272
f 947/247/273 568/267/273 569/254/273
f 956/268/274 960/269/274 959/270/274
f 957/271/275 961/272/275 960/269/275
f 960/269/276 962/273/276 959/270/276
f 960/269/277 964/274/277 963/275/277
f 230/276/278 956/268/278 465/277/278
f 476/278/279 957/271/279 956/268/279
f 475/279/280 958/280/280 957/271/280
f 474/281/281 406/282/281 958/280/281
f 958/280/282 405/283/282 961/272/282
f 961/272/283 404/284/283 964/274/283
f 964/274/284 200/285/284 380/286/284
f 964/274/285 381/287/285 963/275/285
f 963/275/286 382/288/286 962/273/286
f 962/273/287 211/289/287 467/290/287
f 959/270/288 467/290/288 466/291/288
f 465/277/289 959/270/289 466/291/289
f 966/292/290 968/293/290 965/294/290
f 967/295/291 969/296/291 966/292/291
f 969/296/292 971/297/292 968/293/292
f 970/298/293 972/299/293 969/296/293
f 464/300/294 453/301/294 229/302/294
f 463/303/295 965/294/295 464/300/295
f 462/304/296 966/292/296 463/303/296
f 462/304/297 412/305/297 967/295/297
f 412/305/298 970/298/298 967/295/298
f 411/306/299 973/307/299 970/298/299
f 410/308/300 377/309/300 973/307/300
f 973/307/301 378/310/301 972/299/301
f 972/299/302 379/311/302 971/297/302
f 971/297/303 210/312/303 455/313/303
f 968/293/304 455/313/304 454/314/304
f 965/294/305 454/314/305 453/301/305
f 975/315/306 977/316/306 974/317/306
f 976/318/307 978/319/307 975/315/307
f 978/319/308 980/320/308 977/316/308
f 979/321/309 981/322/309 978/319/309
f 228/323/310 974/317/310 441/324/310
f 452/325/311 975/315/311 974/317/311
f 451/326/312 976/318/312 975/315/312
f 450/327/313 418/328/313 976/318/313
f 976/318/314 417/329/314 979/321/314
f 979/321/315 416/330/315 982/331/315
f 982/331/316 245/332/316 383/333/316
f 982/331/317 384/334/317 981/322/317
f 981/322/318 385/335/318 980/320/318
f 980/320/319 212/336/319 443/337/319
f 977/316/320 443/337/320 442/338/320
f 974/317/321 442/338/321 441/324/321
f 983/339/322 987/340/322 986/341/322
f 984/342/323 988/343/323 987/340/323
f 986/341/324 990/344/324 989/345/324
f 987/340/325 991/346/325 990/344/325
f 227/347/326 983/339/326 430/348/326
f 440/349/327 984/342/327 983/339/327
f 439/350/328 985/351/328 984/342/328
f 438/352/329 427/257/329 985/351/329
f 985/351/330 426/256/330 988/343/330
f 988/343/331 425/253/331 991/346/331
f 991/346/332 199/255/332 398/353/332
f 990/344/333 398/353/333 399/354/333
f 989/345/334 399/354/334 400/355/334
f 989/345/335 217/356/335 432/357/335
f 431/358/336 989/345/336 432/357/336
f 430/348/337 986/341/337 431/358/337
f 992/359/338 995/360/338 994/361/338
f 994/361/339 997/362/339 996/363/339
f 437/364/340 993/365/340 992/359/340
f 436/366/341 430/367/341 993/365/341
f 993/365/342 431/368/342 995/360/342
f 995/360/343 432/369/343 997/362/343
f 997/362/344 217/370/344 345/238/344
f 996/363/345 345/238/345 346/237/345
f 998/371/346 1001/372/346 1000/373/346
f 1000/373/347 1003/374/347 1002/375/347
f 428/376/348 999/377/348 998/371/348
f 429/378/349 433/379/349 999/377/349
f 999/377/350 434/380/350 1001/372/350
f 1001/372/351 435/381/351 1003/374/351
f 1003/374/352 227/347/352 436/366/352
f 1002/375/353 436/366/353 437/364/353
f 1004/382/354 1008/383/354 1007/384/354
f 1005/385/355 1009/386/355 1008/383/355
f 1007/384/356 1011/387/356 1010/388/356
f 1008/383/357 1012/389/358 1011/387/357
f 226/72/359 1004/382/359 433/379/359
f 374/70/360 1005/385/360 1004/382/360
f 375/69/361 1006/390/361 1005/385/361
f 376/68/362 373/391/362 1006/390/362
f 1006/390/363 372/392/363 1009/386/363
f 1009/386/364 371/393/364 1012/389/364
f 1012/389/365 225/258/365 438/352/365
f 1011/387/366 438/352/366 439/350/366
f 1010/388/367 439/350/367 440/349/367
f 435/381/368 440/349/368 227/347/368
f 434/380/369 1010/388/369 435/381/369
f 433/379/370 1007/384/370 434/380/370
f 1013/394/371 1017/395/371 1016/396/371
f 1014/397/372 1018/398/372 1017/395/372
f 1016/396/373 1020/399/373 1019/400/373
f 1017/395/374 1021/401/374 1020/399/374
f 221/402/375 1013/394/375 412/305/375
f 449/403/376 1014/397/376 1013/394/376
f 448/404/377 1015/405/377 1014/397/377
f 447/406/378 441/324/378 1015/405/378
f 1015/405/379 442/338/379 1018/398/379
f 1018/398/380 443/337/380 1021/401/380
f 1021/401/381 212/336/381 300/407/381
f 1020/399/382 300/407/382 301/408/382
f 1019/400/383 301/408/383 302/409/383
f 1019/400/384 202/410/384 410/308/384
f 1016/396/385 410/308/385 411/306/385
f 1013/394/386 411/306/386 412/305/386
f 1022/411/387 1026/412/387 1025/413/387
f 1023/414/388 1027/415/388 1026/412/388
f 1025/413/389 1029/416/389 1028/417/389
f 1026/412/390 1030/418/390 1029/416/390
f 207/15/391 1022/411/391 358/419/391
f 419/49/392 1023/414/392 1022/411/392
f 421/44/393 1023/414/393 420/47/393
f 223/46/394 1024/420/394 421/44/394
f 537/421/395 1027/415/395 1024/420/395
f 1027/415/396 539/422/396 1030/418/396
f 1030/418/397 240/423/397 557/424/397
f 1029/416/398 557/424/398 556/425/398
f 1028/417/399 556/425/399 555/426/399
f 356/427/400 555/426/400 241/428/400
f 357/429/401 1028/417/401 356/427/401
f 358/419/402 1025/413/402 357/429/402
f 1031/430/403 1035/431/403 1034/432/403
f 1032/433/404 1036/434/404 1035/431/404
f 1034/432/405 1038/435/405 1037/436/405
f 1035/431/406 1039/437/406 1038/435/406
f 223/46/407 1031/430/407 537/421/407
f 365/45/408 1032/433/408 1031/430/408
f 366/48/409 1033/438/409 1032/433/409
f 367/43/410 364/439/410 1033/438/410
f 1033/438/411 363/440/411 1036/434/411
f 1036/434/412 362/441/412 1039/437/412
f 1039/437/413 289/442/413 566/443/413
f 1038/435/414 566/443/414 565/444/414
f 1037/436/415 565/444/415 564/445/415
f 539/422/416 564/445/416 240/423/416
f 538/446/417 1037/436/417 539/422/417
f 537/421/418 1034/432/418 538/446/418
f 1040/447/419 1044/448/419 1043/449/419
f 1041/450/420 1045/451/420 1044/448/420
f 1043/449/421 1047/452/421 1046/453/421
f 1044/448/422 1048/454/422 1047/452/422
f 219/455/423 1040/447/423 406/282/423
f 461/456/424 1041/450/424 1040/447/424
f 460/457/425 1042/458/425 1041/450/425
f 459/459/426 453/301/426 1042/458/426
f 1042/458/427 454/314/427 1045/451/427
f 1045/451/428 455/313/428 1048/454/428
f 1048/454/429 210/312/429 293/460/429
f 1047/452/430 293/460/430 294/461/430
f 1046/453/431 294/461/431 295/462/431
f 404/284/432 295/462/432 200/285/432
f 405/283/433 1046/453/433 404/284/433
f 406/282/434 1043/449/434 405/283/434
f 1049/463/435 1053/464/435 1052/465/435
f 1050/466/436 1054/467/436 1053/464/436
f 1052/465/437 1056/468/437 1055/469/437
f 1053/464/438 1057/470/438 1056/468/438
f 206/25/439 1049/463/439 352/471/439
f 413/24/440 1050/466/440 1049/463/440
f 415/18/441 1050/466/441 414/21/441
f 222/20/442 1051/472/442 415/18/443
f 1051/472/444 532/473/444 1054/467/444
f 1054/467/445 533/474/445 1057/470/445
f 1057/470/446 238/475/446 554/476/446
f 1056/468/447 554/476/447 553/477/447
f 1055/469/448 553/477/448 552/478/448
f 350/479/449 552/478/449 239/480/449
f 351/481/450 1055/469/450 350/479/450
f 352/471/451 1052/465/451 351/481/451
f 1058/482/452 1062/483/452 1061/484/452
f 1059/485/453 1063/486/453 1062/483/453
f 1061/484/454 1065/487/454 1064/488/454
f 1062/483/455 1066/489/455 1065/487/455
f 222/20/456 1058/482/456 531/490/456
f 359/19/457 1059/485/457 1058/482/457
f 360/22/458 1060/491/458 1059/485/458
f 361/17/459 358/419/459 1060/491/459
f 1060/491/460 357/429/460 1063/486/460
f 1063/486/461 356/427/461 1066/489/461
f 1066/489/462 241/428/462 563/492/462
f 1065/487/463 563/492/463 562/493/463
f 1064/488/464 562/493/464 561/494/464
f 533/474/465 561/494/465 238/475/465
f 532/473/466 1064/488/466 533/474/466
f 531/490/467 1061/484/467 532/473/467
f 1069/495/468 1081/496/468 1068/497/468
f 1070/498/469 1067/499/469 1069/495/469
f 1072/500/470 1067/499/470 1071/501/470
f 1075/502/471 1073/503/471 1074/504/471
f 1077/505/472 1075/502/472 1076/506/472
f 1078/507/473 1067/499/473 1077/505/473
f 1081/496/474 1079/508/474 1080/509/474
f 473/510/475 403/511/475 218/512/475
f 472/513/476 1068/497/476 473/510/476
f 1068/497/477 402/514/477 403/511/477
f 465/277/478 471/515/478 230/276/478
f 466/291/479 1070/498/479 465/277/479
f 471/515/480 1069/495/480 472/513/480
f 211/289/481 1072/500/481 467/290/481
f 297/516/482 1073/503/482 1072/500/482
f 467/290/483 1071/501/483 466/291/483
f 501/517/484 299/518/484 201/519/484
f 502/520/485 1074/504/485 501/517/485
f 1074/504/486 298/521/486 299/518/486
f 233/522/487 1076/506/487 503/523/487
f 508/524/488 1076/506/488 507/525/488
f 503/523/489 1075/502/489 502/520/489
f 234/526/490 1078/507/490 509/527/490
f 513/528/491 1079/508/491 1078/507/491
f 509/527/492 1077/505/492 508/524/492
f 235/529/493 1080/509/493 515/530/493
f 401/531/494 1081/496/494 1080/509/494
f 1080/509/495 514/532/495 515/530/495
f 1082/533/496 1086/534/496 1085/535/496
f 1083/536/497 1087/537/497 1086/534/497
f 1085/535/498 1089/538/498 1088/539/498
f 1086/534/499 1090/540/499 1089/538/499
f 205/133/500 1082/533/500 349/541/500
f 407/132/501 1083/536/501 1082/533/501
f 408/135/502 1084/542/502 1083/536/502
f 409/127/503 546/543/503 1084/542/503
f 1084/542/504 547/544/504 1087/537/504
f 1087/537/505 548/545/505 1090/540/505
f 1090/540/506 242/546/506 551/547/506
f 1089/538/507 551/547/507 550/548/507
f 1088/539/508 550/548/508 549/549/508
f 347/550/509 549/549/509 237/551/509
f 348/552/510 1088/539/510 347/550/510
f 349/541/511 1085/535/511 348/552/511
f 1091/553/512 1095/554/512 1094/555/512
f 1092/556/513 1096/557/513 1095/554/513
f 1094/555/514 1098/558/514 1097/559/514
f 1095/554/515 1099/560/515 1098/558/515
f 220/129/516 1091/553/516 546/543/516
f 353/128/517 1092/556/517 1091/553/517
f 354/130/518 1093/561/518 1092/556/518
f 355/126/519 352/471/519 1093/561/519
f 1093/561/520 351/481/520 1096/557/520
f 1096/557/521 350/479/521 1099/560/521
f 1099/560/522 239/480/522 560/562/522
f 1098/558/523 560/562/523 559/563/523
f 1097/559/524 559/563/524 558/564/524
f 548/545/525 558/564/525 242/546/525
f 547/544/526 1097/559/526 548/545/526
f 546/543/527 1094/555/527 547/544/527
f 1101/565/528 1103/566/528 1100/567/528
f 1101/565/529 1105/568/529 1104/569/529
f 1104/569/530 1106/570/530 1103/566/530
f 1104/569/531 1108/571/531 1107/572/531
f 485/573/532 315/574/532 214/85/532
f 485/573/533 1101/565/533 1100/567/533
f 484/575/534 1102/576/534 1101/565/534
f 483/577/535 477/100/536 1102/576/535
f 1102/576/537 478/114/537 1105/568/537
f 1105/568/538 479/112/538 1108/571/538
f 1108/571/539 224/113/539 424/578/539
f 1107/572/540 424/578/540 423/579/540
f 1107/572/541 422/580/541 1106/570/541
f 1880/581/542 1879/582/542 1103/566/542
f 1100/567/543 316/583/543 315/574/543
f 1109/584/544 1113/585/544 1112/586/544
f 1110/587/545 1114/588/545 1113/585/545
f 1112/586/546 1116/589/546 1115/590/546
f 1113/585/547 1117/591/547 1116/589/547
f 203/592/548 1109/584/548 389/593/548
f 305/594/549 1110/587/549 1109/584/549
f 304/595/550 1111/596/550 1110/587/550
f 303/597/551 480/598/551 1111/596/551
f 1111/596/552 481/599/552 1114/588/552
f 1114/588/553 482/600/553 1117/591/553
f 1117/591/554 231/99/554 483/577/554
f 1116/589/555 483/577/555 484/575/555
f 1115/590/556 484/575/556 485/573/556
f 391/601/557 485/573/557 214/85/557
f 390/602/558 1115/590/558 391/601/558
f 389/593/559 1112/586/559 390/602/559
f 1118/603/560 1122/604/560 1121/605/560
f 1119/606/561 1123/607/561 1122/604/561
f 1121/605/562 1125/608/562 1124/609/562
f 1122/604/563 1126/610/563 1125/608/563
f 213/611/564 1118/603/564 480/598/564
f 388/612/565 1119/606/565 1118/603/565
f 387/613/566 1120/614/566 1119/606/566
f 386/615/567 325/616/567 1120/614/567
f 1120/614/568 324/617/568 1123/607/568
f 1123/607/569 323/618/569 1126/610/569
f 1126/610/570 215/619/570 486/104/570
f 1125/608/571 486/104/571 487/102/571
f 1124/609/572 487/102/572 488/101/572
f 482/600/573 488/101/573 231/99/573
f 481/599/574 1124/609/574 482/600/574
f 480/598/575 1121/605/575 481/599/575
f 1130/620/576 1887/621/576 1886/622/576
f 1128/623/577 1131/624/577 1130/620/577
f 1130/620/578 1133/625/578 1132/626/578
f 497/627/579 1128/623/579 1127/628/579
f 496/629/580 1129/630/580 1128/623/580
f 495/631/581 489/59/581 1129/630/581
f 1129/630/582 490/73/582 1131/624/582
f 1131/624/583 491/71/583 1133/625/583
f 1133/625/584 226/72/584 429/378/584
f 1132/626/292 429/378/292 428/376/292
f 1134/632/585 1138/633/585 1137/634/585
f 1135/635/586 1139/636/586 1138/633/586
f 1137/634/587 1141/637/587 1140/638/587
f 1138/633/588 1142/639/588 1141/637/588
f 422/640/589 1135/635/589 1134/632/589
f 423/641/590 1136/642/590 1135/635/590
f 424/643/591 492/644/591 1136/642/591
f 1136/642/592 493/645/592 1139/636/592
f 1139/636/593 494/646/593 1142/639/593
f 1142/639/594 232/58/594 495/631/594
f 1141/637/595 495/631/595 496/629/595
f 1140/638/596 496/629/596 497/627/596
f 1143/647/597 1147/648/597 1146/649/597
f 1144/650/598 1148/651/598 1147/648/598
f 1146/649/599 1150/652/599 1149/653/599
f 1147/648/600 1151/654/600 1150/652/600
f 224/113/601 1143/647/601 492/655/601
f 368/111/602 1144/650/602 1143/647/602
f 369/110/603 1145/656/603 1144/650/603
f 370/109/604 328/657/604 1145/656/604
f 1145/656/605 327/658/605 1148/651/605
f 1148/651/606 326/659/606 1151/654/606
f 1151/654/607 216/660/607 498/63/607
f 1150/652/608 498/63/608 499/61/608
f 1149/653/609 499/61/609 500/60/609
f 494/661/610 500/60/610 232/58/610
f 493/662/611 1149/653/611 494/661/611
f 492/655/612 1146/649/612 493/662/612
f 1154/663/613 1164/664/613 1153/665/613
f 1155/666/614 1152/667/614 1154/663/615
f 1157/668/616 1152/667/616 1156/669/616
f 1160/670/617 1158/671/617 1159/672/617
f 1162/673/618 1160/670/618 1161/674/618
f 1163/675/619 1152/667/619 1162/673/619
f 321/134/620 1153/665/620 322/136/620
f 1153/665/621 571/676/621 570/677/621
f 205/133/622 1155/666/622 320/131/622
f 575/678/623 1156/669/623 1155/666/623
f 320/131/624 1154/663/624 321/134/624
f 386/679/625 573/680/625 204/681/625
f 386/679/626 1158/671/626 1157/668/626
f 1157/668/627 574/682/627 573/680/627
f 303/683/628 388/684/628 213/611/628
f 304/685/629 1159/672/629 303/683/629
f 1159/672/630 387/686/630 388/684/630
f 319/687/631 305/688/631 203/80/631
f 318/689/632 1161/674/632 319/687/632
f 1161/674/633 304/685/633 305/688/633
f 243/690/634 1163/675/634 317/691/634
f 572/692/635 1164/664/635 1163/675/635
f 317/691/636 1162/673/636 318/689/636
f 1165/693/637 1169/694/637 1168/695/637
f 1166/696/638 1170/697/638 1169/694/638
f 1168/695/639 1172/698/639 1171/699/639
f 1169/694/640 1173/700/640 1172/698/640
f 233/701/641 1165/693/641 507/702/641
f 506/262/642 1166/696/642 1165/693/642
f 505/260/643 1167/703/643 1166/696/643
f 504/259/644 371/393/644 1167/703/644
f 1167/703/645 372/392/645 1170/697/645
f 1170/697/646 373/391/646 1173/700/646
f 1173/700/647 209/67/647 510/704/647
f 1172/698/648 510/704/648 511/705/648
f 1171/699/649 511/705/649 512/706/649
f 509/707/650 512/706/650 234/708/650
f 508/709/651 1171/699/651 509/707/651
f 507/702/652 1168/695/652 508/709/652
f 1174/710/653 1178/711/653 1177/712/653
f 1175/713/654 1179/714/654 1178/711/654
f 1178/711/655 1180/715/655 1177/712/655
f 1178/711/656 1182/716/656 1181/717/656
f 234/708/657 1174/710/657 513/718/657
f 512/706/658 1175/713/658 1174/710/658
f 511/705/659 1176/719/659 1175/713/659
f 510/704/660 395/66/660 1176/719/660
f 1176/719/661 396/65/661 1179/714/661
f 1179/714/662 397/64/662 1182/716/662
f 1182/716/663 216/660/663 516/720/663
f 1181/717/664 516/720/664 517/721/664
f 1181/717/665 518/722/665 1180/715/665
f 1180/715/666 235/723/666 515/724/666
f 1177/712/667 515/724/667 514/725/667
f 1174/710/668 514/725/668 513/718/668
f 1185/726/669 1193/727/669 1184/728/669
f 1187/729/670 1185/726/670 1186/730/670
f 1188/731/671 1183/732/671 1187/729/671
f 1191/733/672 1189/734/672 1190/735/672
f 1192/736/673 1183/732/673 1191/733/673
f 518/722/674 401/737/674 235/723/674
f 517/721/675 1184/728/675 518/722/675
f 1184/728/676 402/738/676 401/737/676
f 326/659/677 516/720/677 216/660/677
f 327/658/678 1186/730/678 326/659/678
f 1186/730/679 517/721/679 516/720/679
f 208/108/680 1188/731/680 328/657/680
f 522/739/681 1189/734/681 1188/731/681
f 328/657/682 1187/729/682 327/658/682
f 521/740/683 524/741/683 236/742/683
f 520/743/684 1190/735/684 521/740/685
f 1190/735/686 523/744/686 524/741/686
f 218/512/687 1192/736/687 519/745/687
f 403/746/688 1193/727/688 1192/736/688
f 519/745/689 1191/733/689 520/743/689
f 1194/747/690 1198/748/690 1197/749/690
f 1195/750/691 1199/751/691 1198/748/691
f 1197/749/692 1201/752/692 1200/753/692
f 1198/748/693 1202/754/693 1201/752/693
f 236/742/694 1194/747/694 525/755/694
f 524/741/695 1195/750/695 1194/747/695
f 523/744/696 1196/756/696 1195/750/696
f 522/739/697 392/107/697 1196/756/697
f 1196/756/698 393/106/698 1199/751/698
f 1199/751/699 394/105/699 1202/754/699
f 1202/754/700 215/619/700 528/757/700
f 1201/752/701 528/757/701 529/758/701
f 1200/753/702 529/758/702 530/759/702
f 527/760/703 530/759/703 237/551/703
f 526/761/704 1200/753/704 527/760/704
f 525/755/705 1197/749/705 526/761/705
f 1203/762/706 1207/763/706 1206/764/706
f 1204/765/707 1208/766/707 1207/763/707
f 1206/764/708 1210/767/708 1209/768/708
f 1207/763/709 1211/769/709 1210/767/709
f 237/551/710 1203/762/710 347/550/710
f 530/759/711 1204/765/711 1203/762/711
f 529/758/712 1205/770/712 1204/765/712
f 528/757/713 323/771/713 1205/770/713
f 1205/770/714 324/772/714 1208/766/714
f 1208/766/715 325/773/715 1211/769/715
f 1211/769/716 204/681/716 573/680/716
f 1210/767/717 573/680/717 574/774/717
f 1209/768/718 574/774/718 575/775/718
f 349/776/719 575/775/719 205/777/719
f 348/778/720 1209/768/720 349/776/720
f 347/550/721 1206/764/721 348/778/721
f 1214/779/722 1222/780/722 1213/781/722
f 1216/782/723 1214/779/723 1215/783/723
f 1217/784/724 1212/785/724 1216/782/724
f 1220/786/725 1218/787/725 1219/788/725
f 1221/789/726 1212/785/726 1220/786/726
f 237/551/727 1213/781/727 527/760/727
f 549/549/728 1214/779/728 1213/781/728
f 1213/781/729 526/761/729 527/760/729
f 468/790/730 551/547/730 242/546/730
f 469/791/731 1215/783/731 468/790/731
f 1215/783/732 550/548/732 551/547/732
f 230/276/733 1217/784/733 470/792/733
f 471/515/734 1218/787/734 1217/784/734
f 470/792/735 1216/782/735 469/791/735
f 519/745/736 473/510/736 218/512/736
f 520/743/737 1219/788/737 519/745/737
f 1219/788/738 472/513/738 473/510/738
f 236/793/739 1221/789/739 521/794/739
f 525/795/740 1222/780/740 1221/789/740
f 521/794/741 1220/786/741 520/743/741
f 1223/796/742 1227/797/742 1226/798/742
f 1224/799/743 1228/800/743 1227/797/743
f 1226/798/744 1230/801/744 1229/802/744
f 1227/797/745 1231/803/745 1230/801/745
f 239/480/746 1223/796/746 536/804/746
f 552/478/747 1224/799/747 1223/796/747
f 553/477/748 1225/805/748 1224/799/748
f 554/476/749 456/806/749 1225/805/749
f 1225/805/750 457/807/750 1228/800/750
f 1228/800/751 458/808/751 1231/803/751
f 1231/803/752 229/302/752 459/459/752
f 1230/801/753 459/459/753 460/457/753
f 1229/802/754 460/457/754 461/456/754
f 534/809/755 461/456/755 219/455/755
f 535/810/756 1229/802/756 534/809/756
f 536/804/757 1226/798/757 535/810/757
f 1232/811/758 1236/812/758 1235/813/758
f 1233/814/759 1237/815/759 1236/812/759
f 1235/813/760 1239/816/760 1238/817/760
f 1236/812/761 1240/818/761 1239/816/761
f 241/428/762 1232/811/762 545/819/762
f 555/426/763 1233/814/763 1232/811/763
f 556/425/764 1234/820/764 1233/814/764
f 557/424/765 444/821/765 1234/820/765
f 1234/820/766 445/822/766 1237/815/766
f 1237/815/767 446/823/767 1240/818/767
f 1240/818/768 228/323/768 447/406/768
f 1239/816/769 447/406/769 448/404/769
f 1238/817/770 448/404/770 449/403/770
f 543/824/771 449/403/771 221/402/771
f 544/825/772 1238/817/772 543/824/772
f 545/819/773 1235/813/773 544/825/773
f 1241/826/774 1245/827/774 1244/828/774
f 1242/829/775 1246/830/775 1245/827/775
f 1244/828/776 1248/831/776 1247/832/776
f 1245/827/777 1249/833/777 1248/831/777
f 242/546/778 1241/826/779 468/790/778
f 558/564/780 1242/829/781 1241/826/780
f 559/563/782 1243/834/782 1242/829/782
f 560/562/783 536/804/783 1243/834/783
f 1243/834/784 535/810/784 1246/830/784
f 1246/830/785 534/809/785 1249/833/785
f 1249/833/786 219/455/786 474/281/786
f 1248/831/787 474/281/787 475/279/787
f 1247/832/788 475/279/788 476/278/788
f 470/792/789 476/278/789 230/276/789
f 469/791/790 1247/832/790 470/792/790
f 468/790/791 1244/828/791 469/791/791
f 1250/835/792 1254/836/792 1253/837/792
f 1251/838/793 1255/839/793 1254/836/793
f 1253/837/794 1257/840/794 1256/841/794
f 1254/836/795 1258/842/795 1257/840/795
f 238/475/796 1250/835/796 456/806/796
f 561/494/797 1251/838/797 1250/835/797
f 562/493/798 1252/843/798 1251/838/798
f 563/492/799 545/819/799 1252/843/799
f 1252/843/800 544/825/800 1255/839/800
f 1255/839/801 543/824/801 1258/842/801
f 1258/842/802 221/402/802 462/304/802
f 1257/840/803 462/304/803 463/303/803
f 1256/841/804 463/303/804 464/300/804
f 458/808/805 464/300/805 229/302/805
f 457/807/806 1256/841/806 458/808/806
f 456/806/807 1253/837/807 457/807/807
f 1259/844/808 1263/845/808 1262/846/808
f 1260/847/809 1264/848/809 1263/845/809
f 1262/846/810 1266/849/810 1265/850/810
f 1263/845/811 1267/851/811 1266/849/811
f 240/423/812 1259/844/812 444/821/812
f 564/445/813 1260/847/813 1259/844/813
f 565/444/814 1261/852/814 1260/847/814
f 566/443/815 542/853/815 1261/852/815
f 1261/852/816 541/854/816 1264/848/816
f 1264/848/817 540/855/817 1267/851/817
f 1267/851/818 270/856/818 450/327/818
f 1266/849/819 450/327/819 451/326/819
f 1265/850/820 451/326/820 452/325/820
f 446/823/821 452/325/821 228/323/821
f 445/822/822 1265/850/822 446/823/822
f 444/821/823 1262/846/823 445/822/823
f 1270/3/824 1278/2/824 1269/4/824
f 1271/857/825 1268/6/825 1270/3/825
f 1274/7/826 1272/10/826 1273/11/826
f 1276/8/827 1274/7/827 1275/9/827
f 1277/5/828 1268/6/828 1276/8/828
f 1269/4/829 593/13/829 594/14/829
f 591/27/830 1272/10/830 1271/857/830
f 685/24/831 589/23/831 252/25/831
f 686/21/832 1273/11/832 685/24/832
f 1273/11/833 590/26/833 589/23/833
f 634/19/834 687/18/834 269/20/834
f 635/22/835 1275/9/835 634/19/835
f 1275/9/836 686/21/836 687/18/836
f 253/15/837 1277/5/837 636/17/838
f 592/16/839 1278/2/839 1277/5/839
f 636/17/840 1276/8/840 635/22/840
f 1281/29/841 1289/28/841 1280/30/841
f 1282/38/842 1279/32/842 1281/29/842
f 1285/33/843 1283/36/843 1284/37/843
f 1287/34/844 1285/33/844 1286/35/844
f 1288/31/845 1279/32/845 1287/34/845
f 1280/30/846 307/39/846 308/40/846
f 594/14/847 1283/36/847 1282/38/847
f 688/49/848 592/16/848 253/15/848
f 689/47/849 1284/37/849 688/49/849
f 1284/37/850 593/13/850 592/16/850
f 637/45/851 690/44/851 271/46/851
f 638/48/852 1286/35/852 637/45/852
f 1286/35/853 689/47/853 690/44/853
f 254/41/854 1288/31/854 639/43/854
f 306/42/855 1289/28/855 1288/31/855
f 639/43/856 1287/34/856 638/48/856
f 1290/50/857 1294/858/857 1293/53/857
f 1291/52/858 1295/55/858 1294/858/858
f 1293/53/859 1297/54/859 1296/62/859
f 1294/858/860 1298/57/860 1297/54/860
f 280/58/861 1290/50/861 769/60/861
f 758/59/862 1291/52/862 1290/50/862
f 759/73/863 1292/56/863 1291/52/863
f 760/71/864 646/70/864 1292/56/864
f 1292/56/865 647/69/865 1295/55/865
f 1295/55/866 648/68/866 1298/57/866
f 1298/57/867 256/859/867 667/66/867
f 1297/54/868 667/66/868 668/65/868
f 1296/62/869 668/65/869 669/64/869
f 767/63/870 669/64/870 263/660/870
f 768/61/871 1296/62/871 767/63/871
f 769/60/872 1293/53/872 768/61/872
f 1710/77/873 1711/860/873 1299/861/873
f 1713/76/874 1709/75/874 1300/74/874
f 261/85/875 1299/861/876 595/89/876
f 663/87/877 1300/74/877 1299/861/877
f 1715/90/878 595/89/878 1714/88/878
f 579/79/879 661/78/879 249/80/879
f 1708/83/880 1712/862/880 1301/82/880
f 1301/82/881 662/81/881 661/78/881
f 1302/91/882 1306/92/882 1305/94/882
f 1303/93/883 1307/96/883 1306/92/883
f 1305/94/884 1309/863/884 1308/103/884
f 1306/92/885 1310/98/885 1309/863/885
f 279/99/886 1302/91/886 757/101/886
f 746/100/887 1303/93/887 1302/91/887
f 747/114/888 1304/97/888 1303/93/888
f 748/112/889 640/111/889 1304/97/889
f 1304/97/890 641/110/890 1307/96/890
f 1307/96/891 642/109/891 1310/98/891
f 1310/98/892 255/108/892 664/107/892
f 1309/863/893 664/107/893 665/106/893
f 1308/103/894 665/106/894 666/105/894
f 755/104/895 666/105/895 262/619/895
f 756/102/896 1308/103/896 755/104/896
f 757/101/897 1305/94/897 756/102/897
f 1313/116/898 1321/115/898 1312/117/898
f 1314/125/899 1311/119/899 1313/116/899
f 1317/864/900 1315/122/900 1316/124/900
f 1318/120/901 1311/119/901 1317/864/901
f 1320/118/902 1311/119/902 1319/121/902
f 1312/117/903 590/26/903 591/27/903
f 602/136/904 1315/122/904 1314/125/904
f 679/132/905 600/131/905 251/133/905
f 680/865/906 1316/124/906 679/132/906
f 1316/124/907 601/134/907 600/131/907
f 628/128/908 681/127/908 267/129/908
f 629/130/909 1318/120/909 628/128/909
f 681/127/910 1317/864/910 680/865/910
f 252/25/911 1320/118/911 630/126/911
f 589/23/912 1321/115/912 1320/118/912
f 630/126/913 1319/121/913 629/130/913
f 619/139/914 1758/137/914 1322/866/914
f 1325/141/915 1333/140/915 1324/142/915
f 1326/150/916 1327/149/916 1323/144/916 1325/141/916
f 1328/867/917 1329/145/917 1323/144/917 1327/149/917
f 1331/146/918 1329/145/918 1330/147/918
f 1332/143/919 1323/144/919 1331/146/919
f 247/151/920 1324/142/920 582/153/920
f 617/154/921 1324/142/921 616/152/921
f 582/153/922 1333/140/922 581/159/922
f 618/165/923 1326/150/923 1325/141/923 617/154/923
f 612/164/924 611/163/924 1329/145/924 1328/867/924
f 652/161/925 610/160/925 246/162/925
f 653/158/926 1330/147/926 652/161/926
f 1330/147/927 611/163/927 610/160/927
f 580/156/928 654/155/928 258/157/928
f 581/159/929 1332/143/929 580/156/929
f 1332/143/930 653/158/930 654/155/930
f 1335/167/931 1336/168/931 1338/171/931 1337/170/931
f 244/175/932 1334/166/932 835/177/932
f 1338/171/933 1339/174/933 618/165/933 617/154/933
f 833/179/934 616/152/934 247/151/934
f 834/178/935 1337/170/935 833/179/935
f 835/177/936 1335/167/936 834/178/936
f 1342/183/937 1350/182/937 1341/184/937
f 1343/192/938 1344/190/938 1340/186/938 1342/183/938
f 1345/191/939 1346/187/939 1340/186/939 1344/190/939
f 1348/188/940 1346/187/940 1347/189/940
f 1349/185/941 1340/186/941 1348/188/942
f 613/194/943 585/193/943 248/195/943
f 614/197/944 1341/184/944 613/194/944
f 1341/184/945 584/196/945 585/193/945
f 615/207/946 1343/192/946 1342/183/946 614/197/946
f 334/206/947 333/205/947 1346/187/947 1345/191/947
f 655/203/948 332/202/948 245/204/948
f 656/201/949 1347/189/949 655/203/949
f 1347/189/950 333/205/950 332/202/950
f 583/199/951 657/198/951 259/200/951
f 584/196/952 1349/185/952 583/199/952
f 1349/185/953 656/201/953 657/198/953
f 1353/209/954 1361/208/954 1352/210/954
f 1354/218/955 1355/216/955 1351/217/955 1353/209/955
f 1356/215/956 1357/213/956 1351/217/956 1355/216/956
f 1359/868/957 1357/213/957 1358/214/957
f 1361/208/958 1359/868/958 1360/212/958
f 610/160/959 578/219/959 246/162/959
f 611/163/960 1352/210/961 610/160/960
f 578/219/962 1361/208/962 577/224/962
f 612/164/963 1354/218/963 1353/209/963 611/163/963
f 615/207/964 614/197/964 1357/213/964 1356/215/964
f 248/195/965 1358/214/965 613/194/965
f 649/225/966 1359/868/966 1358/214/966
f 613/194/967 1357/213/967 614/197/967
f 576/221/968 651/220/968 257/222/968
f 577/224/969 1360/212/969 576/221/969
f 1360/212/970 650/223/970 651/220/970
f 1363/228/971 1364/232/971 1367/234/971 1366/231/971
f 609/242/972 670/241/972 1362/233/972
f 1362/233/973 671/240/973 1364/232/973
f 1364/232/974 672/239/974 1367/234/974
f 672/239/975 620/238/975 1367/234/975
f 1367/234/976 621/237/976 1366/231/976
f 1366/231/977 621/237/977 1757/236/977
f 1369/246/978 1371/245/978 1368/869/978
f 1370/250/979 1372/249/979 1369/246/979
f 1372/249/980 1374/248/980 1371/245/980
f 1373/252/981 1375/251/981 1372/249/981
f 835/254/982 694/253/982 244/255/982
f 834/267/983 1368/869/983 835/254/983
f 833/266/984 1369/246/984 834/267/984
f 247/151/985 1370/250/985 833/266/985
f 770/265/986 1373/252/986 1370/250/986
f 771/264/987 1376/261/988 1373/252/987
f 772/263/989 775/262/989 1376/261/989
f 1376/261/990 774/260/990 1375/251/990
f 1375/251/991 773/259/991 1374/248/991
f 1374/248/992 273/258/992 696/257/992
f 1371/245/993 696/257/993 695/256/993
f 1368/869/994 695/256/994 694/253/994
f 1377/268/995 1381/269/995 1380/271/995
f 1379/273/996 1381/269/996 1378/270/996
f 1380/271/997 1384/272/997 1383/280/997
f 1381/269/998 1385/274/998 1384/272/998
f 278/276/999 1377/268/999 745/278/999
f 734/277/1000 1378/270/1000 1377/268/1000
f 736/290/1001 1378/270/1001 735/291/1001
f 258/289/1002 1379/273/1002 736/290/1002
f 654/288/1003 1382/870/1003 1379/273/1003
f 653/287/1004 1385/274/1004 1382/870/1004
f 1385/274/1005 246/285/1005 676/284/1005
f 1384/272/1006 676/284/1006 677/283/1006
f 1383/280/1007 677/283/1007 678/282/1007
f 743/871/1008 678/282/1008 266/455/1008
f 744/279/1009 1383/280/1009 743/871/1009
f 745/278/1010 1380/271/1010 744/279/1010
f 1387/293/1011 1389/292/1011 1386/294/1011
f 1388/297/1012 1390/872/1012 1387/293/1012
f 1390/872/1013 1392/295/1013 1389/292/1013
f 1391/299/1014 1393/298/1014 1390/872/1014
f 722/301/1015 733/300/1015 277/302/1015
f 723/314/1016 1386/294/1016 722/301/1016
f 724/313/1017 1387/293/1017 723/314/1017
f 257/312/1018 1388/297/1018 724/313/1018
f 651/311/1019 1391/299/1019 1388/297/1019
f 650/310/1020 1394/307/1020 1391/299/1020
f 649/309/1021 682/308/1021 1394/307/1021
f 1394/307/1022 683/306/1022 1393/298/1022
f 1393/298/1023 684/305/1023 1392/295/1023
f 731/304/1024 684/305/1024 268/402/1024
f 1389/292/1025 731/304/1025 732/873/1025
f 1386/294/1026 732/873/1026 733/300/1026
f 1396/874/1027 1398/315/1027 1395/317/1027
f 1397/320/1028 1399/875/1028 1396/874/1028
f 1399/875/1029 1401/318/1029 1398/315/1029
f 1400/322/1030 1402/321/1030 1399/875/1030
f 276/323/1031 1395/317/1031 721/325/1031
f 711/338/1032 1395/317/1032 710/324/1032
f 712/337/1033 1396/874/1033 711/338/1033
f 259/336/1034 1397/320/1034 712/337/1034
f 657/335/1035 1400/322/1035 1397/320/1035
f 656/334/1036 1403/331/1036 1400/322/1036
f 1403/331/1037 245/332/1037 416/330/1037
f 1402/321/1038 416/330/1038 417/329/1038
f 1401/318/1039 417/329/1039 418/328/1039
f 719/327/1040 418/328/1040 270/856/1040
f 720/876/1041 1401/318/1041 719/327/1041
f 721/325/1042 1398/315/1042 720/876/1042
f 1404/339/1043 1408/340/1043 1407/342/1043
f 1405/341/1044 1409/344/1044 1408/340/1044
f 1407/342/1045 1411/343/1045 1410/351/1045
f 1408/340/1046 1412/346/1046 1411/343/1046
f 275/347/1047 1404/339/1047 709/349/1047
f 699/348/1048 1405/341/1048 1404/339/1048
f 700/358/1049 1406/345/1049 1405/341/1049
f 264/356/1050 1406/345/1050 701/357/1050
f 1406/345/1051 671/354/1051 1409/344/1051
f 1409/344/1052 670/353/1052 1412/346/1052
f 1412/346/1053 244/255/1053 694/253/1053
f 1411/343/1054 694/253/1054 695/256/1054
f 1410/351/1055 695/256/1055 696/257/1055
f 707/352/1056 696/257/1056 273/258/1056
f 708/350/1057 1410/351/1057 707/352/1057
f 709/349/1058 1407/342/1058 708/350/1058
f 1413/359/1059 1417/360/1059 1416/365/1059
f 1414/361/1060 1418/362/1060 1417/360/1060
f 1415/363/1061 620/238/1061 1418/362/1061
f 1418/362/1062 264/370/1062 701/369/1062
f 1417/360/1063 701/369/1063 700/368/1063
f 1416/365/1064 700/368/1064 699/367/1064
f 705/366/1065 699/367/1065 275/347/1065
f 706/364/1066 1416/365/1066 705/366/1066
f 1419/371/1067 1423/372/1067 1422/377/1067
f 1420/373/1068 1424/374/1068 1423/372/1068
f 1421/375/1069 705/366/1069 1424/374/1069
f 1424/374/1070 275/347/1070 704/381/1070
f 1423/372/1071 704/381/1071 703/380/1071
f 1422/377/1072 703/380/1072 702/379/1072
f 698/378/1073 702/379/1073 274/72/1073
f 697/376/1074 1422/377/1074 698/378/1074
f 1425/382/1075 1429/383/1075 1428/877/1075
f 1426/384/1076 1430/387/1076 1429/383/1076
f 1428/877/1077 1432/386/1077 1431/390/1077
f 1429/383/1078 1433/389/1078 1432/386/1078
f 274/72/1079 1425/382/1079 646/70/1079
f 702/379/1080 1426/384/1080 1425/382/1080
f 703/380/1081 1427/388/1081 1426/384/1081
f 704/381/1082 709/349/1082 1427/388/1082
f 1427/388/1083 708/350/1083 1430/387/1083
f 1430/387/1084 707/352/1084 1433/389/1084
f 1433/389/1085 273/258/1085 643/393/1085
f 1432/386/1086 643/393/1086 644/392/1086
f 1431/390/1087 644/392/1087 645/391/1087
f 648/68/1088 645/391/1088 256/859/1088
f 647/69/1089 1431/390/1089 648/68/1089
f 646/70/1090 1428/877/1090 647/69/1090
f 1434/394/1091 1438/395/1091 1437/397/1091
f 1435/396/1092 1439/399/1092 1438/395/1092
f 1437/397/1093 1441/398/1093 1440/405/1093
f 1438/395/1094 1442/401/1094 1441/398/1094
f 268/402/1095 1434/394/1095 718/403/1095
f 683/306/1096 1434/394/1096 684/305/1096
f 682/308/1097 1435/396/1097 683/306/1097
f 248/410/1098 1436/400/1098 682/308/1098
f 1436/400/1099 584/408/1099 1439/399/1099
f 1439/399/1100 583/407/1100 1442/401/1100
f 1442/401/1101 259/336/1101 712/337/1101
f 1441/398/1102 712/337/1102 711/338/1102
f 1440/405/1103 711/338/1103 710/324/1103
f 716/406/1104 710/324/1104 276/323/1104
f 717/404/1105 1440/405/1105 716/406/1105
f 718/403/1106 1437/397/1106 717/404/1106
f 1443/411/1107 1447/412/1107 1446/414/1107
f 1444/413/1108 1448/416/1108 1447/412/1108
f 1446/414/1109 1450/415/1109 1449/420/1109
f 1447/412/1110 1451/418/1110 1450/415/1110
f 253/15/1111 1443/411/1111 688/49/1111
f 633/419/1112 1444/413/1112 1443/411/1112
f 632/429/1113 1445/417/1113 1444/413/1113
f 631/427/1114 821/426/1114 1445/417/1114
f 1445/417/1115 822/425/1115 1448/416/1115
f 1448/416/1116 823/424/1116 1451/418/1116
f 1451/418/1117 288/423/1117 808/422/1117
f 1450/415/1118 808/422/1118 807/446/1118
f 1450/415/1119 806/421/1119 1449/420/1119
f 1449/420/1120 271/46/1120 690/44/1120
f 1446/414/1121 690/44/1121 689/47/1121
f 688/49/1122 1446/414/1122 689/47/1122
f 1452/430/1123 1456/878/1123 1455/433/1123
f 1453/432/1124 1457/435/1124 1456/878/1124
f 1455/433/1125 1459/879/1125 1458/438/1125
f 1456/878/1126 1460/437/1126 1459/879/1126
f 271/46/1127 1452/430/1127 637/45/1127
f 806/421/1128 1453/432/1128 1452/430/1128
f 807/446/1129 1454/436/1129 1453/432/1129
f 808/422/1130 830/445/1130 1454/436/1130
f 1454/436/1131 831/880/1131 1457/435/1131
f 1457/435/1132 832/443/1132 1460/437/1132
f 1460/437/1133 289/442/1133 362/441/1133
f 1459/879/1134 362/441/1134 363/440/1134
f 1458/438/1135 363/440/1135 364/439/1135
f 639/43/1136 364/439/1136 254/41/1136
f 638/48/1137 1458/438/1137 639/43/1137
f 637/45/1138 1455/433/1138 638/48/1138
f 1461/447/1139 1465/448/1139 1464/450/1139
f 1462/449/1140 1466/452/1140 1465/448/1140
f 1464/450/1141 1468/451/1141 1467/458/1141
f 1465/448/1142 1469/454/1142 1468/451/1142
f 266/455/1143 1461/447/1143 730/456/1143
f 678/282/1144 1462/449/1144 1461/447/1144
f 677/283/1145 1463/453/1145 1462/449/1145
f 676/284/1146 578/462/1146 1463/453/1146
f 1463/453/1147 577/461/1147 1466/452/1147
f 1466/452/1148 576/460/1148 1469/454/1148
f 1469/454/1149 257/312/1149 724/313/1150
f 1468/451/1151 724/313/1151 723/314/1151
f 1467/458/1152 723/314/1152 722/301/1152
f 728/459/1153 722/301/1153 277/302/1153
f 729/881/1154 1467/458/1155 728/459/1155
f 730/456/1156 1464/450/1156 729/881/1156
f 1470/463/1157 1474/464/1157 1473/466/1157
f 1471/465/1158 1475/468/1158 1474/464/1158
f 1473/466/1159 1477/467/1159 1476/472/1159
f 1474/464/1160 1478/470/1160 1477/467/1160
f 252/25/1161 1470/463/1161 685/24/1161
f 627/471/1162 1471/465/1162 1470/463/1162
f 626/481/1163 1472/469/1163 1471/465/1163
f 625/479/1164 818/478/1164 1472/469/1164
f 1472/469/1165 819/477/1165 1475/468/1165
f 1475/468/1166 820/476/1166 1478/470/1166
f 1478/470/1167 286/475/1167 802/474/1167
f 1477/467/1168 802/474/1168 801/473/1168
f 1476/472/1169 801/473/1169 800/490/1169
f 1476/472/1170 269/20/1170 687/18/1170
f 1473/466/1171 687/18/1171 686/21/1171
f 685/24/1172 1473/466/1172 686/21/1172
f 1479/482/1173 1483/483/1173 1482/485/1173
f 1480/484/1174 1484/487/1174 1483/483/1174
f 1482/485/1175 1486/882/1175 1485/491/1175
f 1483/483/1176 1487/489/1176 1486/882/1176
f 269/20/1177 1479/482/1177 634/19/1177
f 800/490/1178 1480/484/1178 1479/482/1178
f 801/473/1179 1481/488/1179 1480/484/1179
f 802/474/1180 827/494/1180 1481/488/1180
f 1481/488/1181 828/883/1181 1484/487/1181
f 1484/487/1182 829/492/1182 1487/489/1182
f 1487/489/1183 290/428/1183 631/427/1183
f 1486/882/1184 631/427/1184 632/429/1184
f 1485/491/1185 632/429/1185 633/419/1185
f 636/17/1186 633/419/1186 253/15/1186
f 635/22/1187 1485/491/1187 636/17/1187
f 634/19/1188 1482/485/1188 635/22/1188
f 1490/496/1189 1502/495/1189 1489/884/1189
f 1492/508/1190 1490/496/1190 1491/509/1190
f 1493/507/1191 1488/499/1191 1492/508/1191
f 1496/502/1192 1494/505/1192 1495/506/1192
f 1498/503/1193 1496/502/1193 1497/504/1193
f 1499/500/1194 1488/499/1194 1498/503/1194
f 1501/498/1195 1488/499/1195 1500/501/1195
f 675/511/1196 742/510/1196 265/512/1196
f 674/514/1197 1489/884/1197 675/511/1197
f 1489/884/1198 741/513/1198 742/510/1198
f 283/529/1199 1491/509/1199 673/531/1199
f 783/532/1200 1491/509/1200 784/530/1200
f 673/531/1201 1490/496/1201 674/514/1201
f 282/526/1202 1493/507/1202 782/528/1202
f 778/527/1203 1494/505/1203 1493/507/1203
f 782/528/1204 1492/508/1204 783/532/1204
f 281/522/1205 1495/506/1205 776/525/1205
f 772/523/1206 1496/502/1206 1495/506/1206
f 1495/506/1207 777/524/1207 776/525/1207
f 582/518/1208 770/517/1208 247/519/1208
f 581/521/1209 1497/504/1209 582/518/1209
f 1497/504/1210 771/520/1210 770/517/1210
f 258/289/1211 1499/500/1211 580/516/1211
f 736/290/1212 1500/501/1212 1499/500/1212
f 580/516/1213 1498/503/1213 581/521/1213
f 740/515/1214 734/277/1214 278/276/1214
f 740/515/1215 1502/495/1215 1501/498/1215
f 1501/498/1216 735/291/1216 734/277/1216
f 1503/533/1217 1507/534/1217 1506/536/1217
f 1504/535/1218 1508/538/1218 1507/534/1218
f 1506/536/1219 1510/537/1219 1509/542/1219
f 1507/534/1220 1511/540/1220 1510/537/1220
f 251/133/1221 1503/533/1221 679/132/1221
f 624/541/1222 1504/535/1222 1503/533/1222
f 623/552/1223 1505/539/1223 1504/535/1223
f 622/550/1224 815/549/1224 1505/539/1224
f 1505/539/1225 816/548/1225 1508/538/1225
f 1508/538/1226 817/547/1226 1511/540/1226
f 1511/540/1227 291/546/1227 814/545/1227
f 1510/537/1228 814/545/1228 813/544/1228
f 1509/542/1229 813/544/1229 812/543/1229
f 681/127/1230 812/543/1230 267/129/1230
f 680/865/1231 1509/542/1231 681/127/1231
f 679/132/1232 1506/536/1232 680/865/1232
f 1512/553/1233 1516/554/1233 1515/556/1233
f 1513/555/1234 1517/558/1234 1516/554/1234
f 1515/556/1235 1519/557/1235 1518/561/1235
f 1516/554/1236 1520/560/1236 1519/557/1236
f 267/129/1237 1512/553/1237 628/128/1237
f 812/543/1238 1513/555/1238 1512/553/1238
f 813/544/1239 1514/559/1239 1513/555/1239
f 814/545/1240 824/564/1240 1514/559/1240
f 1514/559/1241 825/563/1241 1517/558/1241
f 1517/558/1242 826/562/1242 1520/560/1242
f 1520/560/1243 287/480/1243 625/479/1243
f 1519/557/1244 625/479/1244 626/481/1244
f 1518/561/1245 626/481/1245 627/471/1245
f 630/126/1246 627/471/1246 252/25/1246
f 629/130/1247 1518/561/1247 630/126/1247
f 628/128/1248 1515/556/1248 629/130/1248
f 1522/566/1249 1524/565/1249 1521/567/1249
f 1523/570/1250 1525/569/1250 1522/566/1250
f 1524/565/1251 1528/568/1251 1527/576/1251
f 1525/569/1252 1529/571/1252 1528/568/1252
f 595/574/1253 754/573/1253 261/85/1253
f 596/583/1254 1521/567/1254 595/574/1254
f 1718/581/1255 1523/570/1255 1522/566/1255
f 691/580/1256 1526/572/1256 1523/570/1256
f 1526/572/1257 693/578/1257 1529/571/1257
f 1529/571/1258 272/113/1258 748/112/1258
f 1528/568/1259 748/112/1259 747/114/1259
f 1527/576/1260 747/114/1260 746/100/1260
f 752/577/1261 746/100/1261 279/99/1262
f 753/575/1263 1527/576/1263 752/577/1263
f 754/573/1264 1524/565/1264 753/575/1264
f 1530/584/1265 1534/585/1265 1533/587/1265
f 1531/586/1266 1535/589/1266 1534/585/1266
f 1533/587/1267 1537/588/1267 1536/596/1267
f 1534/585/1268 1538/591/1268 1537/588/1268
f 249/592/1269 1530/584/1269 588/594/1269
f 661/593/1270 1531/586/1270 1530/584/1270
f 662/602/1271 1532/590/1271 1531/586/1271
f 663/601/1272 754/573/1272 1532/590/1272
f 1532/590/1273 753/575/1273 1535/589/1273
f 1535/589/1274 752/577/1274 1538/591/1274
f 1538/591/1275 279/99/1275 751/600/1275
f 1537/588/1276 751/600/1276 750/599/1276
f 1536/596/1277 750/599/1277 749/598/1277
f 586/597/1278 749/598/1278 260/611/1278
f 587/595/1279 1536/596/1279 586/597/1279
f 588/594/1280 1533/587/1280 587/595/1280
f 1539/603/1281 1543/604/1281 1542/606/1281
f 1540/605/1282 1544/608/1282 1543/604/1282
f 1542/606/1283 1546/607/1283 1545/614/1283
f 1543/604/1284 1547/610/1284 1546/607/1284
f 260/611/1285 1539/603/1285 660/612/1285
f 749/598/1286 1540/605/1286 1539/603/1286
f 750/599/1287 1541/609/1287 1540/605/1287
f 751/600/1288 757/101/1288 1541/609/1288
f 1541/609/1289 756/102/1289 1544/608/1289
f 1544/608/1290 755/104/1290 1547/610/1290
f 1547/610/1291 262/619/1291 603/618/1291
f 1546/607/1292 603/618/1292 604/617/1292
f 1545/614/1293 604/617/1293 605/616/1293
f 658/615/1294 605/616/1294 250/885/1294
f 659/613/1295 1545/614/1295 658/615/1295
f 660/612/1296 1542/606/1296 659/613/1296
f 1736/622/1297 1550/620/1298 1549/623/1297
f 1549/623/1299 1553/624/1299 1552/630/1299
f 1550/620/1300 1554/625/1300 1553/624/1300
f 1551/626/1012 698/378/1012 1554/625/1012
f 1554/625/1301 274/72/1301 760/71/1301
f 1553/624/1302 760/71/1302 759/73/1302
f 1552/630/1303 759/73/1303 758/59/1303
f 764/631/1304 758/59/1304 280/58/1304
f 765/629/1305 1552/630/1305 764/631/1305
f 766/627/1306 1549/623/1306 765/629/1306
f 1555/632/1307 1559/633/1307 1558/635/1307
f 1556/634/1308 1560/637/1308 1559/633/1308
f 1558/635/1309 1562/636/1309 1561/642/1309
f 1559/633/1310 1563/639/1310 1562/636/1310
f 1557/638/1311 765/629/1311 1560/637/1311
f 1560/637/1312 764/631/1312 1563/639/1312
f 1563/639/1313 280/58/1313 763/646/1313
f 1562/636/1314 763/646/1314 762/645/1314
f 1561/642/1315 762/645/1315 761/644/1315
f 693/643/1316 761/644/1316 272/886/1316
f 692/641/1317 1561/642/1317 693/643/1317
f 691/640/1318 1558/635/1318 692/641/1318
f 1564/647/1319 1568/648/1319 1567/650/1319
f 1565/649/1320 1569/652/1320 1568/648/1320
f 1567/650/1321 1571/651/1321 1570/656/1321
f 1568/648/1322 1572/654/1322 1571/651/1322
f 272/113/1323 1564/647/1323 640/111/1323
f 761/655/1324 1565/649/1324 1564/647/1324
f 762/662/1325 1566/653/1325 1565/649/1325
f 763/661/1326 769/60/1326 1566/653/1326
f 1566/653/1327 768/61/1327 1569/652/1327
f 1569/652/1328 767/63/1328 1572/654/1328
f 1572/654/1329 263/660/1329 606/659/1329
f 1571/651/1330 606/659/1330 607/658/1330
f 1570/656/1331 607/658/1331 608/657/1331
f 642/109/1332 608/657/1332 255/108/1332
f 641/110/1333 1570/656/1333 642/109/1333
f 640/111/1334 1567/650/1334 641/110/1334
f 1575/664/1335 1585/663/1335 1574/665/1335
f 1576/675/1336 1573/667/1336 1575/664/1336
f 1579/670/1337 1577/673/1337 1578/674/1337
f 1581/671/1338 1579/670/1338 1580/672/1338
f 1582/668/1339 1573/667/1339 1581/671/1339
f 1584/666/1340 1573/667/1340 1583/669/1340
f 837/887/1341 1574/665/1341 836/677/1341
f 1574/665/1342 601/134/1342 602/136/1342
f 292/690/1343 1576/675/1343 838/692/1343
f 597/691/1344 1577/673/1344 1576/675/1344
f 838/692/1345 1575/664/1345 837/887/1345
f 588/688/1346 599/687/1346 249/80/1346
f 587/685/1347 1578/674/1347 588/688/1347
f 1578/674/1348 598/689/1348 599/687/1348
f 660/684/1349 586/683/1349 260/611/1349
f 659/686/1350 1580/672/1350 660/684/1350
f 1580/672/1351 587/685/1351 586/683/1351
f 839/680/1352 658/679/1352 250/681/1352
f 840/682/1353 1582/668/1353 839/680/1353
f 658/679/1354 1581/671/1354 659/686/1354
f 251/133/1355 1584/666/1355 841/678/1355
f 600/131/1356 1585/663/1356 1584/666/1356
f 841/678/1357 1583/669/1357 840/682/1357
f 1586/693/1358 1590/694/1358 1589/696/1358
f 1587/695/1359 1591/698/1359 1590/694/1359
f 1589/696/1360 1593/697/1360 1592/703/1360
f 1590/694/1361 1594/700/1361 1593/697/1361
f 281/701/1362 1586/693/1362 775/262/1362
f 776/702/1363 1587/695/1363 1586/693/1363
f 777/709/1364 1588/699/1364 1587/695/1364
f 778/707/1365 781/706/1365 1588/699/1365
f 1588/699/1366 780/705/1366 1591/698/1366
f 1591/698/1367 779/704/1367 1594/700/1367
f 1594/700/1368 256/859/1368 645/391/1368
f 1593/697/1369 645/391/1369 644/392/1369
f 1592/703/1370 644/392/1370 643/393/1370
f 773/259/1371 643/393/1371 273/258/1371
f 774/260/1372 1592/703/1372 773/259/1372
f 775/262/1373 1589/696/1373 774/260/1373
f 1595/710/1374 1599/711/1374 1598/713/1374
f 1597/715/1375 1599/711/1375 1596/712/1375
f 1598/713/1376 1602/714/1376 1601/719/1376
f 1599/711/1377 1603/716/1377 1602/714/1377
f 282/708/1378 1595/710/1378 781/706/1378
f 783/888/1379 1595/710/1379 782/718/1379
f 784/724/1380 1596/712/1380 783/888/1380
f 283/723/1381 1597/715/1381 784/724/1381
f 787/889/1382 1600/717/1382 1597/715/1382
f 1600/717/1383 785/720/1383 1603/716/1383
f 1603/716/1384 263/660/1384 669/64/1384
f 1602/714/1385 669/64/1385 668/65/1385
f 1601/719/1386 668/65/1386 667/66/1386
f 779/704/1387 667/66/1387 256/859/1387
f 780/705/1388 1601/719/1388 779/704/1388
f 781/706/1389 1598/713/1389 780/705/1389
f 1606/727/1390 1614/726/1390 1605/728/1390
f 1607/736/1391 1604/732/1391 1606/727/1391
f 1610/890/1392 1608/733/1392 1609/735/1392
f 1611/731/1393 1604/732/1393 1610/890/1393
f 1614/726/1394 1612/729/1394 1613/730/1394
f 673/737/1395 787/889/1395 283/723/1395
f 674/738/1396 1605/728/1396 673/737/1396
f 1605/728/1397 786/721/1397 787/889/1397
f 265/512/1398 1607/736/1398 675/746/1398
f 788/745/1399 1608/733/1399 1607/736/1399
f 675/746/1400 1606/727/1400 674/738/1400
f 793/741/1401 790/740/1401 284/742/1401
f 792/744/1402 1609/735/1402 793/741/1402
f 1609/735/1403 789/743/1403 790/740/1403
f 255/108/1404 1611/731/1404 791/739/1404
f 608/657/1405 1612/729/1405 1611/731/1405
f 791/739/1406 1610/890/1406 792/744/1406
f 785/720/1407 606/659/1407 263/660/1407
f 786/721/1408 1613/730/1408 785/720/1408
f 1613/730/1409 607/658/1409 606/659/1409
f 1615/747/1410 1619/748/1410 1618/750/1410
f 1616/749/1411 1620/752/1411 1619/748/1411
f 1618/750/1412 1622/751/1412 1621/756/1412
f 1619/748/1413 1623/754/1413 1622/751/1413
f 284/742/1414 1615/747/1414 793/741/1414
f 794/755/1415 1616/749/1415 1615/747/1415
f 795/761/1416 1617/753/1416 1616/749/1416
f 796/760/1417 799/759/1417 1617/753/1417
f 1617/753/1418 798/758/1418 1620/752/1418
f 1620/752/1419 797/891/1419 1623/754/1419
f 1623/754/1420 262/619/1420 666/105/1420
f 1622/751/1421 666/105/1421 665/106/1421
f 1621/756/1422 665/106/1422 664/107/1422
f 791/739/1423 664/107/1423 255/108/1423
f 792/744/1424 1621/756/1424 791/739/1424
f 793/741/1425 1618/750/1425 792/744/1425
f 1624/762/1426 1628/892/1426 1627/765/1426
f 1625/764/1427 1629/767/1427 1628/892/1427
f 1627/765/1428 1631/766/1428 1630/770/1428
f 1628/892/1429 1632/769/1429 1631/766/1429
f 285/551/1430 1624/762/1430 799/759/1430
f 622/550/1431 1625/764/1431 1624/762/1431
f 623/778/1432 1626/768/1432 1625/764/1432
f 624/776/1433 841/775/1433 1626/768/1433
f 1626/768/1434 840/774/1434 1629/767/1434
f 1629/767/1435 839/680/1435 1632/769/1435
f 1632/769/1436 250/681/1436 605/773/1436
f 1631/766/1437 605/773/1437 604/772/1437
f 1630/770/1438 604/772/1438 603/771/1438
f 797/891/1439 603/771/1439 262/619/1439
f 798/758/1440 1630/770/1440 797/891/1440
f 799/759/1441 1627/765/1441 798/758/1441
f 1635/780/1442 1643/779/1442 1634/781/1442
f 1636/789/1443 1633/785/1443 1635/780/1443
f 1639/787/1444 1637/786/1444 1638/788/1444
f 1640/784/1445 1633/785/1445 1639/787/1445
f 1643/779/1446 1641/782/1446 1642/783/1446
f 285/551/1447 1634/781/1447 815/549/1447
f 795/761/1448 1634/781/1448 796/760/1448
f 815/549/1449 1643/779/1449 816/548/1449
f 284/793/1450 1636/789/1450 794/795/1450
f 790/794/1451 1637/786/1451 1636/789/1451
f 794/795/1452 1635/780/1452 795/761/1452
f 742/510/1453 788/745/1453 265/512/1453
f 741/513/1454 1638/788/1454 742/510/1454
f 1638/788/1455 789/743/1455 788/745/1455
f 278/276/1456 1640/784/1456 740/515/1456
f 739/792/1457 1641/782/1457 1640/784/1457
f 740/515/1458 1639/787/1458 741/513/1458
f 817/547/1459 737/790/1459 291/546/1459
f 816/548/1460 1642/783/1460 817/547/1460
f 1642/783/1461 738/791/1461 737/790/1461
f 1644/796/1462 1648/797/1462 1647/799/1462
f 1645/798/1463 1649/801/1463 1648/797/1463
f 1647/799/1464 1651/800/1464 1650/805/1464
f 1648/797/1465 1652/803/1465 1651/800/1465
f 287/480/1466 1644/796/1466 818/478/1466
f 805/804/1467 1645/798/1467 1644/796/1467
f 804/810/1468 1646/802/1468 1645/798/1468
f 803/809/1469 730/456/1469 1646/802/1469
f 1646/802/1470 729/881/1470 1649/801/1470
f 1649/801/1471 728/459/1471 1652/803/1471
f 1652/803/1472 277/302/1472 727/808/1472
f 1651/800/1473 727/808/1473 726/807/1473
f 1650/805/1474 726/807/1474 725/806/1474
f 820/476/1475 725/806/1475 286/475/1475
f 819/477/1476 1650/805/1476 820/476/1476
f 818/478/1477 1647/799/1477 819/477/1477
f 1653/811/1478 1657/812/1478 1656/814/1478
f 1654/813/1479 1658/816/1479 1657/812/1479
f 1656/814/1480 1660/815/1480 1659/820/1480
f 1657/812/1481 1661/818/1481 1660/815/1481
f 290/428/1482 1653/811/1482 821/426/1482
f 811/819/1483 1654/813/1483 1653/811/1483
f 810/893/1484 1655/817/1484 1654/813/1484
f 809/824/1485 718/403/1485 1655/817/1485
f 1655/817/1486 717/404/1486 1658/816/1486
f 1658/816/1487 716/406/1487 1661/818/1487
f 1661/818/1488 276/323/1488 715/823/1488
f 1660/815/1489 715/823/1489 714/822/1489
f 1659/820/1490 714/822/1490 713/821/1490
f 823/424/1491 713/821/1491 288/423/1491
f 822/425/1492 1659/820/1492 823/424/1492
f 821/426/1493 1656/814/1493 822/425/1493
f 1662/826/1494 1666/827/1494 1665/829/1494
f 1663/828/1495 1667/831/1495 1666/827/1495
f 1665/829/1496 1669/830/1496 1668/834/1496
f 1666/827/1497 1670/833/1497 1669/830/1497
f 291/546/1498 1662/826/1498 824/564/1498
f 737/790/1499 1663/828/1499 1662/826/1499
f 738/791/1500 1664/832/1500 1663/828/1500
f 739/792/1501 745/278/1501 1664/832/1501
f 1664/832/1502 744/279/1502 1667/831/1502
f 1667/831/1503 743/871/1503 1670/833/1503
f 1670/833/1504 266/455/1504 803/809/1504
f 1669/830/1505 803/809/1505 804/810/1505
f 1668/834/1506 804/810/1506 805/804/1506
f 826/562/1507 805/804/1507 287/480/1507
f 825/563/1508 1668/834/1508 826/562/1508
f 824/564/1509 1665/829/1509 825/563/1509
f 1671/835/1510 1675/894/1510 1674/838/1510
f 1672/837/1511 1676/895/1511 1675/894/1511
f 1674/838/1512 1678/839/1512 1677/843/1512
f 1675/894/1513 1679/842/1513 1678/839/1513
f 286/475/1514 1671/835/1514 827/494/1514
f 725/806/1515 1672/837/1515 1671/835/1515
f 726/807/1516 1673/841/1516 1672/837/1516
f 727/808/1517 733/300/1517 1673/841/1517
f 1673/841/1518 732/873/1518 1676/895/1518
f 1676/895/1519 731/304/1519 1679/842/1519
f 1679/842/1520 268/402/1520 809/824/1520
f 1678/839/1521 809/824/1521 810/893/1521
f 1677/843/1522 810/893/1522 811/819/1522
f 829/492/1523 811/819/1523 290/428/1523
f 828/883/1524 1677/843/1524 829/492/1524
f 827/494/1525 1674/838/1525 828/883/1525
f 1680/844/1526 1684/845/1526 1683/847/1526
f 1681/846/1527 1685/849/1527 1684/845/1527
f 1683/847/1528 1687/848/1528 1686/852/1528
f 1684/845/1529 1688/851/1529 1687/848/1529
f 288/423/1530 1680/844/1530 830/445/1530
f 713/821/1531 1681/846/1531 1680/844/1531
f 714/822/1532 1682/850/1532 1681/846/1532
f 715/823/1533 721/325/1533 1682/850/1533
f 1682/850/1534 720/876/1534 1685/849/1534
f 1685/849/1535 719/327/1535 1688/851/1535
f 1688/851/1536 270/856/1536 540/855/1536
f 1687/848/1537 540/855/1537 541/854/1537
f 1686/852/1538 541/854/1538 542/853/1538
f 832/443/1539 542/853/1539 289/442/1539
f 831/880/1540 1686/852/1540 832/443/1540
f 830/445/1541 1683/847/1541 831/880/1541
f 1722/896/1542 1555/632/1542 691/640/1542
f 1816/897/1543 571/676/1543 572/692/1543
f 1900/896/1544 1134/632/1544 1901/898/1544
f 1785/899/1545 1313/116/1545 1312/117/1545
f 1826/900/1546 570/677/1546 1825/901/1546
f 1848/902/1547 314/14/1547 843/4/1547
f 1866/903/1548 1000/373/1548 1002/375/1548
f 1778/904/1549 1270/3/1549 1269/4/1549
f 1779/905/1550 1271/857/1550 1270/3/1550
f 1864/906/1551 998/371/1551 1000/373/1551
f 1824/1/1552 146/1/1552 59/1/1552 1830/1/1552 1829/1/1552
f 1846/904/1553 843/4/1553 852/3/1553
f 1864/1/1554 125/1/1554 126/1/1554 123/1/1554 1866/1/1554 1865/1/1554
f 1698/1/1555 195/1/1555 196/1/1555 92/1/1555 1696/1/1555 1697/1/1555
f 1698/907/1556 1699/908/1556 597/691/1556
f 1731/909/1557 1732/910/1557 1735/911/1557 1548/628/1557 766/627/1557
f 1842/912/1558 851/12/1558 311/27/1558
f 1821/1/1559 148/1/1559 149/1/1559 146/1/1559 1823/1/1559 1822/1/1559
f 1844/913/1560 852/3/1560 851/12/1560
f 1882/914/1561 497/627/1561 1884/909/1561
f 1868/915/1562 437/364/1562 992/359/1562
f 1738/1/1563 193/1/1563 191/1/1563 1748/1/1563 1747/1/1563 1745/1/1563 1746/1/1563
f 1726/916/1564 1556/634/1564 1555/632/1564
f 1823/1/1565 146/1/1565 1824/1/1565
f 1740/1/1566 180/1/1566 88/1/1566 1732/1/1566 1735/1/1566 1736/1/1566 1739/1/1566
f 1875/235/1567 1874/917/1567 940/230/1567
f 1776/918/1568 1269/4/1568 594/14/1568
f 1744/919/1569 1420/373/1569 1419/371/1569
f 1756/920/1570 1415/363/1570 1414/361/1570
f 1772/921/1571 1282/38/1571 1281/29/1571
f 1741/922/1572 697/376/1572 1551/626/1572
f 1790/923/1573 602/136/1573 1314/125/1573
f 1754/924/1574 621/237/1574 1415/363/1574
f 1869/925/1575 994/361/1575 1870/920/1575
f 1727/926/1576 766/627/1576 1557/638/1576
f 1694/897/1577 838/692/1577 837/887/1577
f 1704/927/1578 249/80/1578 599/687/1578
f 1805/928/1579 243/690/1579 317/691/1579
f 1700/1/1580 195/1/1580 1698/1/1580 1699/1/1580
f 1893/929/1581 437/364/1581 1894/930/1581
f 1722/931/1582 1523/570/1582 1721/932/1582
f 1798/1/1583 135/1/1583 1806/1/1583 1809/1/1583 1810/1/1583 1808/1/1583
f 1794/933/1584 317/691/1584 318/689/1584
f 1799/934/1585 296/79/1585 1855/935/1585
f 1702/936/1586 1703/937/1586 599/687/1586
f 1728/938/1587 1557/638/1587 1556/634/1587
f 1883/1/1588 54/1/1588 124/1/1588 1888/1/1588 1887/1/1588 1886/1/1588 1885/1/1588
f 1764/939/1589 1766/940/1589 308/40/1589
f 1751/929/1590 706/364/1590 1421/375/1590
f 1867/924/1591 346/237/1591 1871/236/1591
f 854/30/1592 863/29/1592 1761/941/1592
f 1760/917/1593 1759/235/1593 1365/230/1593
f 1742/1/1594 1743/1/1594 182/1/1594
f 1888/942/1595 1130/620/1595 1132/626/1595
f 1861/1/1596 58/1/1596 133/1/1596 131/1/1596 1860/1/1596
f 1850/943/1597 1852/944/1597 862/38/1597
f 1835/945/1598 895/116/1598 894/125/1598
f 837/887/1599 836/677/1599 1692/946/1599
f 1902/916/1600 1134/632/1600 1137/634/1600
f 1775/947/1601 594/14/1601 1282/38/1601
f 1807/1/1602 7/1/1602 38/1/1602 147/1/1602 1812/1/1602 1815/1/1602
f 1740/948/1603 1551/626/1603 1550/620/1603
f 1839/899/1604 886/117/1604 895/116/1604
f 1689/900/1605 836/677/1605 1792/949/1605
f 1750/903/1606 1421/375/1606 1420/373/1606
f 1796/950/1607 318/689/1607 319/687/1607
f 322/136/1608 1153/665/1608 570/677/1608
f 1881/938/1609 1137/634/1609 1140/638/1609
f 1782/912/1610 1271/857/1610 1781/951/1610
f 1281/29/1611 1280/30/1611 1769/941/1611
f 1755/952/1612 1414/361/1612 1413/359/1612
f 1717/1/1613 188/1/1613 185/1/1613 1724/1/1613 1723/1/1613 1720/1/1613 1719/1/1613
f 1851/921/1614 863/29/1614 862/38/1614
f 1700/953/1615 598/689/1615 597/691/1615
f 1696/954/1616 292/690/1616 838/692/1616
f 836/677/1617 1574/665/1617 602/136/1617
f 1870/920/1618 996/363/1618 1867/924/1618
f 1765/939/1619 1280/30/1619 308/40/1619
f 203/80/1620 1800/955/1620 319/687/1620
f 1804/954/1621 572/692/1621 243/690/1621
f 1900/931/1622 1106/570/1622 422/580/1622
f 1742/956/1623 1419/371/1623 697/376/1623
f 1866/1/1624 123/1/1624 1868/1/1624 1894/1/1624 1893/1/1624
f 1783/957/1625 1312/117/1625 591/27/1625
f 1831/923/1626 894/125/1626 322/136/1626
f 1841/957/1627 311/27/1627 886/117/1627
f 1705/1/1628 198/1/1628 197/1/1628 1702/1/1628 1703/1/1628 1704/1/1628
f 1753/958/1629 1413/359/1629 706/364/1629
f 1830/1/1630 59/1/1630 136/1/1630 1837/1/1630 1833/1/1630 1832/1/1630
f 1730/1/1631 91/1/1631 193/1/1631 1738/1/1631 1737/1/1631 1733/1/1631 1734/1/1631
f 1702/1/1632 197/1/1632 195/1/1632 1700/1/1632 1701/1/1632
f 1722/1/1633 1725/1/1633 177/1/1633
f 1890/956/1634 998/371/1635 1891/959/1635
f 1705/934/1636 579/79/1636 1704/927/1636
f 1889/922/1637 428/376/1637 1890/956/1637
f 1812/1/1638 147/1/1638 1814/1/1638 1813/1/1638
f 1314/125/1639 1313/116/1639 1787/945/1639
f 1814/1/1640 147/1/1640 148/1/1640 1821/1/1640 1817/1/1640
f 844/2/93 842/6/93 852/3/93
f 845/5/94 846/8/94 842/6/94
f 848/7/95 842/6/95 846/8/95
f 850/10/96 842/6/96 848/7/96
f 851/12/1641 852/3/1641 842/6/1641
f 313/13/98 844/2/98 843/4/98
f 207/15/99 361/17/99 845/5/99
f 361/17/100 360/22/100 846/8/100
f 312/16/101 845/5/101 844/2/101
f 415/18/102 847/9/102 359/19/102
f 414/21/103 848/7/103 847/9/103
f 847/9/104 846/8/104 360/22/104
f 309/23/1642 849/11/1642 413/24/1642
f 310/26/1643 850/10/1643 849/11/1643
f 849/11/1644 848/7/1644 414/21/1644
f 311/27/108 851/12/108 850/10/108
f 855/28/109 853/32/109 863/29/109
f 856/31/110 857/34/110 853/32/110
f 859/33/111 853/32/111 857/34/111
f 861/36/112 853/32/112 859/33/112
f 862/38/1645 863/29/1645 853/32/1645
f 307/39/1646 855/28/1646 854/30/1646
f 254/41/115 367/43/115 856/31/115
f 367/43/116 366/48/116 857/34/116
f 306/42/117 856/31/117 855/28/117
f 421/44/118 858/35/118 365/45/118
f 420/47/119 859/33/119 858/35/119
f 858/35/120 857/34/120 366/48/120
f 312/16/1647 860/37/1647 419/49/1647
f 313/13/1648 861/36/1648 860/37/1648
f 860/37/123 859/33/123 420/47/123
f 314/14/124 862/38/124 861/36/124
f 864/50/125 865/53/125 868/51/125
f 865/53/126 866/62/126 869/54/126
f 867/52/1649 868/51/1649 871/55/1649
f 868/51/1650 869/54/1650 872/57/1650
f 232/58/1651 500/60/1651 864/50/1651
f 500/60/1652 499/61/1652 865/53/1652
f 499/61/131 498/63/131 866/62/131
f 498/63/132 216/660/132 397/64/132
f 866/62/1653 397/64/1653 396/65/1653
f 869/54/1654 396/65/1654 395/66/1654
f 872/57/1655 395/66/1655 209/67/1655
f 871/55/136 872/57/136 376/68/136
f 870/56/1656 871/55/1656 375/69/1656
f 491/71/138 870/56/138 374/70/138
f 490/73/139 867/52/139 870/56/139
f 489/59/140 864/50/140 867/52/140
f 1858/862/141 873/82/141 1859/76/141
f 873/82/141 874/74/141 1859/76/141
f 874/74/142 875/86/142 1863/77/142
f 875/86/142 1877/88/142 1876/960/142
f 1863/77/142 875/86/142 1876/960/142
f 389/78/1657 873/82/1657 296/79/1657
f 390/81/144 874/74/144 873/82/144
f 1855/935/145 296/79/145 1856/84/145
f 296/79/145 873/82/145 1856/84/145
f 873/82/145 1858/862/145 1857/83/145
f 214/85/1658 315/89/1658 875/86/1658
f 875/86/1659 315/89/1659 1877/88/1659
f 315/89/1660 316/961/1660 1878/90/1660
f 391/87/1661 875/86/1661 874/74/1661
f 876/91/1662 877/94/1662 880/92/1662
f 877/94/150 878/103/150 881/95/150
f 879/93/151 880/92/151 883/96/151
f 880/92/152 881/95/152 884/98/152
f 231/99/1663 488/101/1663 876/91/1663
f 488/101/1664 487/102/1664 877/94/1664
f 487/102/1665 486/104/1665 878/103/1665
f 486/104/1666 215/619/1666 394/105/1666
f 878/103/157 394/105/157 393/106/157
f 881/95/158 393/106/158 392/107/158
f 884/98/159 392/107/159 208/108/159
f 883/96/160 884/98/160 370/109/160
f 882/97/161 883/96/161 369/110/161
f 479/112/1667 882/97/1667 368/111/1667
f 478/114/163 879/93/163 882/97/163
f 477/100/1668 876/91/1668 879/93/1668
f 887/115/165 885/119/165 895/116/165
f 888/118/1669 889/121/1669 885/119/1669
f 890/120/1670 891/123/1670 885/119/1670
f 893/122/168 885/119/168 891/123/168
f 894/125/1671 895/116/1671 885/119/1671
f 310/26/1672 887/115/1672 886/117/1672
f 206/25/1673 355/126/1673 888/118/1673
f 355/126/1674 354/130/1674 889/121/1674
f 309/23/173 888/118/173 887/115/173
f 409/127/1675 890/120/1675 353/128/1675
f 409/127/1676 408/135/1676 891/123/1676
f 890/120/176 889/121/176 354/130/176
f 320/131/178 892/124/178 407/132/178
f 321/134/1677 893/122/1677 892/124/1677
f 892/124/180 891/123/180 408/135/180
f 322/136/181 894/125/181 893/122/181
f 898/140/183 896/144/183 906/141/183
f 899/143/184 900/146/184 896/144/184
f 902/145/185 896/144/185 900/146/185
f 905/150/187 906/141/187 896/144/187
f 201/151/188 299/153/188 897/142/188
f 299/153/189 298/159/189 898/140/189
f 897/142/190 906/141/190 342/154/190
f 382/155/1678 899/143/1678 297/156/1678
f 381/158/1679 900/146/1679 899/143/1679
f 899/143/1680 898/140/1680 298/159/1680
f 335/160/194 901/147/194 380/161/194
f 336/163/195 902/145/195 901/147/195
f 901/147/196 900/146/196 381/158/196
f 199/175/203 569/177/203 907/166/203
f 569/177/204 568/178/204 908/167/204
f 568/178/205 567/179/205 909/170/205
f 567/179/1681 201/151/1681 341/152/1681
f 342/154/208 343/165/208 915/174/208
f 329/176/210 907/166/210 910/169/210
f 918/182/211 916/186/211 926/183/211
f 919/185/1682 920/188/1683 916/186/1682
f 922/187/213 916/186/213 920/188/213
f 924/190/214 916/186/214 922/187/214
f 302/193/216 917/184/216 338/194/216
f 301/196/1684 918/182/1684 917/184/1684
f 917/184/218 926/183/218 339/197/218
f 385/198/219 919/185/219 300/199/219
f 384/201/220 920/188/220 919/185/220
f 919/185/221 918/182/221 301/196/221
f 332/202/1685 921/189/1685 383/203/1685
f 333/205/223 922/187/223 921/189/223
f 921/189/1686 920/188/1686 384/201/1686
f 929/208/1687 927/217/1687 937/209/1687
f 931/211/228 927/217/228 929/208/228
f 933/213/229 927/217/229 931/211/229
f 295/219/232 928/210/232 335/160/232
f 295/219/233 294/224/233 929/208/233
f 928/210/235 937/209/235 336/163/235
f 379/220/236 930/212/236 293/221/236
f 378/223/237 931/211/237 930/212/237
f 930/212/1688 929/208/1688 294/224/1688
f 202/195/1689 338/194/1689 932/214/1689
f 338/194/1690 339/197/1690 933/213/1690
f 377/225/241 932/214/241 931/211/241
f 941/229/246 942/228/246 945/232/246
f 942/228/248 943/231/248 946/234/248
f 943/231/250 940/230/250 1871/236/250
f 940/230/1691 1874/917/1691 1871/236/1691
f 346/237/1692 345/238/1692 946/234/1692
f 345/238/1693 217/370/1693 400/239/1693
f 945/232/1694 946/234/1694 400/239/1694
f 944/233/254 945/232/254 399/240/254
f 329/242/255 944/233/255 398/241/255
f 948/245/258 951/249/258 950/246/258
f 949/248/1695 952/251/1695 951/249/1695
f 951/249/1696 954/252/1696 953/250/1696
f 952/251/1697 955/261/1697 954/252/1697
f 425/253/1698 947/247/1698 569/254/1698
f 426/256/263 948/245/263 947/247/263
f 427/257/1699 949/248/1699 948/245/1699
f 225/258/265 504/259/265 949/248/265
f 504/259/1700 505/260/1700 952/251/1700
f 505/260/267 506/262/267 955/261/267
f 506/262/268 233/701/268 503/263/268
f 955/261/1701 503/263/1701 502/264/1701
f 954/252/1702 502/264/1702 501/265/1702
f 953/250/271 501/265/271 201/151/271
f 950/246/272 953/250/272 567/266/272
f 947/247/273 950/246/273 568/267/273
f 956/268/1703 957/271/1703 960/269/1703
f 957/271/1704 958/280/1704 961/272/1704
f 960/269/1705 963/275/1705 962/273/1705
f 960/269/1706 961/272/1706 964/274/1706
f 230/276/278 476/278/278 956/268/278
f 476/278/1707 475/279/1707 957/271/1707
f 475/279/1708 474/281/1708 958/280/1708
f 474/281/1709 219/455/1709 406/282/1709
f 958/280/282 406/282/282 405/283/282
f 961/272/1710 405/283/1710 404/284/1710
f 964/274/284 404/284/284 200/285/284
f 964/274/1711 380/286/1711 381/287/1711
f 963/275/1712 381/287/1712 382/288/1712
f 962/273/1713 382/288/1713 211/289/1713
f 959/270/1714 962/273/1714 467/290/1714
f 465/277/1715 956/268/1715 959/270/1715
f 966/292/1716 969/296/1716 968/293/1716
f 967/295/291 970/298/291 969/296/291
f 969/296/292 972/299/292 971/297/292
f 970/298/293 973/307/293 972/299/293
f 464/300/294 965/294/294 453/301/294
f 463/303/295 966/292/295 965/294/295
f 462/304/296 967/295/296 966/292/296
f 462/304/297 221/402/297 412/305/297
f 412/305/298 411/306/298 970/298/298
f 411/306/1717 410/308/1717 973/307/1717
f 410/308/300 202/410/300 377/309/300
f 973/307/1718 377/309/1718 378/310/1718
f 972/299/302 378/310/302 379/311/302
f 971/297/303 379/311/303 210/312/303
f 968/293/1719 971/297/1719 455/313/1719
f 965/294/1720 968/293/1720 454/314/1720
f 975/315/1721 978/319/1721 977/316/1721
f 976/318/1722 979/321/1722 978/319/1722
f 978/319/1723 981/322/1723 980/320/1723
f 979/321/1724 982/331/1724 981/322/1724
f 228/323/1725 452/325/1725 974/317/1725
f 452/325/1726 451/326/1726 975/315/1726
f 451/326/1727 450/327/1727 976/318/1727
f 450/327/1728 270/856/1728 418/328/1728
f 976/318/1729 418/328/1729 417/329/1729
f 979/321/1730 417/329/1730 416/330/1730
f 982/331/1731 416/330/1731 245/332/1731
f 982/331/317 383/333/317 384/334/317
f 981/322/318 384/334/318 385/335/318
f 980/320/1732 385/335/1732 212/336/1732
f 977/316/320 980/320/320 443/337/320
f 974/317/321 977/316/321 442/338/321
f 983/339/1733 984/342/322 987/340/322
f 984/342/1734 985/351/1734 988/343/1734
f 986/341/324 987/340/324 990/344/324
f 987/340/1735 988/343/1735 991/346/1735
f 227/347/326 440/349/326 983/339/326
f 440/349/327 439/350/327 984/342/327
f 439/350/328 438/352/328 985/351/328
f 438/352/329 225/258/329 427/257/329
f 985/351/330 427/257/330 426/256/330
f 988/343/331 426/256/331 425/253/331
f 991/346/1736 425/253/1736 199/255/1736
f 990/344/333 991/346/333 398/353/333
f 989/345/334 990/344/334 399/354/334
f 989/345/335 400/355/335 217/356/335
f 431/358/336 986/341/336 989/345/336
f 430/348/337 983/339/337 986/341/337
f 992/359/338 993/365/338 995/360/338
f 994/361/339 995/360/339 997/362/339
f 437/364/340 436/366/340 993/365/340
f 436/366/341 227/347/341 430/367/341
f 993/365/342 430/367/342 431/368/342
f 995/360/343 431/368/343 432/369/343
f 997/362/344 432/369/344 217/370/344
f 996/363/345 997/362/345 345/238/345
f 998/371/346 999/377/346 1001/372/346
f 1000/373/347 1001/372/347 1003/374/347
f 428/376/348 429/378/348 999/377/348
f 429/378/1737 226/72/1737 433/379/1737
f 999/377/350 433/379/350 434/380/350
f 1001/372/351 434/380/351 435/381/351
f 1003/374/352 435/381/352 227/347/352
f 1002/375/353 1003/374/353 436/366/353
f 1004/382/1738 1005/385/1738 1008/383/1738
f 1005/385/355 1006/390/355 1009/386/355
f 1007/384/356 1008/383/356 1011/387/356
f 1008/383/358 1009/386/358 1012/389/358
f 226/72/1739 374/70/1739 1004/382/1739
f 374/70/1740 375/69/1741 1005/385/1741
f 375/69/1742 376/68/1742 1006/390/1742
f 376/68/1743 209/67/1743 373/391/1743
f 1006/390/1744 373/391/1744 372/392/1744
f 1009/386/364 372/392/364 371/393/364
f 1012/389/365 371/393/365 225/258/365
f 1011/387/1745 1012/389/366 438/352/366
f 1010/388/367 1011/387/367 439/350/367
f 435/381/1746 1010/388/1746 440/349/1746
f 434/380/1747 1007/384/1747 1010/388/1747
f 433/379/1748 1004/382/1748 1007/384/1748
f 1013/394/371 1014/397/371 1017/395/371
f 1014/397/1749 1015/405/1749 1018/398/1749
f 1016/396/1750 1017/395/1750 1020/399/1750
f 1017/395/374 1018/398/374 1021/401/374
f 221/402/375 449/403/375 1013/394/375
f 449/403/1751 448/404/1751 1014/397/1751
f 448/404/1752 447/406/1752 1015/405/1752
f 447/406/1753 228/323/1753 441/324/1753
f 1015/405/379 441/324/379 442/338/379
f 1018/398/1754 442/338/1754 443/337/1754
f 1021/401/381 443/337/381 212/336/381
f 1020/399/382 1021/401/382 300/407/382
f 1019/400/383 1020/399/383 301/408/383
f 1019/400/1755 302/409/1755 202/410/1755
f 1016/396/1756 1019/400/1756 410/308/1756
f 1013/394/1757 1016/396/1757 411/306/1757
f 1022/411/1758 1023/414/1758 1026/412/1758
f 1023/414/1759 1024/420/1759 1027/415/1759
f 1025/413/389 1026/412/389 1029/416/389
f 1026/412/390 1027/415/390 1030/418/390
f 207/15/1760 419/49/1760 1022/411/1760
f 419/49/1761 420/47/1761 1023/414/1761
f 421/44/393 1024/420/393 1023/414/393
f 223/46/1762 537/421/1762 1024/420/1762
f 537/421/395 538/446/395 1027/415/395
f 1027/415/396 538/446/396 539/422/396
f 1030/418/1763 539/422/1763 240/423/1763
f 1029/416/1764 1030/418/1764 557/424/1764
f 1028/417/399 1029/416/399 556/425/399
f 356/427/400 1028/417/400 555/426/400
f 357/429/401 1025/413/401 1028/417/401
f 358/419/1765 1022/411/1765 1025/413/1765
f 1031/430/403 1032/433/403 1035/431/403
f 1032/433/1766 1033/438/1766 1036/434/1766
f 1034/432/405 1035/431/405 1038/435/405
f 1035/431/1767 1036/434/1767 1039/437/1767
f 223/46/1768 365/45/1768 1031/430/1768
f 365/45/408 366/48/408 1032/433/408
f 366/48/409 367/43/409 1033/438/409
f 367/43/410 254/41/410 364/439/410
f 1033/438/411 364/439/411 363/440/411
f 1036/434/1769 363/440/1769 362/441/1769
f 1039/437/1770 362/441/1770 289/442/1770
f 1038/435/414 1039/437/414 566/443/414
f 1037/436/1771 1038/435/1771 565/444/1771
f 539/422/1772 1037/436/1772 564/445/1772
f 538/446/1773 1034/432/1773 1037/436/1773
f 537/421/1774 1031/430/1774 1034/432/1774
f 1040/447/1775 1041/450/1775 1044/448/1775
f 1041/450/1776 1042/458/1776 1045/451/1776
f 1043/449/421 1044/448/421 1047/452/421
f 1044/448/1777 1045/451/1777 1048/454/1777
f 219/455/423 461/456/423 1040/447/423
f 461/456/424 460/457/424 1041/450/424
f 460/457/1778 459/459/1778 1042/458/1778
f 459/459/426 229/302/426 453/301/426
f 1042/458/427 453/301/427 454/314/427
f 1045/451/428 454/314/428 455/313/428
f 1048/454/1779 455/313/1779 210/312/1779
f 1047/452/430 1048/454/430 293/460/430
f 1046/453/1780 1047/452/1780 294/461/1780
f 404/284/1781 1046/453/1781 295/462/1781
f 405/283/1782 1043/449/1782 1046/453/1782
f 406/282/1783 1040/447/1783 1043/449/1783
f 1049/463/435 1050/466/435 1053/464/435
f 1050/466/436 1051/472/436 1054/467/436
f 1052/465/1784 1053/464/1784 1056/468/1784
f 1053/464/438 1054/467/438 1057/470/438
f 206/25/1785 413/24/1785 1049/463/1785
f 413/24/440 414/21/440 1050/466/440
f 415/18/441 1051/472/441 1050/466/441
f 222/20/1786 531/490/1786 1051/472/1786
f 1051/472/1787 531/490/1787 532/473/1787
f 1054/467/445 532/473/445 533/474/445
f 1057/470/446 533/474/446 238/475/446
f 1056/468/1788 1057/470/1788 554/476/1788
f 1055/469/1789 1056/468/1789 553/477/1789
f 350/479/1790 1055/469/1790 552/478/1790
f 351/481/450 1052/465/450 1055/469/450
f 352/471/451 1049/463/451 1052/465/451
f 1058/482/452 1059/485/452 1062/483/452
f 1059/485/1791 1060/491/1791 1063/486/1791
f 1061/484/1792 1062/483/1792 1065/487/1792
f 1062/483/455 1063/486/455 1066/489/455
f 222/20/456 359/19/456 1058/482/456
f 359/19/457 360/22/457 1059/485/457
f 360/22/458 361/17/458 1060/491/458
f 361/17/1793 207/15/1793 358/419/1793
f 1060/491/1794 358/419/1794 357/429/1794
f 1063/486/1795 357/429/1795 356/427/1795
f 1066/489/1796 356/427/1796 241/428/1796
f 1065/487/1797 1066/489/1797 563/492/1797
f 1064/488/1798 1065/487/1798 562/493/1798
f 533/474/1799 1064/488/1799 561/494/1799
f 532/473/1800 1061/484/1800 1064/488/1800
f 531/490/467 1058/482/467 1061/484/467
f 1069/495/1801 1067/499/1801 1081/496/1801
f 1070/498/469 1071/501/469 1067/499/469
f 1072/500/1802 1073/503/1802 1067/499/1802
f 1075/502/471 1067/499/471 1073/503/471
f 1077/505/1803 1067/499/1803 1075/502/1803
f 1078/507/1804 1079/508/1804 1067/499/1804
f 1081/496/1805 1067/499/1805 1079/508/1805
f 473/510/1806 1068/497/1806 403/511/1806
f 472/513/1807 1069/495/1807 1068/497/1807
f 1068/497/1808 1081/496/1808 402/514/1808
f 465/277/478 1070/498/478 471/515/478
f 466/291/1809 1071/501/1809 1070/498/1809
f 471/515/480 1070/498/480 1069/495/480
f 211/289/1810 297/516/1810 1072/500/1810
f 297/516/1811 298/521/1811 1073/503/1811
f 467/290/1212 1072/500/1212 1071/501/1212
f 501/517/484 1074/504/484 299/518/484
f 502/520/485 1075/502/485 1074/504/485
f 1074/504/486 1073/503/486 298/521/486
f 233/522/487 507/525/487 1076/506/487
f 508/524/1812 1077/505/1812 1076/506/1812
f 503/523/1813 1076/506/1813 1075/502/1813
f 234/526/490 513/528/490 1078/507/490
f 513/528/1814 514/532/1814 1079/508/1814
f 509/527/492 1078/507/492 1077/505/492
f 235/529/1815 401/531/1815 1080/509/1815
f 401/531/1816 402/514/1816 1081/496/1816
f 1080/509/1817 1079/508/1817 514/532/1817
f 1082/533/1818 1083/536/1818 1086/534/1818
f 1083/536/1819 1084/542/1819 1087/537/1819
f 1085/535/1820 1086/534/1820 1089/538/1820
f 1086/534/1821 1087/537/1821 1090/540/1821
f 205/133/1822 407/132/1822 1082/533/1822
f 407/132/501 408/135/501 1083/536/501
f 408/135/1823 409/127/1823 1084/542/1823
f 409/127/503 220/129/503 546/543/503
f 1084/542/1824 546/543/1824 547/544/1824
f 1087/537/1825 547/544/1825 548/545/1825
f 1090/540/1826 548/545/1826 242/546/1826
f 1089/538/1827 1090/540/1827 551/547/1827
f 1088/539/1828 1089/538/1828 550/548/1828
f 347/550/1829 1088/539/1829 549/549/1829
f 348/552/1830 1085/535/1830 1088/539/1830
f 349/541/1831 1082/533/1831 1085/535/1831
f 1091/553/512 1092/556/512 1095/554/512
f 1092/556/1832 1093/561/1832 1096/557/1832
f 1094/555/1833 1095/554/1833 1098/558/1833
f 1095/554/515 1096/557/515 1099/560/515
f 220/129/516 353/128/516 1091/553/516
f 353/128/517 354/130/517 1092/556/517
f 354/130/518 355/126/518 1093/561/518
f 355/126/1834 206/25/1834 352/471/1834
f 1093/561/1835 352/471/1835 351/481/1835
f 1096/557/1836 351/481/1836 350/479/1836
f 1099/560/522 350/479/522 239/480/522
f 1098/558/1837 1099/560/1837 560/562/1837
f 1097/559/1838 1098/558/1838 559/563/1838
f 548/545/1839 1097/559/1839 558/564/1839
f 547/544/526 1094/555/526 1097/559/526
f 546/543/527 1091/553/527 1094/555/527
f 1101/565/1840 1104/569/1840 1103/566/1840
f 1101/565/529 1102/576/529 1105/568/529
f 1104/569/530 1107/572/530 1106/570/530
f 1104/569/1841 1105/568/1841 1108/571/1841
f 485/573/1842 1100/567/1842 315/574/1842
f 485/573/533 484/575/533 1101/565/533
f 484/575/1843 483/577/1843 1102/576/1843
f 483/577/535 231/99/535 477/100/535
f 1102/576/1844 477/100/1844 478/114/1844
f 1105/568/1845 478/114/1845 479/112/1845
f 1108/571/1846 479/112/1846 224/113/1846
f 1107/572/540 1108/571/540 424/578/540
f 1107/572/541 423/579/541 422/580/541
f 1879/582/1847 316/583/1847 1103/566/1847
f 1103/566/542 1106/570/542 1880/581/542
f 1106/570/542 1899/932/542 1880/581/542
f 1100/567/543 1103/566/543 316/583/543
f 1109/584/544 1110/587/544 1113/585/544
f 1110/587/545 1111/596/545 1114/588/545
f 1112/586/546 1113/585/546 1116/589/546
f 1113/585/547 1114/588/547 1117/591/547
f 203/592/548 305/594/548 1109/584/548
f 305/594/549 304/595/549 1110/587/549
f 304/595/550 303/597/550 1111/596/550
f 303/597/1848 213/611/1848 480/598/1848
f 1111/596/1849 480/598/1849 481/599/1849
f 1114/588/553 481/599/553 482/600/553
f 1117/591/554 482/600/554 231/99/554
f 1116/589/555 1117/591/555 483/577/555
f 1115/590/556 1116/589/556 484/575/556
f 391/601/557 1115/590/557 485/573/557
f 390/602/558 1112/586/558 1115/590/558
f 389/593/559 1109/584/559 1112/586/559
f 1118/603/560 1119/606/560 1122/604/560
f 1119/606/561 1120/614/561 1123/607/561
f 1121/605/562 1122/604/562 1125/608/562
f 1122/604/563 1123/607/563 1126/610/563
f 213/611/564 388/612/564 1118/603/564
f 388/612/565 387/613/565 1119/606/565
f 387/613/1850 386/615/1850 1120/614/1850
f 386/615/567 204/885/567 325/616/567
f 1120/614/1851 325/616/1851 324/617/1851
f 1123/607/1852 324/617/1852 323/618/1852
f 1126/610/570 323/618/570 215/619/570
f 1125/608/1853 1126/610/1853 486/104/1853
f 1124/609/1854 1125/608/1854 487/102/1854
f 482/600/573 1124/609/573 488/101/573
f 481/599/574 1121/605/574 1124/609/574
f 480/598/575 1118/603/575 1121/605/575
f 1886/622/576 1127/628/576 1128/623/576
f 1128/623/1855 1130/620/1855 1886/622/1855
f 1128/623/1856 1129/630/1856 1131/624/1856
f 1130/620/578 1131/624/578 1133/625/578
f 497/627/1857 496/629/1857 1128/623/1857
f 496/629/580 495/631/580 1129/630/580
f 495/631/581 232/58/581 489/59/581
f 1129/630/1858 489/59/1858 490/73/1858
f 1131/624/1859 490/73/1859 491/71/1859
f 1133/625/1860 491/71/1860 226/72/1860
f 1132/626/292 1133/625/292 429/378/292
f 1134/632/585 1135/635/585 1138/633/585
f 1135/635/586 1136/642/586 1139/636/586
f 1137/634/587 1138/633/587 1141/637/587
f 1138/633/588 1139/636/588 1142/639/588
f 422/640/589 423/641/589 1135/635/589
f 423/641/1861 424/643/1861 1136/642/1861
f 424/643/591 224/886/591 492/644/591
f 1136/642/1862 492/644/1862 493/645/1862
f 1139/636/593 493/645/593 494/646/593
f 1142/639/1863 494/646/1863 232/58/1863
f 1141/637/1864 1142/639/1864 495/631/1864
f 1140/638/1865 1141/637/1865 496/629/1865
f 1143/647/1866 1144/650/1866 1147/648/1866
f 1144/650/1867 1145/656/1867 1148/651/1867
f 1146/649/1868 1147/648/1868 1150/652/1868
f 1147/648/600 1148/651/600 1151/654/600
f 224/113/1869 368/111/1869 1143/647/1869
f 368/111/1870 369/110/1870 1144/650/1870
f 369/110/603 370/109/603 1145/656/603
f 370/109/604 208/108/604 328/657/604
f 1145/656/1871 328/657/1871 327/658/1871
f 1148/651/606 327/658/606 326/659/606
f 1151/654/1872 326/659/1872 216/660/1872
f 1150/652/608 1151/654/608 498/63/608
f 1149/653/1873 1150/652/1873 499/61/1873
f 494/661/1874 1149/653/1874 500/60/1874
f 493/662/611 1146/649/611 1149/653/611
f 492/655/1875 1143/647/1875 1146/649/1875
f 1154/663/613 1152/667/613 1164/664/613
f 1155/666/614 1156/669/614 1152/667/614
f 1157/668/1876 1158/671/1876 1152/667/1876
f 1160/670/1877 1152/667/1877 1158/671/1877
f 1162/673/618 1152/667/618 1160/670/618
f 1163/675/1878 1164/664/1878 1152/667/1878
f 321/134/620 1154/663/620 1153/665/620
f 1153/665/621 1164/664/621 571/676/621
f 205/133/1879 575/678/1879 1155/666/1879
f 575/678/623 574/682/623 1156/669/623
f 320/131/1880 1155/666/1880 1154/663/1880
f 386/679/625 1157/668/625 573/680/625
f 386/679/626 387/686/626 1158/671/626
f 1157/668/627 1156/669/627 574/682/627
f 303/683/628 1159/672/628 388/684/628
f 304/685/1881 1160/670/1881 1159/672/1881
f 1159/672/1882 1158/671/1882 387/686/1882
f 319/687/631 1161/674/631 305/688/631
f 318/689/632 1162/673/632 1161/674/632
f 1161/674/633 1160/670/633 304/685/633
f 243/690/634 572/692/634 1163/675/634
f 572/692/1883 571/676/1883 1164/664/1883
f 317/691/1884 1163/675/1884 1162/673/1884
f 1165/693/1885 1166/696/1885 1169/694/1885
f 1166/696/638 1167/703/638 1170/697/638
f 1168/695/639 1169/694/639 1172/698/639
f 1169/694/640 1170/697/640 1173/700/640
f 233/701/641 506/262/641 1165/693/641
f 506/262/1886 505/260/1886 1166/696/1886
f 505/260/643 504/259/643 1167/703/643
f 504/259/1887 225/258/1887 371/393/1887
f 1167/703/645 371/393/645 372/392/645
f 1170/697/646 372/392/646 373/391/646
f 1173/700/1888 373/391/1888 209/67/1888
f 1172/698/1889 1173/700/1889 510/704/1889
f 1171/699/1890 1172/698/1890 511/705/1890
f 509/707/1891 1171/699/1891 512/706/1891
f 508/709/1892 1168/695/1892 1171/699/1892
f 507/702/1893 1165/693/1893 1168/695/1893
f 1174/710/653 1175/713/653 1178/711/653
f 1175/713/654 1176/719/654 1179/714/654
f 1178/711/655 1181/717/655 1180/715/655
f 1178/711/656 1179/714/656 1182/716/656
f 234/708/657 512/706/657 1174/710/657
f 512/706/658 511/705/658 1175/713/658
f 511/705/659 510/704/659 1176/719/659
f 510/704/660 209/67/660 395/66/660
f 1176/719/661 395/66/661 396/65/661
f 1179/714/662 396/65/662 397/64/662
f 1182/716/663 397/64/663 216/660/663
f 1181/717/664 1182/716/664 516/720/664
f 1181/717/1894 517/721/1894 518/722/1894
f 1180/715/1895 518/722/1895 235/723/1895
f 1177/712/1896 1180/715/1896 515/724/1896
f 1174/710/1897 1177/712/1897 514/725/1897
f 1185/726/669 1183/732/669 1193/727/669
f 1187/729/1898 1183/732/1898 1185/726/1898
f 1188/731/1899 1189/734/1899 1183/732/1899
f 1191/733/1900 1183/732/1900 1189/734/1900
f 1192/736/1901 1193/727/1901 1183/732/1901
f 518/722/674 1184/728/674 401/737/674
f 517/721/675 1185/726/675 1184/728/675
f 1184/728/1902 1193/727/1902 402/738/1902
f 326/659/677 1186/730/677 516/720/677
f 327/658/678 1187/729/678 1186/730/678
f 1186/730/679 1185/726/679 517/721/679
f 208/108/680 522/739/680 1188/731/680
f 522/739/1903 523/744/1903 1189/734/1903
f 328/657/682 1188/731/682 1187/729/682
f 521/740/1904 1190/735/1904 524/741/1904
f 520/743/1905 1191/733/1905 1190/735/1905
f 1190/735/1906 1189/734/1906 523/744/1906
f 218/512/1907 403/746/1907 1192/736/1907
f 403/746/1908 402/738/1908 1193/727/1908
f 519/745/1909 1192/736/1909 1191/733/1909
f 1194/747/1910 1195/750/1910 1198/748/1910
f 1195/750/1911 1196/756/1911 1199/751/1911
f 1197/749/692 1198/748/692 1201/752/692
f 1198/748/1912 1199/751/1912 1202/754/1912
f 236/742/1913 524/741/1913 1194/747/1913
f 524/741/1914 523/744/1914 1195/750/1914
f 523/744/696 522/739/696 1196/756/696
f 522/739/697 208/108/697 392/107/697
f 1196/756/698 392/107/698 393/106/698
f 1199/751/1915 393/106/1915 394/105/1915
f 1202/754/1916 394/105/1916 215/619/1916
f 1201/752/1917 1202/754/1917 528/757/1917
f 1200/753/702 1201/752/702 529/758/702
f 527/760/703 1200/753/703 530/759/703
f 526/761/704 1197/749/704 1200/753/704
f 525/755/1918 1194/747/1918 1197/749/1918
f 1203/762/706 1204/765/706 1207/763/706
f 1204/765/1919 1205/770/1919 1208/766/1919
f 1206/764/708 1207/763/708 1210/767/708
f 1207/763/1920 1208/766/1920 1211/769/1920
f 237/551/1921 530/759/1921 1203/762/1921
f 530/759/1922 529/758/1922 1204/765/1922
f 529/758/712 528/757/712 1205/770/712
f 528/757/1923 215/619/1923 323/771/1923
f 1205/770/1924 323/771/1924 324/772/1924
f 1208/766/715 324/772/715 325/773/715
f 1211/769/716 325/773/716 204/681/716
f 1210/767/717 1211/769/717 573/680/717
f 1209/768/1925 1210/767/1925 574/774/1925
f 349/776/1926 1209/768/1926 575/775/1926
f 348/778/720 1206/764/720 1209/768/720
f 347/550/1927 1203/762/1927 1206/764/1927
f 1214/779/722 1212/785/722 1222/780/722
f 1216/782/1928 1212/785/723 1214/779/723
f 1217/784/1929 1218/787/1929 1212/785/1929
f 1220/786/1930 1212/785/1930 1218/787/1930
f 1221/789/1931 1222/780/1931 1212/785/1931
f 237/551/727 549/549/727 1213/781/727
f 549/549/728 550/548/728 1214/779/728
f 1213/781/729 1222/780/729 526/761/729
f 468/790/730 1215/783/730 551/547/730
f 469/791/731 1216/782/731 1215/783/731
f 1215/783/732 1214/779/732 550/548/732
f 230/276/1932 471/515/1932 1217/784/1932
f 471/515/1933 472/513/1933 1218/787/1933
f 470/792/735 1217/784/735 1216/782/735
f 519/745/1934 1219/788/1934 473/510/1934
f 520/743/1935 1220/786/1935 1219/788/1935
f 1219/788/1936 1218/787/1936 472/513/1936
f 236/793/739 525/795/739 1221/789/739
f 525/795/740 526/761/740 1222/780/740
f 521/794/1937 1221/789/1937 1220/786/1937
f 1223/796/1938 1224/799/1938 1227/797/1938
f 1224/799/743 1225/805/743 1228/800/743
f 1226/798/1939 1227/797/1939 1230/801/1939
f 1227/797/745 1228/800/745 1231/803/745
f 239/480/1940 552/478/1940 1223/796/1940
f 552/478/1941 553/477/1941 1224/799/1941
f 553/477/1942 554/476/1942 1225/805/1942
f 554/476/1943 238/475/1943 456/806/1943
f 1225/805/1944 456/806/1944 457/807/1944
f 1228/800/1945 457/807/1945 458/808/1945
f 1231/803/1946 458/808/1946 229/302/1946
f 1230/801/1947 1231/803/1947 459/459/1947
f 1229/802/1948 1230/801/1948 460/457/1948
f 534/809/1949 1229/802/1949 461/456/1949
f 535/810/1950 1226/798/1950 1229/802/1950
f 536/804/1951 1223/796/1951 1226/798/1951
f 1232/811/1952 1233/814/1952 1236/812/1952
f 1233/814/1953 1234/820/1953 1237/815/1953
f 1235/813/1954 1236/812/1954 1239/816/1954
f 1236/812/1955 1237/815/1955 1240/818/1955
f 241/428/1956 555/426/1956 1232/811/1956
f 555/426/763 556/425/763 1233/814/763
f 556/425/1957 557/424/1957 1234/820/1957
f 557/424/1958 240/423/1958 444/821/1958
f 1234/820/1959 444/821/1959 445/822/1959
f 1237/815/767 445/822/767 446/823/767
f 1240/818/1960 446/823/1960 228/323/1960
f 1239/816/1961 1240/818/1961 447/406/1961
f 1238/817/1962 1239/816/1962 448/404/1962
f 543/824/771 1238/817/771 449/403/771
f 544/825/1963 1235/813/1963 1238/817/1963
f 545/819/1964 1232/811/1964 1235/813/1964
f 1241/826/1965 1242/829/1965 1245/827/1965
f 1242/829/775 1243/834/775 1246/830/775
f 1244/828/1966 1245/827/1966 1248/831/1966
f 1245/827/1967 1246/830/1967 1249/833/1967
f 242/546/778 558/564/778 1241/826/778
f 558/564/780 559/563/780 1242/829/780
f 559/563/1968 560/562/1969 1243/834/1969
f 560/562/1970 239/480/1970 536/804/1970
f 1243/834/1971 536/804/1971 535/810/1971
f 1246/830/1972 535/810/1972 534/809/1972
f 1249/833/1973 534/809/1973 219/455/1973
f 1248/831/1974 1249/833/1974 474/281/1974
f 1247/832/1975 1248/831/1975 475/279/1975
f 470/792/1976 1247/832/1976 476/278/1976
f 469/791/790 1244/828/790 1247/832/790
f 468/790/1977 1241/826/1977 1244/828/1977
f 1250/835/792 1251/838/792 1254/836/792
f 1251/838/1978 1252/843/1978 1255/839/1978
f 1253/837/794 1254/836/794 1257/840/794
f 1254/836/795 1255/839/795 1258/842/795
f 238/475/1979 561/494/1979 1250/835/1979
f 561/494/797 562/493/797 1251/838/797
f 562/493/798 563/492/798 1252/843/798
f 563/492/799 241/428/799 545/819/799
f 1252/843/1980 545/819/1980 544/825/1980
f 1255/839/801 544/825/801 543/824/801
f 1258/842/802 543/824/802 221/402/802
f 1257/840/803 1258/842/803 462/304/803
f 1256/841/1981 1257/840/1981 463/303/1981
f 458/808/1982 1256/841/1982 464/300/1982
f 457/807/806 1253/837/806 1256/841/806
f 456/806/807 1250/835/807 1253/837/807
f 1259/844/1983 1260/847/1983 1263/845/1983
f 1260/847/1984 1261/852/1984 1264/848/1984
f 1262/846/1985 1263/845/1985 1266/849/1985
f 1263/845/1986 1264/848/1986 1267/851/1986
f 240/423/1987 564/445/1987 1259/844/1987
f 564/445/1988 565/444/1988 1260/847/1988
f 565/444/814 566/443/814 1261/852/814
f 566/443/1989 289/442/1989 542/853/1989
f 1261/852/1990 542/853/1990 541/854/1990
f 1264/848/1991 541/854/1991 540/855/1991
f 1267/851/818 540/855/818 270/856/818
f 1266/849/1992 1267/851/1992 450/327/1992
f 1265/850/1993 1266/849/1993 451/326/1993
f 446/823/1994 1265/850/1994 452/325/1994
f 445/822/1995 1262/846/1995 1265/850/1995
f 444/821/1996 1259/844/1996 1262/846/1996
f 1270/3/824 1268/6/824 1278/2/824
f 1271/857/1997 1272/10/1997 1268/6/1997
f 1274/7/826 1268/6/826 1272/10/826
f 1276/8/827 1268/6/827 1274/7/827
f 1277/5/828 1278/2/828 1268/6/828
f 1269/4/829 1278/2/829 593/13/829
f 591/27/830 590/26/830 1272/10/830
f 685/24/1998 1273/11/1998 589/23/1998
f 686/21/1999 1274/7/1999 1273/11/1999
f 1273/11/2000 1272/10/2000 590/26/2000
f 634/19/834 1275/9/834 687/18/834
f 635/22/835 1276/8/835 1275/9/835
f 1275/9/836 1274/7/836 686/21/836
f 253/15/2001 592/16/2001 1277/5/2001
f 592/16/839 593/13/839 1278/2/839
f 636/17/840 1277/5/840 1276/8/840
f 1281/29/841 1279/32/841 1289/28/841
f 1282/38/842 1283/36/842 1279/32/842
f 1285/33/843 1279/32/843 1283/36/843
f 1287/34/844 1279/32/844 1285/33/844
f 1288/31/845 1289/28/845 1279/32/845
f 1280/30/2002 1289/28/2002 307/39/2002
f 594/14/2003 593/13/2003 1283/36/2003
f 688/49/2004 1284/37/2004 592/16/2004
f 689/47/849 1285/33/849 1284/37/849
f 1284/37/2005 1283/36/2005 593/13/2005
f 637/45/851 1286/35/851 690/44/851
f 638/48/852 1287/34/852 1286/35/852
f 1286/35/853 1285/33/853 689/47/853
f 254/41/854 306/42/854 1288/31/854
f 306/42/2006 307/39/2006 1289/28/2006
f 639/43/856 1288/31/856 1287/34/856
f 1290/50/857 1291/52/857 1294/858/857
f 1291/52/2007 1292/56/2007 1295/55/2007
f 1293/53/859 1294/858/859 1297/54/859
f 1294/858/860 1295/55/860 1298/57/860
f 280/58/2008 758/59/2008 1290/50/2008
f 758/59/862 759/73/862 1291/52/862
f 759/73/2009 760/71/2009 1292/56/2009
f 760/71/2010 274/72/2010 646/70/2010
f 1292/56/2011 646/70/2011 647/69/2011
f 1295/55/2012 647/69/2012 648/68/2012
f 1298/57/2013 648/68/2013 256/859/2013
f 1297/54/2014 1298/57/2014 667/66/2014
f 1296/62/869 1297/54/869 668/65/869
f 767/63/870 1296/62/870 669/64/870
f 768/61/871 1293/53/871 1296/62/871
f 769/60/872 1290/50/872 1293/53/872
f 1714/88/873 1299/861/873 1711/860/873
f 1299/861/2015 1300/74/2015 1710/77/2015
f 1300/74/873 1709/75/873 1710/77/873
f 1300/74/874 1301/82/874 1713/76/874
f 1301/82/874 1712/862/874 1713/76/874
f 261/85/2016 663/87/2016 1299/861/2016
f 663/87/2017 662/81/2017 1300/74/2017
f 596/961/2018 595/89/2018 1715/90/2018
f 595/89/2019 1299/861/2019 1714/88/2019
f 579/79/879 1301/82/879 661/78/879
f 1301/82/880 579/79/880 1707/84/880
f 579/79/880 1706/935/880 1707/84/880
f 1707/84/880 1708/83/880 1301/82/880
f 1301/82/881 1300/74/881 662/81/881
f 1302/91/882 1303/93/882 1306/92/882
f 1303/93/883 1304/97/883 1307/96/883
f 1305/94/884 1306/92/884 1309/863/884
f 1306/92/885 1307/96/885 1310/98/885
f 279/99/886 746/100/886 1302/91/886
f 746/100/887 747/114/887 1303/93/887
f 747/114/888 748/112/888 1304/97/888
f 748/112/2020 272/113/2020 640/111/2020
f 1304/97/890 640/111/890 641/110/890
f 1307/96/2021 641/110/2021 642/109/2021
f 1310/98/892 642/109/892 255/108/892
f 1309/863/893 1310/98/893 664/107/893
f 1308/103/894 1309/863/894 665/106/894
f 755/104/895 1308/103/895 666/105/895
f 756/102/2022 1305/94/2022 1308/103/2022
f 757/101/2023 1302/91/2023 1305/94/2023
f 1313/116/898 1311/119/898 1321/115/898
f 1314/125/2024 1315/122/2024 1311/119/2024
f 1317/864/2025 1311/119/2025 1315/122/2025
f 1318/120/2026 1319/121/2026 1311/119/2026
f 1320/118/902 1321/115/902 1311/119/902
f 1312/117/2027 1321/115/2027 590/26/2027
f 602/136/904 601/134/904 1315/122/904
f 679/132/905 1316/124/905 600/131/905
f 680/865/2028 1317/864/2028 1316/124/2028
f 1316/124/907 1315/122/907 601/134/907
f 628/128/908 1318/120/908 681/127/908
f 629/130/909 1319/121/909 1318/120/909
f 681/127/2029 1318/120/2029 1317/864/2029
f 252/25/2030 589/23/2030 1320/118/2030
f 589/23/2031 590/26/2031 1321/115/2031
f 630/126/2032 1320/118/2032 1319/121/2032
f 1325/141/915 1323/144/915 1333/140/915
f 1331/146/918 1323/144/918 1329/145/918
f 1332/143/919 1333/140/919 1323/144/919
f 247/151/920 616/152/920 1324/142/920
f 617/154/921 1325/141/921 1324/142/921
f 582/153/922 1324/142/922 1333/140/922
f 652/161/925 1330/147/925 610/160/925
f 653/158/926 1331/146/926 1330/147/926
f 1330/147/927 1329/145/927 611/163/927
f 580/156/2033 1332/143/2033 654/155/2033
f 581/159/2034 1333/140/2034 1332/143/2034
f 1332/143/2035 1331/146/2035 653/158/2035
f 244/175/932 609/176/932 1334/166/932
f 1337/170/2036 1338/171/2036 617/154/2037
f 833/179/2038 1337/170/2038 616/152/2038
f 834/178/935 1335/167/935 1337/170/935
f 835/177/2039 1334/166/2039 1335/167/2039
f 1342/183/937 1340/186/937 1350/182/937
f 1348/188/940 1340/186/940 1346/187/940
f 1349/185/2040 1350/182/2040 1340/186/2040
f 613/194/943 1341/184/943 585/193/943
f 614/197/944 1342/183/944 1341/184/944
f 1341/184/2041 1350/182/2041 584/196/2041
f 655/203/2042 1347/189/2042 332/202/2042
f 656/201/2043 1348/188/2043 1347/189/2043
f 1347/189/950 1346/187/950 333/205/950
f 583/199/951 1349/185/951 657/198/951
f 584/196/952 1350/182/952 1349/185/952
f 1349/185/953 1348/188/953 656/201/953
f 1353/209/2044 1351/217/2044 1361/208/2044
f 1359/868/957 1351/217/957 1357/213/957
f 1361/208/958 1351/217/958 1359/868/958
f 610/160/959 1352/210/959 578/219/959
f 611/163/960 1353/209/960 1352/210/960
f 578/219/962 1352/210/962 1361/208/962
f 248/195/2045 649/225/2045 1358/214/2045
f 649/225/966 650/223/966 1359/868/966
f 613/194/2046 1358/214/2046 1357/213/2046
f 576/221/968 1360/212/968 651/220/968
f 577/224/2047 1361/208/2047 1360/212/2047
f 1360/212/970 1359/868/970 650/223/970
f 609/242/972 244/1/972 670/241/972
f 1362/233/973 670/241/973 671/240/973
f 1364/232/974 671/240/974 672/239/974
f 672/239/975 264/370/975 620/238/975
f 1367/234/976 620/238/976 621/237/976
f 1760/917/2048 1365/230/2048 1757/236/2048
f 1365/230/977 1366/231/2048 1757/236/977
f 1369/246/978 1372/249/978 1371/245/978
f 1370/250/2049 1373/252/2049 1372/249/2049
f 1372/249/2050 1375/251/2050 1374/248/2050
f 1373/252/2051 1376/261/2051 1375/251/2051
f 835/254/2052 1368/869/2052 694/253/2052
f 834/267/983 1369/246/983 1368/869/983
f 833/266/984 1370/250/984 1369/246/984
f 247/151/985 770/265/985 1370/250/985
f 770/265/2053 771/264/2053 1373/252/2053
f 771/264/2054 772/263/2054 1376/261/2054
f 772/263/989 281/701/989 775/262/989
f 1376/261/990 775/262/990 774/260/990
f 1375/251/2055 774/260/2055 773/259/2055
f 1374/248/992 773/259/992 273/258/992
f 1371/245/2056 1374/248/2056 696/257/2056
f 1368/869/994 1371/245/994 695/256/994
f 1377/268/2057 1378/270/2057 1381/269/2057
f 1379/273/2058 1382/870/2058 1381/269/2058
f 1380/271/2059 1381/269/2059 1384/272/2059
f 1381/269/2060 1382/870/2060 1385/274/2060
f 278/276/999 734/277/999 1377/268/999
f 734/277/2061 735/291/2061 1378/270/2061
f 736/290/2062 1379/273/2062 1378/270/2062
f 258/289/2063 654/288/2063 1379/273/2063
f 654/288/2064 653/287/2064 1382/870/2064
f 653/287/2065 652/286/2065 1385/274/2065
f 1385/274/2066 652/286/2066 246/285/2066
f 1384/272/1006 1385/274/1006 676/284/1006
f 1383/280/2067 1384/272/2067 677/283/2067
f 743/871/2068 1383/280/2068 678/282/2068
f 744/279/2069 1380/271/2069 1383/280/2069
f 745/278/2070 1377/268/2070 1380/271/2070
f 1387/293/2071 1390/872/2071 1389/292/2071
f 1388/297/1012 1391/299/1012 1390/872/1012
f 1390/872/1013 1393/298/1013 1392/295/1013
f 1391/299/2072 1394/307/2072 1393/298/2072
f 722/301/1015 1386/294/1015 733/300/1015
f 723/314/2073 1387/293/2074 1386/294/2074
f 724/313/2075 1388/297/2075 1387/293/2075
f 257/312/1018 651/311/1018 1388/297/1018
f 651/311/1019 650/310/1019 1391/299/1019
f 650/310/2076 649/309/2076 1394/307/2076
f 649/309/1021 248/410/1021 682/308/1021
f 1394/307/2077 682/308/2077 683/306/2077
f 1393/298/1023 683/306/1023 684/305/1023
f 731/304/1024 1392/295/1024 684/305/1024
f 1389/292/1025 1392/295/1025 731/304/1025
f 1386/294/1026 1389/292/1026 732/873/1026
f 1396/874/2078 1399/875/2078 1398/315/2078
f 1397/320/2079 1400/322/2079 1399/875/2079
f 1399/875/2080 1402/321/2080 1401/318/2080
f 1400/322/2081 1403/331/2081 1402/321/2081
f 276/323/2082 710/324/2082 1395/317/2082
f 711/338/1032 1396/874/1032 1395/317/1032
f 712/337/1033 1397/320/1033 1396/874/1033
f 259/336/2083 657/335/2083 1397/320/2083
f 657/335/1035 656/334/1035 1400/322/1035
f 656/334/1036 655/333/1036 1403/331/1036
f 1403/331/2084 655/333/2084 245/332/2084
f 1402/321/2085 1403/331/2085 416/330/2085
f 1401/318/2086 1402/321/2086 417/329/2086
f 719/327/2087 1401/318/2087 418/328/2087
f 720/876/2088 1398/315/2088 1401/318/2088
f 721/325/2089 1395/317/2089 1398/315/2089
f 1404/339/2090 1405/341/2090 1408/340/2090
f 1405/341/1044 1406/345/1044 1409/344/1044
f 1407/342/1045 1408/340/1045 1411/343/1045
f 1408/340/1046 1409/344/1046 1412/346/1046
f 275/347/1047 699/348/1047 1404/339/1047
f 699/348/1048 700/358/1048 1405/341/1048
f 700/358/2091 701/357/2091 1406/345/2091
f 264/356/1050 672/355/1050 1406/345/1050
f 1406/345/1051 672/355/1051 671/354/1051
f 1409/344/1052 671/354/1052 670/353/1052
f 1412/346/1053 670/353/1053 244/255/1053
f 1411/343/1054 1412/346/1054 694/253/1054
f 1410/351/1055 1411/343/1055 695/256/1055
f 707/352/1056 1410/351/1056 696/257/1056
f 708/350/1057 1407/342/1057 1410/351/1057
f 709/349/1058 1404/339/1058 1407/342/1058
f 1413/359/1059 1414/361/1059 1417/360/1059
f 1414/361/1060 1415/363/1060 1418/362/1060
f 1415/363/1061 621/237/1061 620/238/1061
f 1418/362/2092 620/238/2092 264/370/2092
f 1417/360/2093 1418/362/2093 701/369/2093
f 1416/365/1064 1417/360/1064 700/368/1064
f 705/366/1065 1416/365/1065 699/367/1065
f 706/364/1066 1413/359/1066 1416/365/1066
f 1419/371/1067 1420/373/1067 1423/372/1067
f 1420/373/1068 1421/375/1068 1424/374/1068
f 1421/375/1069 706/364/1069 705/366/1069
f 1424/374/1070 705/366/1070 275/347/1070
f 1423/372/1071 1424/374/1071 704/381/1071
f 1422/377/1072 1423/372/1072 703/380/1072
f 698/378/2094 1422/377/2094 702/379/2094
f 697/376/1074 1419/371/1074 1422/377/1074
f 1425/382/2095 1426/384/2095 1429/383/2095
f 1426/384/1076 1427/388/1076 1430/387/1076
f 1428/877/1077 1429/383/1077 1432/386/1077
f 1429/383/1078 1430/387/1078 1433/389/1078
f 274/72/2096 702/379/2096 1425/382/2096
f 702/379/2097 703/380/2097 1426/384/2097
f 703/380/2098 704/381/2098 1427/388/2098
f 704/381/2099 275/347/2099 709/349/2099
f 1427/388/1083 709/349/1083 708/350/1083
f 1430/387/1084 708/350/1084 707/352/1084
f 1433/389/1085 707/352/1085 273/258/1085
f 1432/386/1086 1433/389/1086 643/393/1086
f 1431/390/2100 1432/386/2100 644/392/2100
f 648/68/1088 1431/390/1088 645/391/1088
f 647/69/2101 1428/877/2101 1431/390/2101
f 646/70/2102 1425/382/2102 1428/877/2102
f 1434/394/1091 1435/396/1091 1438/395/1091
f 1435/396/2103 1436/400/2103 1439/399/2103
f 1437/397/2104 1438/395/2104 1441/398/2104
f 1438/395/1094 1439/399/1094 1442/401/1094
f 268/402/1095 684/305/1095 1434/394/1095
f 683/306/2105 1435/396/2105 1434/394/2105
f 682/308/2106 1436/400/2106 1435/396/2106
f 248/410/2107 585/409/2107 1436/400/2107
f 1436/400/1099 585/409/1099 584/408/1099
f 1439/399/1100 584/408/1100 583/407/1100
f 1442/401/1101 583/407/1101 259/336/1101
f 1441/398/2108 1442/401/2108 712/337/2108
f 1440/405/1103 1441/398/1103 711/338/1103
f 716/406/2109 1440/405/2109 710/324/2109
f 717/404/2110 1437/397/2110 1440/405/2110
f 718/403/2111 1434/394/2111 1437/397/2111
f 1443/411/1107 1444/413/1107 1447/412/1107
f 1444/413/1108 1445/417/1108 1448/416/1108
f 1446/414/1109 1447/412/1109 1450/415/1109
f 1447/412/1110 1448/416/1110 1451/418/1110
f 253/15/2112 633/419/2112 1443/411/2112
f 633/419/1112 632/429/1112 1444/413/1112
f 632/429/2113 631/427/2113 1445/417/2113
f 631/427/2114 290/428/2114 821/426/2114
f 1445/417/1115 821/426/1115 822/425/1115
f 1448/416/1116 822/425/1116 823/424/1116
f 1451/418/2115 823/424/2115 288/423/2115
f 1450/415/1118 1451/418/1118 808/422/1118
f 1450/415/1119 807/446/1119 806/421/1119
f 1449/420/2116 806/421/2116 271/46/2116
f 1446/414/1121 1449/420/1121 690/44/1121
f 688/49/1122 1443/411/1122 1446/414/1122
f 1452/430/1123 1453/432/1123 1456/878/1123
f 1453/432/1124 1454/436/1124 1457/435/1124
f 1455/433/2117 1456/878/2117 1459/879/2117
f 1456/878/2118 1457/435/2118 1460/437/2118
f 271/46/1127 806/421/1127 1452/430/1127
f 806/421/1128 807/446/1128 1453/432/1128
f 807/446/1129 808/422/1129 1454/436/1129
f 808/422/2119 288/423/2119 830/445/2119
f 1454/436/2120 830/445/2120 831/880/2120
f 1457/435/1132 831/880/1132 832/443/1132
f 1460/437/2121 832/443/2121 289/442/2121
f 1459/879/2122 1460/437/2122 362/441/2122
f 1458/438/2123 1459/879/2123 363/440/2123
f 639/43/2124 1458/438/2124 364/439/2124
f 638/48/1137 1455/433/1137 1458/438/1137
f 637/45/1138 1452/430/1138 1455/433/1138
f 1461/447/2125 1462/449/2125 1465/448/2125
f 1462/449/1140 1463/453/1140 1466/452/1140
f 1464/450/2126 1465/448/2126 1468/451/2126
f 1465/448/2127 1466/452/2127 1469/454/2127
f 266/455/2128 678/282/2128 1461/447/2128
f 678/282/2129 677/283/2129 1462/449/2129
f 677/283/2130 676/284/2130 1463/453/2130
f 676/284/2131 246/285/2131 578/462/2131
f 1463/453/2132 578/462/2132 577/461/2132
f 1466/452/1148 577/461/1148 576/460/1148
f 1469/454/2133 576/460/2133 257/312/2133
f 1468/451/1151 1469/454/1151 724/313/1151
f 1467/458/1152 1468/451/1152 723/314/1152
f 728/459/1153 1467/458/1153 722/301/1153
f 729/881/2134 1464/450/2134 1467/458/2134
f 730/456/2135 1461/447/2135 1464/450/2135
f 1470/463/2136 1471/465/2136 1474/464/2136
f 1471/465/2137 1472/469/2137 1475/468/2137
f 1473/466/1159 1474/464/1159 1477/467/1159
f 1474/464/1160 1475/468/1160 1478/470/1160
f 252/25/2138 627/471/2138 1470/463/2138
f 627/471/1162 626/481/1162 1471/465/1162
f 626/481/1163 625/479/1163 1472/469/1163
f 625/479/2139 287/480/2139 818/478/2139
f 1472/469/2140 818/478/2140 819/477/2140
f 1475/468/2141 819/477/2141 820/476/2141
f 1478/470/2142 820/476/2142 286/475/2142
f 1477/467/2143 1478/470/2143 802/474/2143
f 1476/472/1169 1477/467/1169 801/473/1169
f 1476/472/1170 800/490/1170 269/20/1170
f 1473/466/2144 1476/472/2144 687/18/2144
f 685/24/1172 1470/463/1172 1473/466/1172
f 1479/482/1173 1480/484/1173 1483/483/1173
f 1480/484/2145 1481/488/2145 1484/487/2145
f 1482/485/2146 1483/483/2146 1486/882/2146
f 1483/483/1176 1484/487/2147 1487/489/1176
f 269/20/1177 800/490/1177 1479/482/1177
f 800/490/1178 801/473/1178 1480/484/1178
f 801/473/2148 802/474/2148 1481/488/2148
f 802/474/2149 286/475/2149 827/494/2149
f 1481/488/1181 827/494/1181 828/883/1181
f 1484/487/2150 828/883/2150 829/492/2150
f 1487/489/1183 829/492/1183 290/428/1183
f 1486/882/2151 1487/489/2151 631/427/2151
f 1485/491/2152 1486/882/2152 632/429/2152
f 636/17/1186 1485/491/1186 633/419/1186
f 635/22/1187 1482/485/1187 1485/491/1187
f 634/19/1188 1479/482/1188 1482/485/1188
f 1490/496/2153 1488/499/2153 1502/495/2153
f 1492/508/2154 1488/499/2154 1490/496/2154
f 1493/507/2155 1494/505/2155 1488/499/2155
f 1496/502/2156 1488/499/2156 1494/505/2156
f 1498/503/2157 1488/499/2157 1496/502/2157
f 1499/500/2158 1500/501/2158 1488/499/2158
f 1501/498/2159 1502/495/2159 1488/499/2159
f 675/511/2160 1489/884/2160 742/510/2160
f 674/514/1197 1490/496/1197 1489/884/1197
f 1489/884/2161 1502/495/2161 741/513/2161
f 283/529/2162 784/530/2162 1491/509/2162
f 783/532/2163 1492/508/2163 1491/509/2163
f 673/531/2164 1491/509/1201 1490/496/1201
f 282/526/1202 778/527/1202 1493/507/1202
f 778/527/1203 777/524/1203 1494/505/1203
f 782/528/2165 1493/507/2165 1492/508/2165
f 281/522/1205 772/523/1205 1495/506/1205
f 772/523/1206 771/520/1206 1496/502/1206
f 1495/506/2166 1494/505/2166 777/524/2166
f 582/518/1208 1497/504/1208 770/517/1208
f 581/521/1209 1498/503/1209 1497/504/1209
f 1497/504/2167 1496/502/2167 771/520/2167
f 258/289/1211 736/290/1211 1499/500/1211
f 736/290/2168 735/291/2168 1500/501/2168
f 580/516/2169 1499/500/2169 1498/503/2169
f 740/515/1214 1501/498/1214 734/277/1214
f 740/515/2170 741/513/2170 1502/495/2170
f 1501/498/1216 1500/501/1216 735/291/1216
f 1503/533/2171 1504/535/2171 1507/534/2171
f 1504/535/2172 1505/539/2172 1508/538/2172
f 1506/536/2173 1507/534/2173 1510/537/2173
f 1507/534/2174 1508/538/2174 1511/540/2174
f 251/133/2175 624/541/2175 1503/533/2175
f 624/541/1222 623/552/1222 1504/535/1222
f 623/552/2176 622/550/2176 1505/539/2176
f 622/550/2177 285/551/2177 815/549/2177
f 1505/539/2178 815/549/2178 816/548/2178
f 1508/538/2179 816/548/2179 817/547/2179
f 1511/540/2180 817/547/2180 291/546/2180
f 1510/537/1228 1511/540/1228 814/545/1228
f 1509/542/2181 1510/537/2181 813/544/2181
f 681/127/2182 1509/542/2182 812/543/2182
f 680/865/2183 1506/536/2183 1509/542/2183
f 679/132/2184 1503/533/2184 1506/536/2184
f 1512/553/2185 1513/555/2185 1516/554/2185
f 1513/555/2186 1514/559/2186 1517/558/2186
f 1515/556/2187 1516/554/2187 1519/557/2187
f 1516/554/1236 1517/558/1236 1520/560/1236
f 267/129/2188 812/543/2188 1512/553/2188
f 812/543/2189 813/544/2189 1513/555/2189
f 813/544/2190 814/545/2190 1514/559/2190
f 814/545/2191 291/546/2191 824/564/2191
f 1514/559/1241 824/564/1241 825/563/1241
f 1517/558/2192 825/563/2192 826/562/2192
f 1520/560/1243 826/562/1243 287/480/1243
f 1519/557/2193 1520/560/2193 625/479/2193
f 1518/561/2194 1519/557/2194 626/481/2194
f 630/126/2195 1518/561/2195 627/471/2195
f 629/130/1247 1515/556/1247 1518/561/1247
f 628/128/1248 1512/553/1248 1515/556/1248
f 1522/566/1249 1525/569/1249 1524/565/1249
f 1523/570/1250 1526/572/1250 1525/569/1250
f 1524/565/2196 1525/569/2196 1528/568/2196
f 1525/569/2197 1526/572/2197 1529/571/2198
f 595/574/2199 1521/567/2199 754/573/2199
f 596/583/2200 1522/566/2200 1521/567/2200
f 1522/566/1255 596/583/1255 1716/582/1255
f 1718/581/1255 1721/932/1255 1523/570/1255
f 1522/566/1255 1716/582/1255 1718/581/1255
f 691/580/1256 692/579/1256 1526/572/1256
f 1526/572/1257 692/579/1257 693/578/1257
f 1529/571/2201 693/578/2201 272/113/2201
f 1528/568/1259 1529/571/1259 748/112/1259
f 1527/576/2202 1528/568/2202 747/114/2202
f 752/577/1261 1527/576/1262 746/100/1261
f 753/575/1263 1524/565/1263 1527/576/1263
f 754/573/1264 1521/567/1264 1524/565/1264
f 1530/584/1265 1531/586/1265 1534/585/1265
f 1531/586/2203 1532/590/2203 1535/589/2203
f 1533/587/1267 1534/585/1267 1537/588/1267
f 1534/585/1268 1535/589/1268 1538/591/1268
f 249/592/1269 661/593/1269 1530/584/1269
f 661/593/1270 662/602/1270 1531/586/1270
f 662/602/1271 663/601/1271 1532/590/1271
f 663/601/2204 261/85/2204 754/573/2204
f 1532/590/1273 754/573/1273 753/575/1273
f 1535/589/1274 753/575/1274 752/577/1274
f 1538/591/1275 752/577/1275 279/99/1275
f 1537/588/1276 1538/591/1276 751/600/1276
f 1536/596/1277 1537/588/1277 750/599/1277
f 586/597/1278 1536/596/1278 749/598/1278
f 587/595/1279 1533/587/1279 1536/596/1279
f 588/594/1280 1530/584/1280 1533/587/1280
f 1539/603/2205 1540/605/2205 1543/604/2205
f 1540/605/1282 1541/609/1282 1544/608/1282
f 1542/606/2206 1543/604/2206 1546/607/2206
f 1543/604/2207 1544/608/2207 1547/610/2207
f 260/611/1285 749/598/1285 1539/603/1285
f 749/598/2208 750/599/2208 1540/605/2208
f 750/599/1287 751/600/1287 1541/609/1287
f 751/600/1288 279/99/1288 757/101/1288
f 1541/609/2209 757/101/2209 756/102/2209
f 1544/608/2210 756/102/2210 755/104/2210
f 1547/610/2211 755/104/2211 262/619/2211
f 1546/607/1292 1547/610/1292 603/618/1292
f 1545/614/1293 1546/607/1293 604/617/1293
f 658/615/2212 1545/614/2212 605/616/2212
f 659/613/2213 1542/606/2213 1545/614/2213
f 660/612/1296 1539/603/1296 1542/606/1296
f 1549/623/1298 1548/628/1298 1736/622/1298
f 1736/622/1298 1739/621/1298 1550/620/1298
f 1549/623/2214 1550/620/2214 1553/624/2214
f 1550/620/2215 1551/626/2215 1554/625/2215
f 1551/626/1012 697/376/1012 698/378/1012
f 1554/625/2216 698/378/2216 274/72/2216
f 1553/624/2217 1554/625/2217 760/71/2217
f 1552/630/2218 1553/624/2218 759/73/2218
f 764/631/1304 1552/630/1304 758/59/1304
f 765/629/1305 1549/623/1305 1552/630/1305
f 766/627/2219 1548/628/2219 1549/623/2219
f 1555/632/2220 1556/634/2221 1559/633/2221
f 1556/634/1308 1557/638/1308 1560/637/1308
f 1558/635/1309 1559/633/1309 1562/636/1309
f 1559/633/1310 1560/637/1310 1563/639/1310
f 1557/638/1311 766/627/1311 765/629/1311
f 1560/637/1312 765/629/1312 764/631/1312
f 1563/639/2222 764/631/2222 280/58/2222
f 1562/636/1314 1563/639/1314 763/646/1314
f 1561/642/2223 1562/636/2223 762/645/2223
f 693/643/1316 1561/642/1316 761/644/1316
f 692/641/2224 1558/635/2224 1561/642/2224
f 691/640/1318 1555/632/1318 1558/635/1318
f 1564/647/2225 1565/649/2225 1568/648/2225
f 1565/649/2226 1566/653/2226 1569/652/2226
f 1567/650/2227 1568/648/2227 1571/651/2227
f 1568/648/1322 1569/652/1322 1572/654/1322
f 272/113/2228 761/655/2228 1564/647/2228
f 761/655/2229 762/662/2229 1565/649/2229
f 762/662/1325 763/661/1325 1566/653/1325
f 763/661/2230 280/58/2230 769/60/2230
f 1566/653/2231 769/60/2231 768/61/2231
f 1569/652/2232 768/61/2232 767/63/2232
f 1572/654/2233 767/63/2233 263/660/2233
f 1571/651/1330 1572/654/1330 606/659/1330
f 1570/656/2234 1571/651/2234 607/658/2234
f 642/109/1332 1570/656/1332 608/657/1332
f 641/110/1333 1567/650/1333 1570/656/1333
f 640/111/2235 1564/647/2235 1567/650/2235
f 1575/664/1335 1573/667/1335 1585/663/1335
f 1576/675/2236 1577/673/2236 1573/667/2236
f 1579/670/1337 1573/667/1337 1577/673/1337
f 1581/671/2237 1573/667/2237 1579/670/2237
f 1582/668/2238 1583/669/2238 1573/667/2238
f 1584/666/1340 1585/663/1340 1573/667/1340
f 837/887/2239 1575/664/2239 1574/665/2239
f 1574/665/1342 1585/663/1342 601/134/1342
f 292/690/2240 597/691/2240 1576/675/2240
f 597/691/2241 598/689/2241 1577/673/2241
f 838/692/2242 1576/675/2242 1575/664/2242
f 588/688/1346 1578/674/1346 599/687/1346
f 587/685/1347 1579/670/1347 1578/674/1347
f 1578/674/1348 1577/673/1348 598/689/1348
f 660/684/1349 1580/672/1349 586/683/1349
f 659/686/2243 1581/671/2243 1580/672/2243
f 1580/672/2244 1579/670/2244 587/685/2244
f 839/680/2245 1582/668/1352 658/679/1352
f 840/682/1353 1583/669/1353 1582/668/1353
f 658/679/2246 1582/668/2246 1581/671/2246
f 251/133/2247 600/131/2247 1584/666/2247
f 600/131/2248 601/134/2248 1585/663/2248
f 841/678/1357 1584/666/1357 1583/669/1357
f 1586/693/2249 1587/695/2249 1590/694/2249
f 1587/695/1359 1588/699/1359 1591/698/1359
f 1589/696/1360 1590/694/1360 1593/697/1360
f 1590/694/1361 1591/698/2250 1594/700/2250
f 281/701/1362 776/702/1362 1586/693/1362
f 776/702/2251 777/709/2251 1587/695/2251
f 777/709/2252 778/707/2252 1588/699/2252
f 778/707/2253 282/708/2253 781/706/2253
f 1588/699/2254 781/706/2254 780/705/2254
f 1591/698/2255 780/705/2255 779/704/2255
f 1594/700/2256 779/704/2256 256/859/2256
f 1593/697/1369 1594/700/1369 645/391/1369
f 1592/703/1370 1593/697/1370 644/392/1370
f 773/259/2257 1592/703/2257 643/393/2257
f 774/260/1372 1589/696/1372 1592/703/1372
f 775/262/2258 1586/693/2258 1589/696/2258
f 1595/710/1374 1596/712/1374 1599/711/1374
f 1597/715/1375 1600/717/1375 1599/711/1375
f 1598/713/1376 1599/711/1376 1602/714/1376
f 1599/711/1377 1600/717/1377 1603/716/1377
f 282/708/1378 782/718/1378 1595/710/1378
f 783/888/2259 1596/712/2259 1595/710/2259
f 784/724/2260 1597/715/2260 1596/712/2260
f 283/723/2261 787/889/2261 1597/715/2261
f 787/889/2262 786/721/2262 1600/717/2262
f 1600/717/1383 786/721/1383 785/720/1383
f 1603/716/1384 785/720/1384 263/660/1384
f 1602/714/2263 1603/716/2263 669/64/2263
f 1601/719/1386 1602/714/1386 668/65/1386
f 779/704/2264 1601/719/2264 667/66/2264
f 780/705/1388 1598/713/1388 1601/719/1388
f 781/706/1389 1595/710/1389 1598/713/1389
f 1606/727/1390 1604/732/1390 1614/726/1390
f 1607/736/2265 1608/733/2265 1604/732/2265
f 1610/890/2266 1604/732/2266 1608/733/2266
f 1611/731/2267 1612/729/2267 1604/732/2267
f 1614/726/1394 1604/732/1394 1612/729/1394
f 673/737/1395 1605/728/1395 787/889/1395
f 674/738/2268 1606/727/2268 1605/728/2268
f 1605/728/1397 1614/726/1397 786/721/1397
f 265/512/2269 788/745/2269 1607/736/2269
f 788/745/2270 789/743/2270 1608/733/2270
f 675/746/2271 1607/736/2271 1606/727/2271
f 793/741/2272 1609/735/2272 790/740/2272
f 792/744/1402 1610/890/1402 1609/735/1402
f 1609/735/2273 1608/733/2273 789/743/2273
f 255/108/2274 608/657/2274 1611/731/2274
f 608/657/1405 607/658/1405 1612/729/1405
f 791/739/2275 1611/731/2275 1610/890/2275
f 785/720/1407 1613/730/1407 606/659/1407
f 786/721/1408 1614/726/1408 1613/730/1408
f 1613/730/1409 1612/729/1409 607/658/1409
f 1615/747/2276 1616/749/2276 1619/748/2276
f 1616/749/1411 1617/753/1411 1620/752/1411
f 1618/750/2277 1619/748/2277 1622/751/2277
f 1619/748/1413 1620/752/1413 1623/754/1413
f 284/742/2278 794/755/2278 1615/747/2278
f 794/755/2279 795/761/2279 1616/749/2279
f 795/761/2280 796/760/2280 1617/753/2280
f 796/760/2281 285/551/2281 799/759/2281
f 1617/753/1418 799/759/1418 798/758/1418
f 1620/752/2282 798/758/2282 797/891/2282
f 1623/754/2283 797/891/2283 262/619/2283
f 1622/751/2284 1623/754/2284 666/105/2284
f 1621/756/1422 1622/751/1422 665/106/1422
f 791/739/2285 1621/756/2285 664/107/2285
f 792/744/2286 1618/750/2286 1621/756/2286
f 793/741/2287 1615/747/2287 1618/750/2287
f 1624/762/2288 1625/764/2288 1628/892/2288
f 1625/764/1427 1626/768/1427 1629/767/1427
f 1627/765/2289 1628/892/2289 1631/766/2289
f 1628/892/1429 1629/767/1429 1632/769/1429
f 285/551/2290 622/550/2290 1624/762/2290
f 622/550/2291 623/778/2291 1625/764/2291
f 623/778/2292 624/776/2292 1626/768/2292
f 624/776/2293 251/777/2293 841/775/2293
f 1626/768/2294 841/775/2294 840/774/2294
f 1629/767/2295 840/774/2295 839/680/2295
f 1632/769/1436 839/680/1436 250/681/1436
f 1631/766/1437 1632/769/1437 605/773/1437
f 1630/770/2296 1631/766/2296 604/772/2296
f 797/891/2297 1630/770/2297 603/771/2297
f 798/758/2298 1627/765/2298 1630/770/2298
f 799/759/2299 1624/762/2299 1627/765/2299
f 1635/780/1442 1633/785/1442 1643/779/1442
f 1636/789/2300 1637/786/2300 1633/785/2300
f 1639/787/2301 1633/785/2301 1637/786/2301
f 1640/784/1445 1641/782/1445 1633/785/1445
f 1643/779/1446 1633/785/1446 1641/782/1446
f 285/551/2302 796/760/2302 1634/781/2302
f 795/761/1448 1635/780/1448 1634/781/1448
f 815/549/1449 1634/781/1449 1643/779/1449
f 284/793/1450 790/794/1450 1636/789/1450
f 790/794/2303 789/743/2303 1637/786/2303
f 794/795/1452 1636/789/1452 1635/780/1452
f 742/510/2304 1638/788/2304 788/745/2304
f 741/513/1454 1639/787/1454 1638/788/1454
f 1638/788/2305 1637/786/2305 789/743/2305
f 278/276/2306 739/792/2306 1640/784/2306
f 739/792/2307 738/791/2307 1641/782/2307
f 740/515/2308 1640/784/2308 1639/787/2308
f 817/547/2309 1642/783/2309 737/790/2309
f 816/548/1460 1643/779/1460 1642/783/1460
f 1642/783/1461 1641/782/1461 738/791/1461
f 1644/796/2310 1645/798/2310 1648/797/2310
f 1645/798/2311 1646/802/2311 1649/801/2311
f 1647/799/1464 1648/797/1464 1651/800/1464
f 1648/797/2312 1649/801/2312 1652/803/2312
f 287/480/2313 805/804/2313 1644/796/2313
f 805/804/2314 804/810/2314 1645/798/2314
f 804/810/2315 803/809/2315 1646/802/2315
f 803/809/2316 266/455/2316 730/456/2316
f 1646/802/2317 730/456/2317 729/881/2317
f 1649/801/2318 729/881/2318 728/459/2318
f 1652/803/2319 728/459/2319 277/302/2319
f 1651/800/1473 1652/803/1473 727/808/1473
f 1650/805/1474 1651/800/1474 726/807/1474
f 820/476/2320 1650/805/2320 725/806/2320
f 819/477/2321 1647/799/2321 1650/805/2321
f 818/478/2322 1644/796/2322 1647/799/2322
f 1653/811/1478 1654/813/1478 1657/812/1478
f 1654/813/2323 1655/817/2323 1658/816/2323
f 1656/814/2324 1657/812/2324 1660/815/2324
f 1657/812/2325 1658/816/2325 1661/818/2325
f 290/428/2326 811/819/2326 1653/811/2326
f 811/819/2327 810/893/2327 1654/813/2327
f 810/893/2328 809/824/2328 1655/817/2328
f 809/824/1485 268/402/1485 718/403/1485
f 1655/817/2329 718/403/2329 717/404/2329
f 1658/816/2330 717/404/2330 716/406/2330
f 1661/818/2331 716/406/2331 276/323/2331
f 1660/815/1489 1661/818/1489 715/823/1489
f 1659/820/2332 1660/815/2332 714/822/2332
f 823/424/2333 1659/820/2333 713/821/2333
f 822/425/2334 1656/814/2334 1659/820/2334
f 821/426/1493 1653/811/1493 1656/814/1493
f 1662/826/2335 1663/828/2335 1666/827/2335
f 1663/828/2336 1664/832/2336 1667/831/2336
f 1665/829/1496 1666/827/1496 1669/830/1496
f 1666/827/2337 1667/831/2337 1670/833/2337
f 291/546/1498 737/790/1498 1662/826/1498
f 737/790/2338 738/791/2338 1663/828/2338
f 738/791/2339 739/792/2339 1664/832/2339
f 739/792/1501 278/276/1501 745/278/1501
f 1664/832/1502 745/278/1502 744/279/1502
f 1667/831/2340 744/279/2340 743/871/2340
f 1670/833/2341 743/871/2341 266/455/2341
f 1669/830/1505 1670/833/1505 803/809/1505
f 1668/834/1506 1669/830/1506 804/810/1506
f 826/562/2342 1668/834/2342 805/804/2342
f 825/563/2343 1665/829/2343 1668/834/2343
f 824/564/1509 1662/826/1509 1665/829/1509
f 1671/835/1510 1672/837/1510 1675/894/1510
f 1672/837/2344 1673/841/2344 1676/895/2344
f 1674/838/1512 1675/894/1512 1678/839/1512
f 1675/894/2345 1676/895/2345 1679/842/2345
f 286/475/2346 725/806/2346 1671/835/2346
f 725/806/2347 726/807/2347 1672/837/2347
f 726/807/1516 727/808/1516 1673/841/1516
f 727/808/2348 277/302/2348 733/300/2348
f 1673/841/2349 733/300/2349 732/873/2349
f 1676/895/2350 732/873/2350 731/304/2350
f 1679/842/1520 731/304/1520 268/402/1520
f 1678/839/1521 1679/842/1521 809/824/1521
f 1677/843/2351 1678/839/2351 810/893/2351
f 829/492/1523 1677/843/1523 811/819/1523
f 828/883/1524 1674/838/1524 1677/843/1524
f 827/494/1525 1671/835/1525 1674/838/1525
f 1680/844/2352 1681/846/2352 1684/845/2352
f 1681/846/2353 1682/850/2353 1685/849/2353
f 1683/847/2354 1684/845/2354 1687/848/2354
f 1684/845/2355 1685/849/2355 1688/851/2355
f 288/423/2356 713/821/2356 1680/844/2356
f 713/821/2357 714/822/2357 1681/846/2357
f 714/822/2358 715/823/2358 1682/850/2358
f 715/823/2359 276/323/2359 721/325/2359
f 1682/850/2360 721/325/2360 720/876/2360
f 1685/849/2361 720/876/2361 719/327/2361
f 1688/851/1536 719/327/1536 270/856/1536
f 1687/848/2362 1688/851/2362 540/855/2362
f 1686/852/2363 1687/848/2363 541/854/2363
f 832/443/2364 1686/852/2364 542/853/2364
f 831/880/2365 1683/847/2365 1686/852/2365
f 830/445/2366 1680/844/2366 1683/847/2366
f 1722/896/1542 1725/898/1542 1555/632/1542
f 572/692/2367 1811/962/2367 1816/897/2367
f 1816/897/2367 1820/963/2367 571/676/2367
f 1900/896/1544 422/640/1544 1134/632/1544
f 1312/117/1545 1784/964/1545 1785/899/1545
f 1785/899/1545 1786/965/1545 1313/116/1545
f 1826/900/2368 1828/949/2368 570/677/2368
f 843/4/2369 1847/966/2369 1848/902/2369
f 1848/902/2369 1849/947/2369 314/14/2369
f 1002/375/1548 1893/929/1548 1866/903/1548
f 1866/903/2370 1865/967/2370 1000/373/2370
f 1269/4/1549 1777/966/1549 1778/904/1549
f 1778/904/1549 1780/968/1549 1270/3/1549
f 1270/3/1550 1780/968/1550 1779/905/1550
f 1779/905/1550 1781/951/1550 1271/857/1550
f 1000/373/1551 1865/967/1551 1864/906/1551
f 1864/906/1551 1891/959/1551 998/371/1551
f 852/3/1553 1845/968/1553 1846/904/1553
f 1846/904/1553 1847/966/1553 843/4/1553
f 292/690/1556 1697/928/1556 597/691/1556
f 1697/928/1556 1698/907/1556 597/691/1556
f 1842/912/1558 1843/951/1558 851/12/1558
f 851/12/2371 1843/951/2371 1844/913/2371
f 1844/913/1560 1845/968/1560 852/3/1560
f 1882/914/2372 1140/638/2372 497/627/2372
f 992/359/1562 1869/925/1562 1868/915/1562
f 1868/915/2373 1894/930/2373 437/364/2373
f 1555/632/1564 1725/898/1564 1726/916/1564
f 1726/916/1564 1729/969/1564 1556/634/1564
f 594/14/1568 1775/947/1568 1776/918/1568
f 1776/918/1568 1777/966/1568 1269/4/2374
f 1419/371/1569 1743/959/1569 1744/919/1569
f 1744/919/1569 1749/970/1569 1420/373/1569
f 1756/920/1570 1754/924/1570 1415/363/1570
f 1281/29/2375 1771/971/2375 1772/921/2375
f 1772/921/1571 1773/944/1571 1282/38/1571
f 1741/922/1572 1742/956/1572 697/376/1572
f 1314/125/2376 1789/972/2376 1790/923/2376
f 1790/923/1573 1791/973/1573 602/136/1573
f 1754/924/2377 1757/236/2377 621/237/2377
f 571/676/2378 1820/963/2378 1818/946/2378
f 1819/974/2378 1825/901/2378 570/677/2378
f 571/676/2378 1818/946/2378 570/677/2378
f 1869/925/1575 992/359/1575 994/361/1575
f 1727/926/2379 1731/909/2379 766/627/2379
f 837/887/2380 1693/963/2380 1694/897/2380
f 1694/897/2381 1695/962/2381 838/692/2381
f 599/687/1578 1703/937/1578 1704/927/1578
f 1704/927/2382 579/79/2382 249/80/2382
f 317/691/1579 1803/908/1579 1802/907/1579
f 1802/907/1579 1805/928/1579 317/691/1579
f 1893/929/1581 1002/375/1581 437/364/1581
f 1722/931/1582 691/580/1582 1523/570/1582
f 318/689/1584 1796/950/1584 1794/933/1584
f 1794/933/1584 1803/908/1584 317/691/1584
f 1799/934/2383 1800/955/2383 296/79/2383
f 598/689/2384 1701/975/2384 599/687/2384
f 1701/975/2385 1702/936/2385 599/687/2385
f 1556/634/1587 1729/969/1587 1728/938/1587
f 1728/938/1587 1727/926/1587 1557/638/1587
f 854/30/2386 1763/976/2386 1764/939/2386
f 308/40/2387 854/30/2387 1764/939/2387
f 1751/929/1590 1752/930/1590 706/364/1590
f 1867/924/1591 996/363/1591 346/237/1591
f 863/29/1592 1854/971/1592 1853/977/1592
f 1853/977/2388 1761/941/2388 863/29/2388
f 1761/941/1592 1762/978/1592 854/30/1592
f 1762/978/2389 1763/976/2389 854/30/2389
f 182/1/1594 180/1/1594 1742/1/1594
f 1132/626/1595 1889/922/1595 1888/942/1595
f 1888/942/1595 1887/621/1595 1130/620/1595
f 314/14/1597 1849/947/1597 862/38/1597
f 1849/947/1597 1850/943/1597 862/38/1597
f 894/125/1598 1836/972/1598 1834/979/1598
f 1835/945/1598 1838/965/1598 895/116/1598
f 894/125/1598 1834/979/1598 1835/945/1598
f 836/677/2390 1690/901/2390 1691/974/2390
f 1691/974/2391 1692/946/2391 836/677/2391
f 1692/946/1599 1693/963/1599 837/887/1599
f 1902/916/1600 1901/898/1600 1134/632/1600
f 1282/38/1601 1773/944/1601 1774/943/1601
f 1774/943/2392 1775/947/2392 1282/38/2392
f 1550/620/1603 1739/621/1603 1740/948/1603
f 1740/948/1603 1741/922/1603 1551/626/1603
f 895/116/1604 1838/965/1604 1839/899/1604
f 1839/899/1604 1840/964/1604 886/117/1604
f 1689/900/2393 1690/901/2393 836/677/2393
f 1420/373/2394 1749/970/2394 1750/903/2394
f 1750/903/1606 1751/929/1606 1421/375/1606
f 319/687/2395 1801/980/2395 1795/936/2395
f 1795/936/2396 1796/950/2396 319/687/2396
f 570/677/1608 1828/949/1608 322/136/1608
f 1828/949/1608 1827/973/1608 322/136/1608
f 1140/638/1609 1882/914/1609 1881/938/1609
f 1782/912/1610 591/27/1610 1271/857/1610
f 1280/30/2397 1767/976/2397 1768/978/2397
f 1768/978/1611 1769/941/1611 1280/30/1611
f 1769/941/2398 1770/977/2398 1281/29/2398
f 1770/977/1611 1771/971/1611 1281/29/1611
f 1755/952/1612 1756/920/1612 1414/361/1612
f 862/38/1614 1852/944/1614 1851/921/1614
f 1851/921/2399 1854/971/2399 863/29/2399
f 597/691/2400 1699/908/2400 1700/953/2400
f 1700/953/2400 1701/975/2400 598/689/2400
f 838/692/2401 1695/962/2401 1696/954/2401
f 1696/954/2402 1697/928/2402 292/690/2402
f 602/136/2403 1791/973/2403 1792/949/2403
f 1792/949/2403 836/677/2403 602/136/2403
f 1870/920/1618 994/361/1618 996/363/1618
f 308/40/1619 1766/940/1619 1765/939/1619
f 1765/939/2404 1767/976/2404 1280/30/2404
f 296/79/2405 1800/955/2405 203/80/2405
f 1800/955/1620 1801/980/1620 319/687/1620
f 243/690/2406 1805/928/2406 1804/954/2406
f 1804/954/2407 1811/962/2407 572/692/2407
f 1900/931/1622 1899/932/1622 1106/570/1622
f 1742/956/2408 1743/959/2408 1419/371/2408
f 591/27/1625 1782/912/1625 1783/957/1625
f 1783/957/2409 1784/964/2409 1312/117/2409
f 322/136/1626 1827/973/1626 1831/923/1626
f 1831/923/1626 1836/972/1626 894/125/1626
f 886/117/2410 1840/964/2410 1841/957/2410
f 1841/957/1627 1842/912/1627 311/27/1627
f 706/364/1629 1752/930/1629 1753/958/1629
f 1753/958/1629 1755/952/1629 1413/359/1629
f 177/1/1633 174/1/1633 1722/1/1633
f 1890/956/1634 428/376/1634 998/371/1634
f 1705/934/2411 1706/935/2411 579/79/2411
f 1889/922/1637 1132/626/1637 428/376/1637
f 1313/116/1639 1786/965/1639 1787/945/1639
f 1787/945/1639 1788/979/1639 1314/125/1639
f 1788/979/2412 1789/972/2412 1314/125/2412
